2026-09-23T00:37:40+05:30
SOURCE_COMMIT=2cb8bb85086b6eb26bfa6fbb7f7703730d66abac
PHASE4A_SCOPE=isolated-core-build-only
               total        used        free      shared  buff/cache   available
Mem:            7485        1799        5184          13         722        5686
Swap:          16383         518       15865
-- Configurable variable CUDA_CTK_VERSION set to 13.2
-- Configurable variable CUDA_DIR set to /usr/local/cuda/targets/sbsa-linux
-- Plugin NVRTC JIT ENABLED (dynamic): /usr/local/cuda/targets/sbsa-linux/lib/libnvrtc.so
-- NVTX profiling DISABLED (use -DENABLE_NVTX_PROFILING=ON to enable)
-- TensorRT: linking TensorRT (libnvinfer.so) -> /usr/lib/aarch64-linux-gnu/libnvinfer.so
-- FMHA Kernels: Excluding SM architectures: EXCLUDE_SM_87;EXCLUDE_SM_101;EXCLUDE_SM_121
-- CuTe DSL: extracting prebuilt from /home/ajmalrasi/json-schema-phase4a-20260923/source/kernelSrcs/cuteDSLPrebuilt/cutedsl_aarch64_sm_87_cuda13.tar.gz
-- CuTe DSL: f16_moe Ampere grouped GEMM found — CUTE_DSL_F16_MOE_AMPERE_ENABLED set
-- CuTe DSL: gemm_ampere_decode_fp16 variant found — CUTE_DSL_GEMM_AMPERE_DECODE_ENABLED set
-- CuTe DSL: gemm_ampere_small_prefill_fp16 variant found — CUTE_DSL_GEMM_AMPERE_SMALL_PREFILL_ENABLED set
-- CuTe DSL: gemm_ampere_medium_prefill_fp16 variant found — CUTE_DSL_GEMM_AMPERE_MEDIUM_PREFILL_ENABLED set
-- CuTe DSL: gemm_ampere_large_prefill_fp16 variant found — CUTE_DSL_GEMM_AMPERE_LARGE_PREFILL_ENABLED set
-- CuTe DSL: gemm_ampere_splitk4_fp16 — CUTE_DSL_GEMM_AMPERE_SPLITK4_ENABLED set
-- CuTe DSL: gemm_ampere_splitk2_fp16 — CUTE_DSL_GEMM_AMPERE_SPLITK2_ENABLED set
-- CuTe DSL: gemm_ampere_medium_bias_silu_fp16 — CUTE_DSL_GEMM_AMPERE_MEDIUM_BIAS_SILU_ENABLED set
-- CuTe DSL: gemm_ampere_medium_bias_fp16 — CUTE_DSL_GEMM_AMPERE_MEDIUM_BIAS_ENABLED set
-- CuTe DSL: CUTE_DSL_GEMM_ENABLED set (GEMM variants found)
-- CuTe DSL: arch=aarch64  artifact_tag=sm_87  groups=[fmha]  lib=/home/ajmalrasi/json-schema-phase4a-20260923/source/cpp/kernels/cuteDSLArtifact/aarch64/sm_87/libcutedsl_aarch64.a
-- Configuring done (0.3s)
-- Generating done (0.1s)
-- Build files have been written to: /home/ajmalrasi/json-schema-phase4a-20260923/build
[  1%] Building CXX object cpp/CMakeFiles/edgellmXGrammar.dir/home/ajmalrasi/xgrammar-phase0-20260922/xgrammar/cpp/compiled_grammar.cc.o
In file included from /home/ajmalrasi/xgrammar-phase0-20260922/xgrammar/cpp/support/dynamic_bitset.h:22,
                 from /home/ajmalrasi/xgrammar-phase0-20260922/xgrammar/cpp/compiled_grammar_impl.h:19,
                 from /home/ajmalrasi/xgrammar-phase0-20260922/xgrammar/cpp/compiled_grammar.cc:12:
/home/ajmalrasi/xgrammar-phase0-20260922/xgrammar/cpp/support/json_serializer.h: In instantiation of ‘xgrammar::detail::json_serializer::TraitDeserializeJSONValue<xgrammar::AdaptiveTokenMask>(xgrammar::AdaptiveTokenMask*, const picojson::value&, const std::string&)::<lambda(auto:33, const char*, std::size_t)> [with auto:33 = xgrammar::AdaptiveTokenMask::StoreType xgrammar::AdaptiveTokenMask::*; std::size_t = long unsigned int]’:
/home/ajmalrasi/xgrammar-phase0-20260922/xgrammar/cpp/support/reflection.h:159:13:   required from ‘void xgrammar::detail::reflection::visit_config_impl(Fn&&, std::index_sequence<_Idx ...>) [with Ftor = xgrammar::member_functor<xgrammar::AdaptiveTokenMask, xgrammar::member_type::kConfig>; Fn = xgrammar::detail::json_serializer::TraitDeserializeJSONValue<xgrammar::AdaptiveTokenMask>(xgrammar::AdaptiveTokenMask*, const picojson::value&, const std::string&)::<lambda(auto:33, const char*, std::size_t)>&; long unsigned int ...Idx = {0, 1, 2, 3, 4}; std::index_sequence<_Idx ...> = std::integer_sequence<long unsigned int, 0, 1, 2, 3, 4>]’
/home/ajmalrasi/xgrammar-phase0-20260922/xgrammar/cpp/support/reflection.h:226:53:   required from ‘void xgrammar::visit_config(Fn&&) [with T = AdaptiveTokenMask; Fn = detail::json_serializer::TraitDeserializeJSONValue<xgrammar::AdaptiveTokenMask>(xgrammar::AdaptiveTokenMask*, const picojson::value&, const std::string&)::<lambda(auto:33, const char*, std::size_t)>]’
/home/ajmalrasi/xgrammar-phase0-20260922/xgrammar/cpp/support/json_serializer.h:280:22:   required from ‘std::optional<std::variant<xgrammar::DeserializeVersionError, xgrammar::InvalidJSONError, xgrammar::DeserializeFormatError> > xgrammar::detail::json_serializer::TraitDeserializeJSONValue(T*, const picojson::value&, const std::string&) [with T = xgrammar::AdaptiveTokenMask; std::string = std::__cxx11::basic_string<char>]’
/home/ajmalrasi/xgrammar-phase0-20260922/xgrammar/cpp/support/json_serializer.h:471:72:   required from ‘std::optional<std::variant<xgrammar::DeserializeVersionError, xgrammar::InvalidJSONError, xgrammar::DeserializeFormatError> > xgrammar::AutoDeserializeJSONValue(T*, const picojson::value&, const std::string&) [with T = AdaptiveTokenMask; std::string = std::__cxx11::basic_string<char>]’
/home/ajmalrasi/xgrammar-phase0-20260922/xgrammar/cpp/support/json_serializer.h:607:50:   required from ‘std::optional<std::variant<xgrammar::DeserializeVersionError, xgrammar::InvalidJSONError, xgrammar::DeserializeFormatError> > xgrammar::AutoDeserializeJSONValue(T*, const picojson::value&, const std::string&) [with T = std::unordered_map<ParserState, AdaptiveTokenMask, StateHashForCache, StateEqualForCache>; std::string = std::__cxx11::basic_string<char>]’
/home/ajmalrasi/xgrammar-phase0-20260922/xgrammar/cpp/compiled_grammar.cc:212:44:   required from here
/home/ajmalrasi/xgrammar-phase0-20260922/xgrammar/cpp/support/json_serializer.h:280:67: warning: unused parameter ‘idx’ [-Wunused-parameter]
  280 |       visit_config<T>([&](auto ptr, const char* name, std::size_t idx) {
      |                                                       ~~~~~~~~~~~~^~~
/home/ajmalrasi/xgrammar-phase0-20260922/xgrammar/cpp/support/json_serializer.h: In instantiation of ‘xgrammar::detail::json_serializer::TraitDeserializeJSONValue<xgrammar::AdaptiveTokenMask>(xgrammar::AdaptiveTokenMask*, const picojson::value&, const std::string&)::<lambda(auto:33, const char*, std::size_t)> [with auto:33 = std::vector<int> xgrammar::AdaptiveTokenMask::*; std::size_t = long unsigned int]’:
/home/ajmalrasi/xgrammar-phase0-20260922/xgrammar/cpp/support/reflection.h:159:13:   required from ‘void xgrammar::detail::reflection::visit_config_impl(Fn&&, std::index_sequence<_Idx ...>) [with Ftor = xgrammar::member_functor<xgrammar::AdaptiveTokenMask, xgrammar::member_type::kConfig>; Fn = xgrammar::detail::json_serializer::TraitDeserializeJSONValue<xgrammar::AdaptiveTokenMask>(xgrammar::AdaptiveTokenMask*, const picojson::value&, const std::string&)::<lambda(auto:33, const char*, std::size_t)>&; long unsigned int ...Idx = {0, 1, 2, 3, 4}; std::index_sequence<_Idx ...> = std::integer_sequence<long unsigned int, 0, 1, 2, 3, 4>]’
/home/ajmalrasi/xgrammar-phase0-20260922/xgrammar/cpp/support/reflection.h:226:53:   required from ‘void xgrammar::visit_config(Fn&&) [with T = AdaptiveTokenMask; Fn = detail::json_serializer::TraitDeserializeJSONValue<xgrammar::AdaptiveTokenMask>(xgrammar::AdaptiveTokenMask*, const picojson::value&, const std::string&)::<lambda(auto:33, const char*, std::size_t)>]’
/home/ajmalrasi/xgrammar-phase0-20260922/xgrammar/cpp/support/json_serializer.h:280:22:   required from ‘std::optional<std::variant<xgrammar::DeserializeVersionError, xgrammar::InvalidJSONError, xgrammar::DeserializeFormatError> > xgrammar::detail::json_serializer::TraitDeserializeJSONValue(T*, const picojson::value&, const std::string&) [with T = xgrammar::AdaptiveTokenMask; std::string = std::__cxx11::basic_string<char>]’
/home/ajmalrasi/xgrammar-phase0-20260922/xgrammar/cpp/support/json_serializer.h:471:72:   required from ‘std::optional<std::variant<xgrammar::DeserializeVersionError, xgrammar::InvalidJSONError, xgrammar::DeserializeFormatError> > xgrammar::AutoDeserializeJSONValue(T*, const picojson::value&, const std::string&) [with T = AdaptiveTokenMask; std::string = std::__cxx11::basic_string<char>]’
/home/ajmalrasi/xgrammar-phase0-20260922/xgrammar/cpp/support/json_serializer.h:607:50:   required from ‘std::optional<std::variant<xgrammar::DeserializeVersionError, xgrammar::InvalidJSONError, xgrammar::DeserializeFormatError> > xgrammar::AutoDeserializeJSONValue(T*, const picojson::value&, const std::string&) [with T = std::unordered_map<ParserState, AdaptiveTokenMask, StateHashForCache, StateEqualForCache>; std::string = std::__cxx11::basic_string<char>]’
/home/ajmalrasi/xgrammar-phase0-20260922/xgrammar/cpp/compiled_grammar.cc:212:44:   required from here
/home/ajmalrasi/xgrammar-phase0-20260922/xgrammar/cpp/support/json_serializer.h:280:67: warning: unused parameter ‘idx’ [-Wunused-parameter]
/home/ajmalrasi/xgrammar-phase0-20260922/xgrammar/cpp/support/json_serializer.h: In instantiation of ‘xgrammar::detail::json_serializer::TraitDeserializeJSONValue<xgrammar::AdaptiveTokenMask>(xgrammar::AdaptiveTokenMask*, const picojson::value&, const std::string&)::<lambda(auto:33, const char*, std::size_t)> [with auto:33 = xgrammar::DynamicBitset xgrammar::AdaptiveTokenMask::*; std::size_t = long unsigned int]’:
/home/ajmalrasi/xgrammar-phase0-20260922/xgrammar/cpp/support/reflection.h:159:13:   required from ‘void xgrammar::detail::reflection::visit_config_impl(Fn&&, std::index_sequence<_Idx ...>) [with Ftor = xgrammar::member_functor<xgrammar::AdaptiveTokenMask, xgrammar::member_type::kConfig>; Fn = xgrammar::detail::json_serializer::TraitDeserializeJSONValue<xgrammar::AdaptiveTokenMask>(xgrammar::AdaptiveTokenMask*, const picojson::value&, const std::string&)::<lambda(auto:33, const char*, std::size_t)>&; long unsigned int ...Idx = {0, 1, 2, 3, 4}; std::index_sequence<_Idx ...> = std::integer_sequence<long unsigned int, 0, 1, 2, 3, 4>]’
/home/ajmalrasi/xgrammar-phase0-20260922/xgrammar/cpp/support/reflection.h:226:53:   required from ‘void xgrammar::visit_config(Fn&&) [with T = AdaptiveTokenMask; Fn = detail::json_serializer::TraitDeserializeJSONValue<xgrammar::AdaptiveTokenMask>(xgrammar::AdaptiveTokenMask*, const picojson::value&, const std::string&)::<lambda(auto:33, const char*, std::size_t)>]’
/home/ajmalrasi/xgrammar-phase0-20260922/xgrammar/cpp/support/json_serializer.h:280:22:   required from ‘std::optional<std::variant<xgrammar::DeserializeVersionError, xgrammar::InvalidJSONError, xgrammar::DeserializeFormatError> > xgrammar::detail::json_serializer::TraitDeserializeJSONValue(T*, const picojson::value&, const std::string&) [with T = xgrammar::AdaptiveTokenMask; std::string = std::__cxx11::basic_string<char>]’
/home/ajmalrasi/xgrammar-phase0-20260922/xgrammar/cpp/support/json_serializer.h:471:72:   required from ‘std::optional<std::variant<xgrammar::DeserializeVersionError, xgrammar::InvalidJSONError, xgrammar::DeserializeFormatError> > xgrammar::AutoDeserializeJSONValue(T*, const picojson::value&, const std::string&) [with T = AdaptiveTokenMask; std::string = std::__cxx11::basic_string<char>]’
/home/ajmalrasi/xgrammar-phase0-20260922/xgrammar/cpp/support/json_serializer.h:607:50:   required from ‘std::optional<std::variant<xgrammar::DeserializeVersionError, xgrammar::InvalidJSONError, xgrammar::DeserializeFormatError> > xgrammar::AutoDeserializeJSONValue(T*, const picojson::value&, const std::string&) [with T = std::unordered_map<ParserState, AdaptiveTokenMask, StateHashForCache, StateEqualForCache>; std::string = std::__cxx11::basic_string<char>]’
/home/ajmalrasi/xgrammar-phase0-20260922/xgrammar/cpp/compiled_grammar.cc:212:44:   required from here
/home/ajmalrasi/xgrammar-phase0-20260922/xgrammar/cpp/support/json_serializer.h:280:67: warning: unused parameter ‘idx’ [-Wunused-parameter]
/home/ajmalrasi/xgrammar-phase0-20260922/xgrammar/cpp/support/json_serializer.h: In instantiation of ‘xgrammar::detail::json_serializer::TraitDeserializeJSONValue<xgrammar::Grammar::Impl>(xgrammar::Grammar::Impl*, const picojson::value&, const std::string&)::<lambda(auto:33, const char*, std::size_t)> [with auto:33 = std::vector<xgrammar::Grammar::Impl::Rule> xgrammar::Grammar::Impl::*; std::size_t = long unsigned int]’:
/home/ajmalrasi/xgrammar-phase0-20260922/xgrammar/cpp/support/reflection.h:159:13:   required from ‘void xgrammar::detail::reflection::visit_config_impl(Fn&&, std::index_sequence<_Idx ...>) [with Ftor = xgrammar::member_functor<xgrammar::Grammar::Impl, xgrammar::member_type::kConfig>; Fn = xgrammar::detail::json_serializer::TraitDeserializeJSONValue<xgrammar::Grammar::Impl>(xgrammar::Grammar::Impl*, const picojson::value&, const std::string&)::<lambda(auto:33, const char*, std::size_t)>&; long unsigned int ...Idx = {0, 1, 2, 3, 4, 5, 6, 7, 8}; std::index_sequence<_Idx ...> = std::integer_sequence<long unsigned int, 0, 1, 2, 3, 4, 5, 6, 7, 8>]’
/home/ajmalrasi/xgrammar-phase0-20260922/xgrammar/cpp/support/reflection.h:226:53:   required from ‘void xgrammar::visit_config(Fn&&) [with T = Grammar::Impl; Fn = detail::json_serializer::TraitDeserializeJSONValue<xgrammar::Grammar::Impl>(xgrammar::Grammar::Impl*, const picojson::value&, const std::string&)::<lambda(auto:33, const char*, std::size_t)>]’
/home/ajmalrasi/xgrammar-phase0-20260922/xgrammar/cpp/support/json_serializer.h:280:22:   required from ‘std::optional<std::variant<xgrammar::DeserializeVersionError, xgrammar::InvalidJSONError, xgrammar::DeserializeFormatError> > xgrammar::detail::json_serializer::TraitDeserializeJSONValue(T*, const picojson::value&, const std::string&) [with T = xgrammar::Grammar::Impl; std::string = std::__cxx11::basic_string<char>]’
/home/ajmalrasi/xgrammar-phase0-20260922/xgrammar/cpp/support/json_serializer.h:471:72:   required from ‘std::optional<std::variant<xgrammar::DeserializeVersionError, xgrammar::InvalidJSONError, xgrammar::DeserializeFormatError> > xgrammar::AutoDeserializeJSONValue(T*, const picojson::value&, const std::string&) [with T = Grammar::Impl; std::string = std::__cxx11::basic_string<char>]’
/home/ajmalrasi/xgrammar-phase0-20260922/xgrammar/cpp/support/json_serializer.h:342:44:   required from ‘std::optional<std::variant<xgrammar::DeserializeVersionError, xgrammar::InvalidJSONError, xgrammar::DeserializeFormatError> > xgrammar::detail::json_serializer::AutoDeserializeJSONValuePImpl(T*, const picojson::value&, const std::string&) [with T = xgrammar::Grammar; <template-parameter-1-2> = xgrammar::is_pimpl_class<xgrammar::Grammar, void>; std::string = std::__cxx11::basic_string<char>]’
/home/ajmalrasi/xgrammar-phase0-20260922/xgrammar/cpp/support/json_serializer.h:469:66:   required from ‘std::optional<std::variant<xgrammar::DeserializeVersionError, xgrammar::InvalidJSONError, xgrammar::DeserializeFormatError> > xgrammar::AutoDeserializeJSONValue(T*, const picojson::value&, const std::string&) [with T = Grammar; std::string = std::__cxx11::basic_string<char>]’
/home/ajmalrasi/xgrammar-phase0-20260922/xgrammar/cpp/compiled_grammar.cc:193:44:   required from here
/home/ajmalrasi/xgrammar-phase0-20260922/xgrammar/cpp/support/json_serializer.h:280:67: warning: unused parameter ‘idx’ [-Wunused-parameter]
/home/ajmalrasi/xgrammar-phase0-20260922/xgrammar/cpp/support/json_serializer.h: In instantiation of ‘xgrammar::detail::json_serializer::TraitDeserializeJSONValue<xgrammar::Grammar::Impl>(xgrammar::Grammar::Impl*, const picojson::value&, const std::string&)::<lambda(auto:33, const char*, std::size_t)> [with auto:33 = std::vector<xgrammar::Grammar::Impl::SuffixStopInfo> xgrammar::Grammar::Impl::*; std::size_t = long unsigned int]’:
/home/ajmalrasi/xgrammar-phase0-20260922/xgrammar/cpp/support/reflection.h:159:13:   required from ‘void xgrammar::detail::reflection::visit_config_impl(Fn&&, std::index_sequence<_Idx ...>) [with Ftor = xgrammar::member_functor<xgrammar::Grammar::Impl, xgrammar::member_type::kConfig>; Fn = xgrammar::detail::json_serializer::TraitDeserializeJSONValue<xgrammar::Grammar::Impl>(xgrammar::Grammar::Impl*, const picojson::value&, const std::string&)::<lambda(auto:33, const char*, std::size_t)>&; long unsigned int ...Idx = {0, 1, 2, 3, 4, 5, 6, 7, 8}; std::index_sequence<_Idx ...> = std::integer_sequence<long unsigned int, 0, 1, 2, 3, 4, 5, 6, 7, 8>]’
/home/ajmalrasi/xgrammar-phase0-20260922/xgrammar/cpp/support/reflection.h:226:53:   required from ‘void xgrammar::visit_config(Fn&&) [with T = Grammar::Impl; Fn = detail::json_serializer::TraitDeserializeJSONValue<xgrammar::Grammar::Impl>(xgrammar::Grammar::Impl*, const picojson::value&, const std::string&)::<lambda(auto:33, const char*, std::size_t)>]’
/home/ajmalrasi/xgrammar-phase0-20260922/xgrammar/cpp/support/json_serializer.h:280:22:   required from ‘std::optional<std::variant<xgrammar::DeserializeVersionError, xgrammar::InvalidJSONError, xgrammar::DeserializeFormatError> > xgrammar::detail::json_serializer::TraitDeserializeJSONValue(T*, const picojson::value&, const std::string&) [with T = xgrammar::Grammar::Impl; std::string = std::__cxx11::basic_string<char>]’
/home/ajmalrasi/xgrammar-phase0-20260922/xgrammar/cpp/support/json_serializer.h:471:72:   required from ‘std::optional<std::variant<xgrammar::DeserializeVersionError, xgrammar::InvalidJSONError, xgrammar::DeserializeFormatError> > xgrammar::AutoDeserializeJSONValue(T*, const picojson::value&, const std::string&) [with T = Grammar::Impl; std::string = std::__cxx11::basic_string<char>]’
/home/ajmalrasi/xgrammar-phase0-20260922/xgrammar/cpp/support/json_serializer.h:342:44:   required from ‘std::optional<std::variant<xgrammar::DeserializeVersionError, xgrammar::InvalidJSONError, xgrammar::DeserializeFormatError> > xgrammar::detail::json_serializer::AutoDeserializeJSONValuePImpl(T*, const picojson::value&, const std::string&) [with T = xgrammar::Grammar; <template-parameter-1-2> = xgrammar::is_pimpl_class<xgrammar::Grammar, void>; std::string = std::__cxx11::basic_string<char>]’
/home/ajmalrasi/xgrammar-phase0-20260922/xgrammar/cpp/support/json_serializer.h:469:66:   required from ‘std::optional<std::variant<xgrammar::DeserializeVersionError, xgrammar::InvalidJSONError, xgrammar::DeserializeFormatError> > xgrammar::AutoDeserializeJSONValue(T*, const picojson::value&, const std::string&) [with T = Grammar; std::string = std::__cxx11::basic_string<char>]’
/home/ajmalrasi/xgrammar-phase0-20260922/xgrammar/cpp/compiled_grammar.cc:193:44:   required from here
/home/ajmalrasi/xgrammar-phase0-20260922/xgrammar/cpp/support/json_serializer.h:280:67: warning: unused parameter ‘idx’ [-Wunused-parameter]
/home/ajmalrasi/xgrammar-phase0-20260922/xgrammar/cpp/support/json_serializer.h: In instantiation of ‘xgrammar::detail::json_serializer::TraitDeserializeJSONValue<xgrammar::Grammar::Impl>(xgrammar::Grammar::Impl*, const picojson::value&, const std::string&)::<lambda(auto:33, const char*, std::size_t)> [with auto:33 = std::vector<int> xgrammar::Grammar::Impl::*; std::size_t = long unsigned int]’:
/home/ajmalrasi/xgrammar-phase0-20260922/xgrammar/cpp/support/reflection.h:159:13:   required from ‘void xgrammar::detail::reflection::visit_config_impl(Fn&&, std::index_sequence<_Idx ...>) [with Ftor = xgrammar::member_functor<xgrammar::Grammar::Impl, xgrammar::member_type::kConfig>; Fn = xgrammar::detail::json_serializer::TraitDeserializeJSONValue<xgrammar::Grammar::Impl>(xgrammar::Grammar::Impl*, const picojson::value&, const std::string&)::<lambda(auto:33, const char*, std::size_t)>&; long unsigned int ...Idx = {0, 1, 2, 3, 4, 5, 6, 7, 8}; std::index_sequence<_Idx ...> = std::integer_sequence<long unsigned int, 0, 1, 2, 3, 4, 5, 6, 7, 8>]’
/home/ajmalrasi/xgrammar-phase0-20260922/xgrammar/cpp/support/reflection.h:226:53:   required from ‘void xgrammar::visit_config(Fn&&) [with T = Grammar::Impl; Fn = detail::json_serializer::TraitDeserializeJSONValue<xgrammar::Grammar::Impl>(xgrammar::Grammar::Impl*, const picojson::value&, const std::string&)::<lambda(auto:33, const char*, std::size_t)>]’
/home/ajmalrasi/xgrammar-phase0-20260922/xgrammar/cpp/support/json_serializer.h:280:22:   required from ‘std::optional<std::variant<xgrammar::DeserializeVersionError, xgrammar::InvalidJSONError, xgrammar::DeserializeFormatError> > xgrammar::detail::json_serializer::TraitDeserializeJSONValue(T*, const picojson::value&, const std::string&) [with T = xgrammar::Grammar::Impl; std::string = std::__cxx11::basic_string<char>]’
/home/ajmalrasi/xgrammar-phase0-20260922/xgrammar/cpp/support/json_serializer.h:471:72:   required from ‘std::optional<std::variant<xgrammar::DeserializeVersionError, xgrammar::InvalidJSONError, xgrammar::DeserializeFormatError> > xgrammar::AutoDeserializeJSONValue(T*, const picojson::value&, const std::string&) [with T = Grammar::Impl; std::string = std::__cxx11::basic_string<char>]’
/home/ajmalrasi/xgrammar-phase0-20260922/xgrammar/cpp/support/json_serializer.h:342:44:   required from ‘std::optional<std::variant<xgrammar::DeserializeVersionError, xgrammar::InvalidJSONError, xgrammar::DeserializeFormatError> > xgrammar::detail::json_serializer::AutoDeserializeJSONValuePImpl(T*, const picojson::value&, const std::string&) [with T = xgrammar::Grammar; <template-parameter-1-2> = xgrammar::is_pimpl_class<xgrammar::Grammar, void>; std::string = std::__cxx11::basic_string<char>]’
/home/ajmalrasi/xgrammar-phase0-20260922/xgrammar/cpp/support/json_serializer.h:469:66:   required from ‘std::optional<std::variant<xgrammar::DeserializeVersionError, xgrammar::InvalidJSONError, xgrammar::DeserializeFormatError> > xgrammar::AutoDeserializeJSONValue(T*, const picojson::value&, const std::string&) [with T = Grammar; std::string = std::__cxx11::basic_string<char>]’
/home/ajmalrasi/xgrammar-phase0-20260922/xgrammar/cpp/compiled_grammar.cc:193:44:   required from here
/home/ajmalrasi/xgrammar-phase0-20260922/xgrammar/cpp/support/json_serializer.h:280:67: warning: unused parameter ‘idx’ [-Wunused-parameter]
/home/ajmalrasi/xgrammar-phase0-20260922/xgrammar/cpp/support/json_serializer.h: In instantiation of ‘xgrammar::detail::json_serializer::TraitDeserializeJSONValue<xgrammar::Grammar::Impl>(xgrammar::Grammar::Impl*, const picojson::value&, const std::string&)::<lambda(auto:33, const char*, std::size_t)> [with auto:33 = int xgrammar::Grammar::Impl::*; std::size_t = long unsigned int]’:
/home/ajmalrasi/xgrammar-phase0-20260922/xgrammar/cpp/support/reflection.h:159:13:   required from ‘void xgrammar::detail::reflection::visit_config_impl(Fn&&, std::index_sequence<_Idx ...>) [with Ftor = xgrammar::member_functor<xgrammar::Grammar::Impl, xgrammar::member_type::kConfig>; Fn = xgrammar::detail::json_serializer::TraitDeserializeJSONValue<xgrammar::Grammar::Impl>(xgrammar::Grammar::Impl*, const picojson::value&, const std::string&)::<lambda(auto:33, const char*, std::size_t)>&; long unsigned int ...Idx = {0, 1, 2, 3, 4, 5, 6, 7, 8}; std::index_sequence<_Idx ...> = std::integer_sequence<long unsigned int, 0, 1, 2, 3, 4, 5, 6, 7, 8>]’
/home/ajmalrasi/xgrammar-phase0-20260922/xgrammar/cpp/support/reflection.h:226:53:   required from ‘void xgrammar::visit_config(Fn&&) [with T = Grammar::Impl; Fn = detail::json_serializer::TraitDeserializeJSONValue<xgrammar::Grammar::Impl>(xgrammar::Grammar::Impl*, const picojson::value&, const std::string&)::<lambda(auto:33, const char*, std::size_t)>]’
/home/ajmalrasi/xgrammar-phase0-20260922/xgrammar/cpp/support/json_serializer.h:280:22:   required from ‘std::optional<std::variant<xgrammar::DeserializeVersionError, xgrammar::InvalidJSONError, xgrammar::DeserializeFormatError> > xgrammar::detail::json_serializer::TraitDeserializeJSONValue(T*, const picojson::value&, const std::string&) [with T = xgrammar::Grammar::Impl; std::string = std::__cxx11::basic_string<char>]’
/home/ajmalrasi/xgrammar-phase0-20260922/xgrammar/cpp/support/json_serializer.h:471:72:   required from ‘std::optional<std::variant<xgrammar::DeserializeVersionError, xgrammar::InvalidJSONError, xgrammar::DeserializeFormatError> > xgrammar::AutoDeserializeJSONValue(T*, const picojson::value&, const std::string&) [with T = Grammar::Impl; std::string = std::__cxx11::basic_string<char>]’
/home/ajmalrasi/xgrammar-phase0-20260922/xgrammar/cpp/support/json_serializer.h:342:44:   required from ‘std::optional<std::variant<xgrammar::DeserializeVersionError, xgrammar::InvalidJSONError, xgrammar::DeserializeFormatError> > xgrammar::detail::json_serializer::AutoDeserializeJSONValuePImpl(T*, const picojson::value&, const std::string&) [with T = xgrammar::Grammar; <template-parameter-1-2> = xgrammar::is_pimpl_class<xgrammar::Grammar, void>; std::string = std::__cxx11::basic_string<char>]’
/home/ajmalrasi/xgrammar-phase0-20260922/xgrammar/cpp/support/json_serializer.h:469:66:   required from ‘std::optional<std::variant<xgrammar::DeserializeVersionError, xgrammar::InvalidJSONError, xgrammar::DeserializeFormatError> > xgrammar::AutoDeserializeJSONValue(T*, const picojson::value&, const std::string&) [with T = Grammar; std::string = std::__cxx11::basic_string<char>]’
/home/ajmalrasi/xgrammar-phase0-20260922/xgrammar/cpp/compiled_grammar.cc:193:44:   required from here
/home/ajmalrasi/xgrammar-phase0-20260922/xgrammar/cpp/support/json_serializer.h:280:67: warning: unused parameter ‘idx’ [-Wunused-parameter]
/home/ajmalrasi/xgrammar-phase0-20260922/xgrammar/cpp/support/json_serializer.h: In instantiation of ‘xgrammar::detail::json_serializer::TraitDeserializeJSONValue<xgrammar::Grammar::Impl>(xgrammar::Grammar::Impl*, const picojson::value&, const std::string&)::<lambda(auto:33, const char*, std::size_t)> [with auto:33 = xgrammar::CompactFSM xgrammar::Grammar::Impl::*; std::size_t = long unsigned int]’:
/home/ajmalrasi/xgrammar-phase0-20260922/xgrammar/cpp/support/reflection.h:159:13:   required from ‘void xgrammar::detail::reflection::visit_config_impl(Fn&&, std::index_sequence<_Idx ...>) [with Ftor = xgrammar::member_functor<xgrammar::Grammar::Impl, xgrammar::member_type::kConfig>; Fn = xgrammar::detail::json_serializer::TraitDeserializeJSONValue<xgrammar::Grammar::Impl>(xgrammar::Grammar::Impl*, const picojson::value&, const std::string&)::<lambda(auto:33, const char*, std::size_t)>&; long unsigned int ...Idx = {0, 1, 2, 3, 4, 5, 6, 7, 8}; std::index_sequence<_Idx ...> = std::integer_sequence<long unsigned int, 0, 1, 2, 3, 4, 5, 6, 7, 8>]’
/home/ajmalrasi/xgrammar-phase0-20260922/xgrammar/cpp/support/reflection.h:226:53:   required from ‘void xgrammar::visit_config(Fn&&) [with T = Grammar::Impl; Fn = detail::json_serializer::TraitDeserializeJSONValue<xgrammar::Grammar::Impl>(xgrammar::Grammar::Impl*, const picojson::value&, const std::string&)::<lambda(auto:33, const char*, std::size_t)>]’
/home/ajmalrasi/xgrammar-phase0-20260922/xgrammar/cpp/support/json_serializer.h:280:22:   required from ‘std::optional<std::variant<xgrammar::DeserializeVersionError, xgrammar::InvalidJSONError, xgrammar::DeserializeFormatError> > xgrammar::detail::json_serializer::TraitDeserializeJSONValue(T*, const picojson::value&, const std::string&) [with T = xgrammar::Grammar::Impl; std::string = std::__cxx11::basic_string<char>]’
/home/ajmalrasi/xgrammar-phase0-20260922/xgrammar/cpp/support/json_serializer.h:471:72:   required from ‘std::optional<std::variant<xgrammar::DeserializeVersionError, xgrammar::InvalidJSONError, xgrammar::DeserializeFormatError> > xgrammar::AutoDeserializeJSONValue(T*, const picojson::value&, const std::string&) [with T = Grammar::Impl; std::string = std::__cxx11::basic_string<char>]’
/home/ajmalrasi/xgrammar-phase0-20260922/xgrammar/cpp/support/json_serializer.h:342:44:   required from ‘std::optional<std::variant<xgrammar::DeserializeVersionError, xgrammar::InvalidJSONError, xgrammar::DeserializeFormatError> > xgrammar::detail::json_serializer::AutoDeserializeJSONValuePImpl(T*, const picojson::value&, const std::string&) [with T = xgrammar::Grammar; <template-parameter-1-2> = xgrammar::is_pimpl_class<xgrammar::Grammar, void>; std::string = std::__cxx11::basic_string<char>]’
/home/ajmalrasi/xgrammar-phase0-20260922/xgrammar/cpp/support/json_serializer.h:469:66:   required from ‘std::optional<std::variant<xgrammar::DeserializeVersionError, xgrammar::InvalidJSONError, xgrammar::DeserializeFormatError> > xgrammar::AutoDeserializeJSONValue(T*, const picojson::value&, const std::string&) [with T = Grammar; std::string = std::__cxx11::basic_string<char>]’
/home/ajmalrasi/xgrammar-phase0-20260922/xgrammar/cpp/compiled_grammar.cc:193:44:   required from here
/home/ajmalrasi/xgrammar-phase0-20260922/xgrammar/cpp/support/json_serializer.h:280:67: warning: unused parameter ‘idx’ [-Wunused-parameter]
/home/ajmalrasi/xgrammar-phase0-20260922/xgrammar/cpp/support/json_serializer.h: In instantiation of ‘xgrammar::detail::json_serializer::TraitDeserializeJSONValue<xgrammar::Grammar::Impl>(xgrammar::Grammar::Impl*, const picojson::value&, const std::string&)::<lambda(auto:33, const char*, std::size_t)> [with auto:33 = std::vector<std::optional<xgrammar::CompactFSMWithStartEndWithSize> > xgrammar::Grammar::Impl::*; std::size_t = long unsigned int]’:
/home/ajmalrasi/xgrammar-phase0-20260922/xgrammar/cpp/support/reflection.h:159:13:   required from ‘void xgrammar::detail::reflection::visit_config_impl(Fn&&, std::index_sequence<_Idx ...>) [with Ftor = xgrammar::member_functor<xgrammar::Grammar::Impl, xgrammar::member_type::kConfig>; Fn = xgrammar::detail::json_serializer::TraitDeserializeJSONValue<xgrammar::Grammar::Impl>(xgrammar::Grammar::Impl*, const picojson::value&, const std::string&)::<lambda(auto:33, const char*, std::size_t)>&; long unsigned int ...Idx = {0, 1, 2, 3, 4, 5, 6, 7, 8}; std::index_sequence<_Idx ...> = std::integer_sequence<long unsigned int, 0, 1, 2, 3, 4, 5, 6, 7, 8>]’
/home/ajmalrasi/xgrammar-phase0-20260922/xgrammar/cpp/support/reflection.h:226:53:   required from ‘void xgrammar::visit_config(Fn&&) [with T = Grammar::Impl; Fn = detail::json_serializer::TraitDeserializeJSONValue<xgrammar::Grammar::Impl>(xgrammar::Grammar::Impl*, const picojson::value&, const std::string&)::<lambda(auto:33, const char*, std::size_t)>]’
/home/ajmalrasi/xgrammar-phase0-20260922/xgrammar/cpp/support/json_serializer.h:280:22:   required from ‘std::optional<std::variant<xgrammar::DeserializeVersionError, xgrammar::InvalidJSONError, xgrammar::DeserializeFormatError> > xgrammar::detail::json_serializer::TraitDeserializeJSONValue(T*, const picojson::value&, const std::string&) [with T = xgrammar::Grammar::Impl; std::string = std::__cxx11::basic_string<char>]’
/home/ajmalrasi/xgrammar-phase0-20260922/xgrammar/cpp/support/json_serializer.h:471:72:   required from ‘std::optional<std::variant<xgrammar::DeserializeVersionError, xgrammar::InvalidJSONError, xgrammar::DeserializeFormatError> > xgrammar::AutoDeserializeJSONValue(T*, const picojson::value&, const std::string&) [with T = Grammar::Impl; std::string = std::__cxx11::basic_string<char>]’
/home/ajmalrasi/xgrammar-phase0-20260922/xgrammar/cpp/support/json_serializer.h:342:44:   required from ‘std::optional<std::variant<xgrammar::DeserializeVersionError, xgrammar::InvalidJSONError, xgrammar::DeserializeFormatError> > xgrammar::detail::json_serializer::AutoDeserializeJSONValuePImpl(T*, const picojson::value&, const std::string&) [with T = xgrammar::Grammar; <template-parameter-1-2> = xgrammar::is_pimpl_class<xgrammar::Grammar, void>; std::string = std::__cxx11::basic_string<char>]’
/home/ajmalrasi/xgrammar-phase0-20260922/xgrammar/cpp/support/json_serializer.h:469:66:   required from ‘std::optional<std::variant<xgrammar::DeserializeVersionError, xgrammar::InvalidJSONError, xgrammar::DeserializeFormatError> > xgrammar::AutoDeserializeJSONValue(T*, const picojson::value&, const std::string&) [with T = Grammar; std::string = std::__cxx11::basic_string<char>]’
/home/ajmalrasi/xgrammar-phase0-20260922/xgrammar/cpp/compiled_grammar.cc:193:44:   required from here
/home/ajmalrasi/xgrammar-phase0-20260922/xgrammar/cpp/support/json_serializer.h:280:67: warning: unused parameter ‘idx’ [-Wunused-parameter]
/home/ajmalrasi/xgrammar-phase0-20260922/xgrammar/cpp/support/json_serializer.h: In instantiation of ‘xgrammar::detail::json_serializer::TraitDeserializeJSONValue<xgrammar::Grammar::Impl>(xgrammar::Grammar::Impl*, const picojson::value&, const std::string&)::<lambda(auto:33, const char*, std::size_t)> [with auto:33 = bool xgrammar::Grammar::Impl::*; std::size_t = long unsigned int]’:
/home/ajmalrasi/xgrammar-phase0-20260922/xgrammar/cpp/support/reflection.h:159:13:   required from ‘void xgrammar::detail::reflection::visit_config_impl(Fn&&, std::index_sequence<_Idx ...>) [with Ftor = xgrammar::member_functor<xgrammar::Grammar::Impl, xgrammar::member_type::kConfig>; Fn = xgrammar::detail::json_serializer::TraitDeserializeJSONValue<xgrammar::Grammar::Impl>(xgrammar::Grammar::Impl*, const picojson::value&, const std::string&)::<lambda(auto:33, const char*, std::size_t)>&; long unsigned int ...Idx = {0, 1, 2, 3, 4, 5, 6, 7, 8}; std::index_sequence<_Idx ...> = std::integer_sequence<long unsigned int, 0, 1, 2, 3, 4, 5, 6, 7, 8>]’
/home/ajmalrasi/xgrammar-phase0-20260922/xgrammar/cpp/support/reflection.h:226:53:   required from ‘void xgrammar::visit_config(Fn&&) [with T = Grammar::Impl; Fn = detail::json_serializer::TraitDeserializeJSONValue<xgrammar::Grammar::Impl>(xgrammar::Grammar::Impl*, const picojson::value&, const std::string&)::<lambda(auto:33, const char*, std::size_t)>]’
/home/ajmalrasi/xgrammar-phase0-20260922/xgrammar/cpp/support/json_serializer.h:280:22:   required from ‘std::optional<std::variant<xgrammar::DeserializeVersionError, xgrammar::InvalidJSONError, xgrammar::DeserializeFormatError> > xgrammar::detail::json_serializer::TraitDeserializeJSONValue(T*, const picojson::value&, const std::string&) [with T = xgrammar::Grammar::Impl; std::string = std::__cxx11::basic_string<char>]’
/home/ajmalrasi/xgrammar-phase0-20260922/xgrammar/cpp/support/json_serializer.h:471:72:   required from ‘std::optional<std::variant<xgrammar::DeserializeVersionError, xgrammar::InvalidJSONError, xgrammar::DeserializeFormatError> > xgrammar::AutoDeserializeJSONValue(T*, const picojson::value&, const std::string&) [with T = Grammar::Impl; std::string = std::__cxx11::basic_string<char>]’
/home/ajmalrasi/xgrammar-phase0-20260922/xgrammar/cpp/support/json_serializer.h:342:44:   required from ‘std::optional<std::variant<xgrammar::DeserializeVersionError, xgrammar::InvalidJSONError, xgrammar::DeserializeFormatError> > xgrammar::detail::json_serializer::AutoDeserializeJSONValuePImpl(T*, const picojson::value&, const std::string&) [with T = xgrammar::Grammar; <template-parameter-1-2> = xgrammar::is_pimpl_class<xgrammar::Grammar, void>; std::string = std::__cxx11::basic_string<char>]’
/home/ajmalrasi/xgrammar-phase0-20260922/xgrammar/cpp/support/json_serializer.h:469:66:   required from ‘std::optional<std::variant<xgrammar::DeserializeVersionError, xgrammar::InvalidJSONError, xgrammar::DeserializeFormatError> > xgrammar::AutoDeserializeJSONValue(T*, const picojson::value&, const std::string&) [with T = Grammar; std::string = std::__cxx11::basic_string<char>]’
/home/ajmalrasi/xgrammar-phase0-20260922/xgrammar/cpp/compiled_grammar.cc:193:44:   required from here
/home/ajmalrasi/xgrammar-phase0-20260922/xgrammar/cpp/support/json_serializer.h:280:67: warning: unused parameter ‘idx’ [-Wunused-parameter]
[  1%] Building CXX object cpp/CMakeFiles/edgellmXGrammar.dir/home/ajmalrasi/xgrammar-phase0-20260922/xgrammar/cpp/config.cc.o
[  1%] Building CXX object cpp/CMakeFiles/edgellmXGrammar.dir/home/ajmalrasi/xgrammar-phase0-20260922/xgrammar/cpp/earley_parser.cc.o
[  3%] Building CXX object cpp/CMakeFiles/edgellmXGrammar.dir/home/ajmalrasi/xgrammar-phase0-20260922/xgrammar/cpp/fsm.cc.o
/home/ajmalrasi/xgrammar-phase0-20260922/xgrammar/cpp/fsm.cc: In static member function ‘static xgrammar::Result<xgrammar::FSMWithStartEnd> xgrammar::FSMWithStartEnd::Intersect(const xgrammar::FSMWithStartEnd&, const xgrammar::FSMWithStartEnd&, int)’:
/home/ajmalrasi/xgrammar-phase0-20260922/xgrammar/cpp/fsm.cc:1197:65: warning: unused parameter ‘max_result_num_states’ [-Wunused-parameter]
 1197 |     const FSMWithStartEnd& lhs, const FSMWithStartEnd& rhs, int max_result_num_states
      |                                                             ~~~~^~~~~~~~~~~~~~~~~~~~~
In file included from /home/ajmalrasi/xgrammar-phase0-20260922/xgrammar/cpp/fsm.cc:29:
/home/ajmalrasi/xgrammar-phase0-20260922/xgrammar/cpp/support/json_serializer.h: In instantiation of ‘xgrammar::detail::json_serializer::TraitDeserializeJSONValue<xgrammar::CompactFSM::Impl>(xgrammar::CompactFSM::Impl*, const picojson::value&, const std::string&)::<lambda(auto:33, const char*, std::size_t)> [with auto:33 = xgrammar::Compact2DArray<xgrammar::FSMEdge> xgrammar::FSMImplBase<xgrammar::Compact2DArray<xgrammar::FSMEdge> >::*; std::size_t = long unsigned int]’:
/home/ajmalrasi/xgrammar-phase0-20260922/xgrammar/cpp/support/reflection.h:159:13:   required from ‘void xgrammar::detail::reflection::visit_config_impl(Fn&&, std::index_sequence<_Idx ...>) [with Ftor = xgrammar::member_functor<xgrammar::CompactFSM::Impl, xgrammar::member_type::kConfig>; Fn = xgrammar::detail::json_serializer::TraitDeserializeJSONValue<xgrammar::CompactFSM::Impl>(xgrammar::CompactFSM::Impl*, const picojson::value&, const std::string&)::<lambda(auto:33, const char*, std::size_t)>&; long unsigned int ...Idx = {0, 1, 2}; std::index_sequence<_Idx ...> = std::integer_sequence<long unsigned int, 0, 1, 2>]’
/home/ajmalrasi/xgrammar-phase0-20260922/xgrammar/cpp/support/reflection.h:226:53:   required from ‘void xgrammar::visit_config(Fn&&) [with T = CompactFSM::Impl; Fn = detail::json_serializer::TraitDeserializeJSONValue<xgrammar::CompactFSM::Impl>(xgrammar::CompactFSM::Impl*, const picojson::value&, const std::string&)::<lambda(auto:33, const char*, std::size_t)>]’
/home/ajmalrasi/xgrammar-phase0-20260922/xgrammar/cpp/support/json_serializer.h:280:22:   required from ‘std::optional<std::variant<xgrammar::DeserializeVersionError, xgrammar::InvalidJSONError, xgrammar::DeserializeFormatError> > xgrammar::detail::json_serializer::TraitDeserializeJSONValue(T*, const picojson::value&, const std::string&) [with T = xgrammar::CompactFSM::Impl; std::string = std::__cxx11::basic_string<char>]’
/home/ajmalrasi/xgrammar-phase0-20260922/xgrammar/cpp/support/json_serializer.h:471:72:   required from ‘std::optional<std::variant<xgrammar::DeserializeVersionError, xgrammar::InvalidJSONError, xgrammar::DeserializeFormatError> > xgrammar::AutoDeserializeJSONValue(T*, const picojson::value&, const std::string&) [with T = CompactFSM::Impl; std::string = std::__cxx11::basic_string<char>]’
/home/ajmalrasi/xgrammar-phase0-20260922/xgrammar/cpp/support/json_serializer.h:342:44:   required from ‘std::optional<std::variant<xgrammar::DeserializeVersionError, xgrammar::InvalidJSONError, xgrammar::DeserializeFormatError> > xgrammar::detail::json_serializer::AutoDeserializeJSONValuePImpl(T*, const picojson::value&, const std::string&) [with T = xgrammar::CompactFSM; <template-parameter-1-2> = xgrammar::is_pimpl_class<xgrammar::CompactFSM, void>; std::string = std::__cxx11::basic_string<char>]’
/home/ajmalrasi/xgrammar-phase0-20260922/xgrammar/cpp/fsm.cc:866:64:   required from here
/home/ajmalrasi/xgrammar-phase0-20260922/xgrammar/cpp/support/json_serializer.h:280:67: warning: unused parameter ‘idx’ [-Wunused-parameter]
  280 |       visit_config<T>([&](auto ptr, const char* name, std::size_t idx) {
      |                                                       ~~~~~~~~~~~~^~~
/home/ajmalrasi/xgrammar-phase0-20260922/xgrammar/cpp/support/json_serializer.h: In instantiation of ‘xgrammar::detail::json_serializer::TraitDeserializeJSONValue<xgrammar::CompactFSM::Impl>(xgrammar::CompactFSM::Impl*, const picojson::value&, const std::string&)::<lambda(auto:33, const char*, std::size_t)> [with auto:33 = std::vector<int> xgrammar::FSMImplBase<xgrammar::Compact2DArray<xgrammar::FSMEdge> >::*; std::size_t = long unsigned int]’:
/home/ajmalrasi/xgrammar-phase0-20260922/xgrammar/cpp/support/reflection.h:159:13:   required from ‘void xgrammar::detail::reflection::visit_config_impl(Fn&&, std::index_sequence<_Idx ...>) [with Ftor = xgrammar::member_functor<xgrammar::CompactFSM::Impl, xgrammar::member_type::kConfig>; Fn = xgrammar::detail::json_serializer::TraitDeserializeJSONValue<xgrammar::CompactFSM::Impl>(xgrammar::CompactFSM::Impl*, const picojson::value&, const std::string&)::<lambda(auto:33, const char*, std::size_t)>&; long unsigned int ...Idx = {0, 1, 2}; std::index_sequence<_Idx ...> = std::integer_sequence<long unsigned int, 0, 1, 2>]’
/home/ajmalrasi/xgrammar-phase0-20260922/xgrammar/cpp/support/reflection.h:226:53:   required from ‘void xgrammar::visit_config(Fn&&) [with T = CompactFSM::Impl; Fn = detail::json_serializer::TraitDeserializeJSONValue<xgrammar::CompactFSM::Impl>(xgrammar::CompactFSM::Impl*, const picojson::value&, const std::string&)::<lambda(auto:33, const char*, std::size_t)>]’
/home/ajmalrasi/xgrammar-phase0-20260922/xgrammar/cpp/support/json_serializer.h:280:22:   required from ‘std::optional<std::variant<xgrammar::DeserializeVersionError, xgrammar::InvalidJSONError, xgrammar::DeserializeFormatError> > xgrammar::detail::json_serializer::TraitDeserializeJSONValue(T*, const picojson::value&, const std::string&) [with T = xgrammar::CompactFSM::Impl; std::string = std::__cxx11::basic_string<char>]’
/home/ajmalrasi/xgrammar-phase0-20260922/xgrammar/cpp/support/json_serializer.h:471:72:   required from ‘std::optional<std::variant<xgrammar::DeserializeVersionError, xgrammar::InvalidJSONError, xgrammar::DeserializeFormatError> > xgrammar::AutoDeserializeJSONValue(T*, const picojson::value&, const std::string&) [with T = CompactFSM::Impl; std::string = std::__cxx11::basic_string<char>]’
/home/ajmalrasi/xgrammar-phase0-20260922/xgrammar/cpp/support/json_serializer.h:342:44:   required from ‘std::optional<std::variant<xgrammar::DeserializeVersionError, xgrammar::InvalidJSONError, xgrammar::DeserializeFormatError> > xgrammar::detail::json_serializer::AutoDeserializeJSONValuePImpl(T*, const picojson::value&, const std::string&) [with T = xgrammar::CompactFSM; <template-parameter-1-2> = xgrammar::is_pimpl_class<xgrammar::CompactFSM, void>; std::string = std::__cxx11::basic_string<char>]’
/home/ajmalrasi/xgrammar-phase0-20260922/xgrammar/cpp/fsm.cc:866:64:   required from here
/home/ajmalrasi/xgrammar-phase0-20260922/xgrammar/cpp/support/json_serializer.h:280:67: warning: unused parameter ‘idx’ [-Wunused-parameter]
/home/ajmalrasi/xgrammar-phase0-20260922/xgrammar/cpp/support/json_serializer.h: In instantiation of ‘xgrammar::detail::json_serializer::TraitDeserializeJSONValue<xgrammar::CompactFSM::Impl>(xgrammar::CompactFSM::Impl*, const picojson::value&, const std::string&)::<lambda(auto:33, const char*, std::size_t)> [with auto:33 = long unsigned int xgrammar::CompactFSM::Impl::*; std::size_t = long unsigned int]’:
/home/ajmalrasi/xgrammar-phase0-20260922/xgrammar/cpp/support/reflection.h:159:13:   required from ‘void xgrammar::detail::reflection::visit_config_impl(Fn&&, std::index_sequence<_Idx ...>) [with Ftor = xgrammar::member_functor<xgrammar::CompactFSM::Impl, xgrammar::member_type::kConfig>; Fn = xgrammar::detail::json_serializer::TraitDeserializeJSONValue<xgrammar::CompactFSM::Impl>(xgrammar::CompactFSM::Impl*, const picojson::value&, const std::string&)::<lambda(auto:33, const char*, std::size_t)>&; long unsigned int ...Idx = {0, 1, 2}; std::index_sequence<_Idx ...> = std::integer_sequence<long unsigned int, 0, 1, 2>]’
/home/ajmalrasi/xgrammar-phase0-20260922/xgrammar/cpp/support/reflection.h:226:53:   required from ‘void xgrammar::visit_config(Fn&&) [with T = CompactFSM::Impl; Fn = detail::json_serializer::TraitDeserializeJSONValue<xgrammar::CompactFSM::Impl>(xgrammar::CompactFSM::Impl*, const picojson::value&, const std::string&)::<lambda(auto:33, const char*, std::size_t)>]’
/home/ajmalrasi/xgrammar-phase0-20260922/xgrammar/cpp/support/json_serializer.h:280:22:   required from ‘std::optional<std::variant<xgrammar::DeserializeVersionError, xgrammar::InvalidJSONError, xgrammar::DeserializeFormatError> > xgrammar::detail::json_serializer::TraitDeserializeJSONValue(T*, const picojson::value&, const std::string&) [with T = xgrammar::CompactFSM::Impl; std::string = std::__cxx11::basic_string<char>]’
/home/ajmalrasi/xgrammar-phase0-20260922/xgrammar/cpp/support/json_serializer.h:471:72:   required from ‘std::optional<std::variant<xgrammar::DeserializeVersionError, xgrammar::InvalidJSONError, xgrammar::DeserializeFormatError> > xgrammar::AutoDeserializeJSONValue(T*, const picojson::value&, const std::string&) [with T = CompactFSM::Impl; std::string = std::__cxx11::basic_string<char>]’
/home/ajmalrasi/xgrammar-phase0-20260922/xgrammar/cpp/support/json_serializer.h:342:44:   required from ‘std::optional<std::variant<xgrammar::DeserializeVersionError, xgrammar::InvalidJSONError, xgrammar::DeserializeFormatError> > xgrammar::detail::json_serializer::AutoDeserializeJSONValuePImpl(T*, const picojson::value&, const std::string&) [with T = xgrammar::CompactFSM; <template-parameter-1-2> = xgrammar::is_pimpl_class<xgrammar::CompactFSM, void>; std::string = std::__cxx11::basic_string<char>]’
/home/ajmalrasi/xgrammar-phase0-20260922/xgrammar/cpp/fsm.cc:866:64:   required from here
/home/ajmalrasi/xgrammar-phase0-20260922/xgrammar/cpp/support/json_serializer.h:280:67: warning: unused parameter ‘idx’ [-Wunused-parameter]
/home/ajmalrasi/xgrammar-phase0-20260922/xgrammar/cpp/support/json_serializer.h: In instantiation of ‘xgrammar::detail::json_serializer::TraitDeserializeJSONValue<xgrammar::Compact2DArray<xgrammar::FSMEdge> >(xgrammar::Compact2DArray<xgrammar::FSMEdge>*, const picojson::value&, const std::string&)::<lambda(auto:33, const char*, std::size_t)> [with auto:33 = std::vector<xgrammar::FSMEdge> xgrammar::Compact2DArray<xgrammar::FSMEdge>::*; std::size_t = long unsigned int]’:
/home/ajmalrasi/xgrammar-phase0-20260922/xgrammar/cpp/support/reflection.h:159:13:   required from ‘void xgrammar::detail::reflection::visit_config_impl(Fn&&, std::index_sequence<_Idx ...>) [with Ftor = xgrammar::member_functor<xgrammar::Compact2DArray<xgrammar::FSMEdge>, xgrammar::member_type::kConfig>; Fn = xgrammar::detail::json_serializer::TraitDeserializeJSONValue<xgrammar::Compact2DArray<xgrammar::FSMEdge> >(xgrammar::Compact2DArray<xgrammar::FSMEdge>*, const picojson::value&, const std::string&)::<lambda(auto:33, const char*, std::size_t)>&; long unsigned int ...Idx = {0, 1}; std::index_sequence<_Idx ...> = std::integer_sequence<long unsigned int, 0, 1>]’
/home/ajmalrasi/xgrammar-phase0-20260922/xgrammar/cpp/support/reflection.h:226:53:   required from ‘void xgrammar::visit_config(Fn&&) [with T = Compact2DArray<FSMEdge>; Fn = detail::json_serializer::TraitDeserializeJSONValue<xgrammar::Compact2DArray<xgrammar::FSMEdge> >(xgrammar::Compact2DArray<xgrammar::FSMEdge>*, const picojson::value&, const std::string&)::<lambda(auto:33, const char*, std::size_t)>]’
/home/ajmalrasi/xgrammar-phase0-20260922/xgrammar/cpp/support/json_serializer.h:280:22:   required from ‘std::optional<std::variant<xgrammar::DeserializeVersionError, xgrammar::InvalidJSONError, xgrammar::DeserializeFormatError> > xgrammar::detail::json_serializer::TraitDeserializeJSONValue(T*, const picojson::value&, const std::string&) [with T = xgrammar::Compact2DArray<xgrammar::FSMEdge>; std::string = std::__cxx11::basic_string<char>]’
/home/ajmalrasi/xgrammar-phase0-20260922/xgrammar/cpp/support/json_serializer.h:471:72:   required from ‘std::optional<std::variant<xgrammar::DeserializeVersionError, xgrammar::InvalidJSONError, xgrammar::DeserializeFormatError> > xgrammar::AutoDeserializeJSONValue(T*, const picojson::value&, const std::string&) [with T = Compact2DArray<FSMEdge>; std::string = std::__cxx11::basic_string<char>]’
/home/ajmalrasi/xgrammar-phase0-20260922/xgrammar/cpp/support/json_serializer.h:285:53:   required from ‘xgrammar::detail::json_serializer::TraitDeserializeJSONValue<xgrammar::CompactFSM::Impl>(xgrammar::CompactFSM::Impl*, const picojson::value&, const std::string&)::<lambda(auto:33, const char*, std::size_t)> [with auto:33 = xgrammar::Compact2DArray<xgrammar::FSMEdge> xgrammar::FSMImplBase<xgrammar::Compact2DArray<xgrammar::FSMEdge> >::*; std::size_t = long unsigned int]’
/home/ajmalrasi/xgrammar-phase0-20260922/xgrammar/cpp/support/reflection.h:159:13:   required from ‘void xgrammar::detail::reflection::visit_config_impl(Fn&&, std::index_sequence<_Idx ...>) [with Ftor = xgrammar::member_functor<xgrammar::CompactFSM::Impl, xgrammar::member_type::kConfig>; Fn = xgrammar::detail::json_serializer::TraitDeserializeJSONValue<xgrammar::CompactFSM::Impl>(xgrammar::CompactFSM::Impl*, const picojson::value&, const std::string&)::<lambda(auto:33, const char*, std::size_t)>&; long unsigned int ...Idx = {0, 1, 2}; std::index_sequence<_Idx ...> = std::integer_sequence<long unsigned int, 0, 1, 2>]’
/home/ajmalrasi/xgrammar-phase0-20260922/xgrammar/cpp/support/reflection.h:226:53:   required from ‘void xgrammar::visit_config(Fn&&) [with T = CompactFSM::Impl; Fn = detail::json_serializer::TraitDeserializeJSONValue<xgrammar::CompactFSM::Impl>(xgrammar::CompactFSM::Impl*, const picojson::value&, const std::string&)::<lambda(auto:33, const char*, std::size_t)>]’
/home/ajmalrasi/xgrammar-phase0-20260922/xgrammar/cpp/support/json_serializer.h:280:22:   required from ‘std::optional<std::variant<xgrammar::DeserializeVersionError, xgrammar::InvalidJSONError, xgrammar::DeserializeFormatError> > xgrammar::detail::json_serializer::TraitDeserializeJSONValue(T*, const picojson::value&, const std::string&) [with T = xgrammar::CompactFSM::Impl; std::string = std::__cxx11::basic_string<char>]’
/home/ajmalrasi/xgrammar-phase0-20260922/xgrammar/cpp/support/json_serializer.h:471:72:   required from ‘std::optional<std::variant<xgrammar::DeserializeVersionError, xgrammar::InvalidJSONError, xgrammar::DeserializeFormatError> > xgrammar::AutoDeserializeJSONValue(T*, const picojson::value&, const std::string&) [with T = CompactFSM::Impl; std::string = std::__cxx11::basic_string<char>]’
/home/ajmalrasi/xgrammar-phase0-20260922/xgrammar/cpp/support/json_serializer.h:342:44:   required from ‘std::optional<std::variant<xgrammar::DeserializeVersionError, xgrammar::InvalidJSONError, xgrammar::DeserializeFormatError> > xgrammar::detail::json_serializer::AutoDeserializeJSONValuePImpl(T*, const picojson::value&, const std::string&) [with T = xgrammar::CompactFSM; <template-parameter-1-2> = xgrammar::is_pimpl_class<xgrammar::CompactFSM, void>; std::string = std::__cxx11::basic_string<char>]’
/home/ajmalrasi/xgrammar-phase0-20260922/xgrammar/cpp/fsm.cc:866:64:   required from here
/home/ajmalrasi/xgrammar-phase0-20260922/xgrammar/cpp/support/json_serializer.h:280:67: warning: unused parameter ‘idx’ [-Wunused-parameter]
/home/ajmalrasi/xgrammar-phase0-20260922/xgrammar/cpp/support/json_serializer.h: In instantiation of ‘xgrammar::detail::json_serializer::TraitDeserializeJSONValue<xgrammar::Compact2DArray<xgrammar::FSMEdge> >(xgrammar::Compact2DArray<xgrammar::FSMEdge>*, const picojson::value&, const std::string&)::<lambda(auto:33, const char*, std::size_t)> [with auto:33 = std::vector<int> xgrammar::Compact2DArray<xgrammar::FSMEdge>::*; std::size_t = long unsigned int]’:
/home/ajmalrasi/xgrammar-phase0-20260922/xgrammar/cpp/support/reflection.h:159:13:   required from ‘void xgrammar::detail::reflection::visit_config_impl(Fn&&, std::index_sequence<_Idx ...>) [with Ftor = xgrammar::member_functor<xgrammar::Compact2DArray<xgrammar::FSMEdge>, xgrammar::member_type::kConfig>; Fn = xgrammar::detail::json_serializer::TraitDeserializeJSONValue<xgrammar::Compact2DArray<xgrammar::FSMEdge> >(xgrammar::Compact2DArray<xgrammar::FSMEdge>*, const picojson::value&, const std::string&)::<lambda(auto:33, const char*, std::size_t)>&; long unsigned int ...Idx = {0, 1}; std::index_sequence<_Idx ...> = std::integer_sequence<long unsigned int, 0, 1>]’
/home/ajmalrasi/xgrammar-phase0-20260922/xgrammar/cpp/support/reflection.h:226:53:   required from ‘void xgrammar::visit_config(Fn&&) [with T = Compact2DArray<FSMEdge>; Fn = detail::json_serializer::TraitDeserializeJSONValue<xgrammar::Compact2DArray<xgrammar::FSMEdge> >(xgrammar::Compact2DArray<xgrammar::FSMEdge>*, const picojson::value&, const std::string&)::<lambda(auto:33, const char*, std::size_t)>]’
/home/ajmalrasi/xgrammar-phase0-20260922/xgrammar/cpp/support/json_serializer.h:280:22:   required from ‘std::optional<std::variant<xgrammar::DeserializeVersionError, xgrammar::InvalidJSONError, xgrammar::DeserializeFormatError> > xgrammar::detail::json_serializer::TraitDeserializeJSONValue(T*, const picojson::value&, const std::string&) [with T = xgrammar::Compact2DArray<xgrammar::FSMEdge>; std::string = std::__cxx11::basic_string<char>]’
/home/ajmalrasi/xgrammar-phase0-20260922/xgrammar/cpp/support/json_serializer.h:471:72:   required from ‘std::optional<std::variant<xgrammar::DeserializeVersionError, xgrammar::InvalidJSONError, xgrammar::DeserializeFormatError> > xgrammar::AutoDeserializeJSONValue(T*, const picojson::value&, const std::string&) [with T = Compact2DArray<FSMEdge>; std::string = std::__cxx11::basic_string<char>]’
/home/ajmalrasi/xgrammar-phase0-20260922/xgrammar/cpp/support/json_serializer.h:285:53:   required from ‘xgrammar::detail::json_serializer::TraitDeserializeJSONValue<xgrammar::CompactFSM::Impl>(xgrammar::CompactFSM::Impl*, const picojson::value&, const std::string&)::<lambda(auto:33, const char*, std::size_t)> [with auto:33 = xgrammar::Compact2DArray<xgrammar::FSMEdge> xgrammar::FSMImplBase<xgrammar::Compact2DArray<xgrammar::FSMEdge> >::*; std::size_t = long unsigned int]’
/home/ajmalrasi/xgrammar-phase0-20260922/xgrammar/cpp/support/reflection.h:159:13:   required from ‘void xgrammar::detail::reflection::visit_config_impl(Fn&&, std::index_sequence<_Idx ...>) [with Ftor = xgrammar::member_functor<xgrammar::CompactFSM::Impl, xgrammar::member_type::kConfig>; Fn = xgrammar::detail::json_serializer::TraitDeserializeJSONValue<xgrammar::CompactFSM::Impl>(xgrammar::CompactFSM::Impl*, const picojson::value&, const std::string&)::<lambda(auto:33, const char*, std::size_t)>&; long unsigned int ...Idx = {0, 1, 2}; std::index_sequence<_Idx ...> = std::integer_sequence<long unsigned int, 0, 1, 2>]’
/home/ajmalrasi/xgrammar-phase0-20260922/xgrammar/cpp/support/reflection.h:226:53:   required from ‘void xgrammar::visit_config(Fn&&) [with T = CompactFSM::Impl; Fn = detail::json_serializer::TraitDeserializeJSONValue<xgrammar::CompactFSM::Impl>(xgrammar::CompactFSM::Impl*, const picojson::value&, const std::string&)::<lambda(auto:33, const char*, std::size_t)>]’
/home/ajmalrasi/xgrammar-phase0-20260922/xgrammar/cpp/support/json_serializer.h:280:22:   required from ‘std::optional<std::variant<xgrammar::DeserializeVersionError, xgrammar::InvalidJSONError, xgrammar::DeserializeFormatError> > xgrammar::detail::json_serializer::TraitDeserializeJSONValue(T*, const picojson::value&, const std::string&) [with T = xgrammar::CompactFSM::Impl; std::string = std::__cxx11::basic_string<char>]’
/home/ajmalrasi/xgrammar-phase0-20260922/xgrammar/cpp/support/json_serializer.h:471:72:   required from ‘std::optional<std::variant<xgrammar::DeserializeVersionError, xgrammar::InvalidJSONError, xgrammar::DeserializeFormatError> > xgrammar::AutoDeserializeJSONValue(T*, const picojson::value&, const std::string&) [with T = CompactFSM::Impl; std::string = std::__cxx11::basic_string<char>]’
/home/ajmalrasi/xgrammar-phase0-20260922/xgrammar/cpp/support/json_serializer.h:342:44:   required from ‘std::optional<std::variant<xgrammar::DeserializeVersionError, xgrammar::InvalidJSONError, xgrammar::DeserializeFormatError> > xgrammar::detail::json_serializer::AutoDeserializeJSONValuePImpl(T*, const picojson::value&, const std::string&) [with T = xgrammar::CompactFSM; <template-parameter-1-2> = xgrammar::is_pimpl_class<xgrammar::CompactFSM, void>; std::string = std::__cxx11::basic_string<char>]’
/home/ajmalrasi/xgrammar-phase0-20260922/xgrammar/cpp/fsm.cc:866:64:   required from here
/home/ajmalrasi/xgrammar-phase0-20260922/xgrammar/cpp/support/json_serializer.h:280:67: warning: unused parameter ‘idx’ [-Wunused-parameter]
[  3%] Building CXX object cpp/CMakeFiles/edgellmXGrammar.dir/home/ajmalrasi/xgrammar-phase0-20260922/xgrammar/cpp/fsm_builder.cc.o
[  3%] Building CXX object cpp/CMakeFiles/edgellmXGrammar.dir/home/ajmalrasi/xgrammar-phase0-20260922/xgrammar/cpp/grammar.cc.o
In file included from /home/ajmalrasi/xgrammar-phase0-20260922/xgrammar/cpp/support/dynamic_bitset.h:22,
                 from /home/ajmalrasi/xgrammar-phase0-20260922/xgrammar/cpp/compiled_grammar_impl.h:19,
                 from /home/ajmalrasi/xgrammar-phase0-20260922/xgrammar/cpp/grammar_functor.h:17,
                 from /home/ajmalrasi/xgrammar-phase0-20260922/xgrammar/cpp/grammar.cc:13:
/home/ajmalrasi/xgrammar-phase0-20260922/xgrammar/cpp/support/json_serializer.h: In instantiation of ‘xgrammar::detail::json_serializer::TraitDeserializeJSONValue<xgrammar::Grammar::Impl>(xgrammar::Grammar::Impl*, const picojson::value&, const std::string&)::<lambda(auto:33, const char*, std::size_t)> [with auto:33 = std::vector<xgrammar::Grammar::Impl::Rule> xgrammar::Grammar::Impl::*; std::size_t = long unsigned int]’:
/home/ajmalrasi/xgrammar-phase0-20260922/xgrammar/cpp/support/reflection.h:159:13:   required from ‘void xgrammar::detail::reflection::visit_config_impl(Fn&&, std::index_sequence<_Idx ...>) [with Ftor = xgrammar::member_functor<xgrammar::Grammar::Impl, xgrammar::member_type::kConfig>; Fn = xgrammar::detail::json_serializer::TraitDeserializeJSONValue<xgrammar::Grammar::Impl>(xgrammar::Grammar::Impl*, const picojson::value&, const std::string&)::<lambda(auto:33, const char*, std::size_t)>&; long unsigned int ...Idx = {0, 1, 2, 3, 4, 5, 6, 7, 8}; std::index_sequence<_Idx ...> = std::integer_sequence<long unsigned int, 0, 1, 2, 3, 4, 5, 6, 7, 8>]’
/home/ajmalrasi/xgrammar-phase0-20260922/xgrammar/cpp/support/reflection.h:226:53:   required from ‘void xgrammar::visit_config(Fn&&) [with T = Grammar::Impl; Fn = detail::json_serializer::TraitDeserializeJSONValue<xgrammar::Grammar::Impl>(xgrammar::Grammar::Impl*, const picojson::value&, const std::string&)::<lambda(auto:33, const char*, std::size_t)>]’
/home/ajmalrasi/xgrammar-phase0-20260922/xgrammar/cpp/support/json_serializer.h:280:22:   required from ‘std::optional<std::variant<xgrammar::DeserializeVersionError, xgrammar::InvalidJSONError, xgrammar::DeserializeFormatError> > xgrammar::detail::json_serializer::TraitDeserializeJSONValue(T*, const picojson::value&, const std::string&) [with T = xgrammar::Grammar::Impl; std::string = std::__cxx11::basic_string<char>]’
/home/ajmalrasi/xgrammar-phase0-20260922/xgrammar/cpp/support/json_serializer.h:471:72:   required from ‘std::optional<std::variant<xgrammar::DeserializeVersionError, xgrammar::InvalidJSONError, xgrammar::DeserializeFormatError> > xgrammar::AutoDeserializeJSONValue(T*, const picojson::value&, const std::string&) [with T = Grammar::Impl; std::string = std::__cxx11::basic_string<char>]’
/home/ajmalrasi/xgrammar-phase0-20260922/xgrammar/cpp/support/json_serializer.h:342:44:   required from ‘std::optional<std::variant<xgrammar::DeserializeVersionError, xgrammar::InvalidJSONError, xgrammar::DeserializeFormatError> > xgrammar::detail::json_serializer::AutoDeserializeJSONValuePImpl(T*, const picojson::value&, const std::string&) [with T = xgrammar::Grammar; <template-parameter-1-2> = xgrammar::is_pimpl_class<xgrammar::Grammar, void>; std::string = std::__cxx11::basic_string<char>]’
/home/ajmalrasi/xgrammar-phase0-20260922/xgrammar/cpp/support/json_serializer.h:469:66:   required from ‘std::optional<std::variant<xgrammar::DeserializeVersionError, xgrammar::InvalidJSONError, xgrammar::DeserializeFormatError> > xgrammar::AutoDeserializeJSONValue(T*, const picojson::value&, const std::string&) [with T = Grammar; std::string = std::__cxx11::basic_string<char>]’
/home/ajmalrasi/xgrammar-phase0-20260922/xgrammar/cpp/support/json_serializer.h:635:34:   required from ‘std::optional<std::variant<xgrammar::DeserializeVersionError, xgrammar::InvalidJSONError, xgrammar::DeserializeFormatError> > xgrammar::AutoDeserializeJSON(T*, const std::string&, bool, const std::string&) [with T = Grammar; std::string = std::__cxx11::basic_string<char>]’
/home/ajmalrasi/xgrammar-phase0-20260922/xgrammar/cpp/grammar.cc:353:37:   required from here
/home/ajmalrasi/xgrammar-phase0-20260922/xgrammar/cpp/support/json_serializer.h:280:67: warning: unused parameter ‘idx’ [-Wunused-parameter]
  280 |       visit_config<T>([&](auto ptr, const char* name, std::size_t idx) {
      |                                                       ~~~~~~~~~~~~^~~
/home/ajmalrasi/xgrammar-phase0-20260922/xgrammar/cpp/support/json_serializer.h: In instantiation of ‘xgrammar::detail::json_serializer::TraitDeserializeJSONValue<xgrammar::Grammar::Impl>(xgrammar::Grammar::Impl*, const picojson::value&, const std::string&)::<lambda(auto:33, const char*, std::size_t)> [with auto:33 = std::vector<xgrammar::Grammar::Impl::SuffixStopInfo> xgrammar::Grammar::Impl::*; std::size_t = long unsigned int]’:
/home/ajmalrasi/xgrammar-phase0-20260922/xgrammar/cpp/support/reflection.h:159:13:   required from ‘void xgrammar::detail::reflection::visit_config_impl(Fn&&, std::index_sequence<_Idx ...>) [with Ftor = xgrammar::member_functor<xgrammar::Grammar::Impl, xgrammar::member_type::kConfig>; Fn = xgrammar::detail::json_serializer::TraitDeserializeJSONValue<xgrammar::Grammar::Impl>(xgrammar::Grammar::Impl*, const picojson::value&, const std::string&)::<lambda(auto:33, const char*, std::size_t)>&; long unsigned int ...Idx = {0, 1, 2, 3, 4, 5, 6, 7, 8}; std::index_sequence<_Idx ...> = std::integer_sequence<long unsigned int, 0, 1, 2, 3, 4, 5, 6, 7, 8>]’
/home/ajmalrasi/xgrammar-phase0-20260922/xgrammar/cpp/support/reflection.h:226:53:   required from ‘void xgrammar::visit_config(Fn&&) [with T = Grammar::Impl; Fn = detail::json_serializer::TraitDeserializeJSONValue<xgrammar::Grammar::Impl>(xgrammar::Grammar::Impl*, const picojson::value&, const std::string&)::<lambda(auto:33, const char*, std::size_t)>]’
/home/ajmalrasi/xgrammar-phase0-20260922/xgrammar/cpp/support/json_serializer.h:280:22:   required from ‘std::optional<std::variant<xgrammar::DeserializeVersionError, xgrammar::InvalidJSONError, xgrammar::DeserializeFormatError> > xgrammar::detail::json_serializer::TraitDeserializeJSONValue(T*, const picojson::value&, const std::string&) [with T = xgrammar::Grammar::Impl; std::string = std::__cxx11::basic_string<char>]’
/home/ajmalrasi/xgrammar-phase0-20260922/xgrammar/cpp/support/json_serializer.h:471:72:   required from ‘std::optional<std::variant<xgrammar::DeserializeVersionError, xgrammar::InvalidJSONError, xgrammar::DeserializeFormatError> > xgrammar::AutoDeserializeJSONValue(T*, const picojson::value&, const std::string&) [with T = Grammar::Impl; std::string = std::__cxx11::basic_string<char>]’
/home/ajmalrasi/xgrammar-phase0-20260922/xgrammar/cpp/support/json_serializer.h:342:44:   required from ‘std::optional<std::variant<xgrammar::DeserializeVersionError, xgrammar::InvalidJSONError, xgrammar::DeserializeFormatError> > xgrammar::detail::json_serializer::AutoDeserializeJSONValuePImpl(T*, const picojson::value&, const std::string&) [with T = xgrammar::Grammar; <template-parameter-1-2> = xgrammar::is_pimpl_class<xgrammar::Grammar, void>; std::string = std::__cxx11::basic_string<char>]’
/home/ajmalrasi/xgrammar-phase0-20260922/xgrammar/cpp/support/json_serializer.h:469:66:   required from ‘std::optional<std::variant<xgrammar::DeserializeVersionError, xgrammar::InvalidJSONError, xgrammar::DeserializeFormatError> > xgrammar::AutoDeserializeJSONValue(T*, const picojson::value&, const std::string&) [with T = Grammar; std::string = std::__cxx11::basic_string<char>]’
/home/ajmalrasi/xgrammar-phase0-20260922/xgrammar/cpp/support/json_serializer.h:635:34:   required from ‘std::optional<std::variant<xgrammar::DeserializeVersionError, xgrammar::InvalidJSONError, xgrammar::DeserializeFormatError> > xgrammar::AutoDeserializeJSON(T*, const std::string&, bool, const std::string&) [with T = Grammar; std::string = std::__cxx11::basic_string<char>]’
/home/ajmalrasi/xgrammar-phase0-20260922/xgrammar/cpp/grammar.cc:353:37:   required from here
/home/ajmalrasi/xgrammar-phase0-20260922/xgrammar/cpp/support/json_serializer.h:280:67: warning: unused parameter ‘idx’ [-Wunused-parameter]
/home/ajmalrasi/xgrammar-phase0-20260922/xgrammar/cpp/support/json_serializer.h: In instantiation of ‘xgrammar::detail::json_serializer::TraitDeserializeJSONValue<xgrammar::Grammar::Impl>(xgrammar::Grammar::Impl*, const picojson::value&, const std::string&)::<lambda(auto:33, const char*, std::size_t)> [with auto:33 = std::vector<int> xgrammar::Grammar::Impl::*; std::size_t = long unsigned int]’:
/home/ajmalrasi/xgrammar-phase0-20260922/xgrammar/cpp/support/reflection.h:159:13:   required from ‘void xgrammar::detail::reflection::visit_config_impl(Fn&&, std::index_sequence<_Idx ...>) [with Ftor = xgrammar::member_functor<xgrammar::Grammar::Impl, xgrammar::member_type::kConfig>; Fn = xgrammar::detail::json_serializer::TraitDeserializeJSONValue<xgrammar::Grammar::Impl>(xgrammar::Grammar::Impl*, const picojson::value&, const std::string&)::<lambda(auto:33, const char*, std::size_t)>&; long unsigned int ...Idx = {0, 1, 2, 3, 4, 5, 6, 7, 8}; std::index_sequence<_Idx ...> = std::integer_sequence<long unsigned int, 0, 1, 2, 3, 4, 5, 6, 7, 8>]’
/home/ajmalrasi/xgrammar-phase0-20260922/xgrammar/cpp/support/reflection.h:226:53:   required from ‘void xgrammar::visit_config(Fn&&) [with T = Grammar::Impl; Fn = detail::json_serializer::TraitDeserializeJSONValue<xgrammar::Grammar::Impl>(xgrammar::Grammar::Impl*, const picojson::value&, const std::string&)::<lambda(auto:33, const char*, std::size_t)>]’
/home/ajmalrasi/xgrammar-phase0-20260922/xgrammar/cpp/support/json_serializer.h:280:22:   required from ‘std::optional<std::variant<xgrammar::DeserializeVersionError, xgrammar::InvalidJSONError, xgrammar::DeserializeFormatError> > xgrammar::detail::json_serializer::TraitDeserializeJSONValue(T*, const picojson::value&, const std::string&) [with T = xgrammar::Grammar::Impl; std::string = std::__cxx11::basic_string<char>]’
/home/ajmalrasi/xgrammar-phase0-20260922/xgrammar/cpp/support/json_serializer.h:471:72:   required from ‘std::optional<std::variant<xgrammar::DeserializeVersionError, xgrammar::InvalidJSONError, xgrammar::DeserializeFormatError> > xgrammar::AutoDeserializeJSONValue(T*, const picojson::value&, const std::string&) [with T = Grammar::Impl; std::string = std::__cxx11::basic_string<char>]’
/home/ajmalrasi/xgrammar-phase0-20260922/xgrammar/cpp/support/json_serializer.h:342:44:   required from ‘std::optional<std::variant<xgrammar::DeserializeVersionError, xgrammar::InvalidJSONError, xgrammar::DeserializeFormatError> > xgrammar::detail::json_serializer::AutoDeserializeJSONValuePImpl(T*, const picojson::value&, const std::string&) [with T = xgrammar::Grammar; <template-parameter-1-2> = xgrammar::is_pimpl_class<xgrammar::Grammar, void>; std::string = std::__cxx11::basic_string<char>]’
/home/ajmalrasi/xgrammar-phase0-20260922/xgrammar/cpp/support/json_serializer.h:469:66:   required from ‘std::optional<std::variant<xgrammar::DeserializeVersionError, xgrammar::InvalidJSONError, xgrammar::DeserializeFormatError> > xgrammar::AutoDeserializeJSONValue(T*, const picojson::value&, const std::string&) [with T = Grammar; std::string = std::__cxx11::basic_string<char>]’
/home/ajmalrasi/xgrammar-phase0-20260922/xgrammar/cpp/support/json_serializer.h:635:34:   required from ‘std::optional<std::variant<xgrammar::DeserializeVersionError, xgrammar::InvalidJSONError, xgrammar::DeserializeFormatError> > xgrammar::AutoDeserializeJSON(T*, const std::string&, bool, const std::string&) [with T = Grammar; std::string = std::__cxx11::basic_string<char>]’
/home/ajmalrasi/xgrammar-phase0-20260922/xgrammar/cpp/grammar.cc:353:37:   required from here
/home/ajmalrasi/xgrammar-phase0-20260922/xgrammar/cpp/support/json_serializer.h:280:67: warning: unused parameter ‘idx’ [-Wunused-parameter]
/home/ajmalrasi/xgrammar-phase0-20260922/xgrammar/cpp/support/json_serializer.h: In instantiation of ‘xgrammar::detail::json_serializer::TraitDeserializeJSONValue<xgrammar::Grammar::Impl>(xgrammar::Grammar::Impl*, const picojson::value&, const std::string&)::<lambda(auto:33, const char*, std::size_t)> [with auto:33 = int xgrammar::Grammar::Impl::*; std::size_t = long unsigned int]’:
/home/ajmalrasi/xgrammar-phase0-20260922/xgrammar/cpp/support/reflection.h:159:13:   required from ‘void xgrammar::detail::reflection::visit_config_impl(Fn&&, std::index_sequence<_Idx ...>) [with Ftor = xgrammar::member_functor<xgrammar::Grammar::Impl, xgrammar::member_type::kConfig>; Fn = xgrammar::detail::json_serializer::TraitDeserializeJSONValue<xgrammar::Grammar::Impl>(xgrammar::Grammar::Impl*, const picojson::value&, const std::string&)::<lambda(auto:33, const char*, std::size_t)>&; long unsigned int ...Idx = {0, 1, 2, 3, 4, 5, 6, 7, 8}; std::index_sequence<_Idx ...> = std::integer_sequence<long unsigned int, 0, 1, 2, 3, 4, 5, 6, 7, 8>]’
/home/ajmalrasi/xgrammar-phase0-20260922/xgrammar/cpp/support/reflection.h:226:53:   required from ‘void xgrammar::visit_config(Fn&&) [with T = Grammar::Impl; Fn = detail::json_serializer::TraitDeserializeJSONValue<xgrammar::Grammar::Impl>(xgrammar::Grammar::Impl*, const picojson::value&, const std::string&)::<lambda(auto:33, const char*, std::size_t)>]’
/home/ajmalrasi/xgrammar-phase0-20260922/xgrammar/cpp/support/json_serializer.h:280:22:   required from ‘std::optional<std::variant<xgrammar::DeserializeVersionError, xgrammar::InvalidJSONError, xgrammar::DeserializeFormatError> > xgrammar::detail::json_serializer::TraitDeserializeJSONValue(T*, const picojson::value&, const std::string&) [with T = xgrammar::Grammar::Impl; std::string = std::__cxx11::basic_string<char>]’
/home/ajmalrasi/xgrammar-phase0-20260922/xgrammar/cpp/support/json_serializer.h:471:72:   required from ‘std::optional<std::variant<xgrammar::DeserializeVersionError, xgrammar::InvalidJSONError, xgrammar::DeserializeFormatError> > xgrammar::AutoDeserializeJSONValue(T*, const picojson::value&, const std::string&) [with T = Grammar::Impl; std::string = std::__cxx11::basic_string<char>]’
/home/ajmalrasi/xgrammar-phase0-20260922/xgrammar/cpp/support/json_serializer.h:342:44:   required from ‘std::optional<std::variant<xgrammar::DeserializeVersionError, xgrammar::InvalidJSONError, xgrammar::DeserializeFormatError> > xgrammar::detail::json_serializer::AutoDeserializeJSONValuePImpl(T*, const picojson::value&, const std::string&) [with T = xgrammar::Grammar; <template-parameter-1-2> = xgrammar::is_pimpl_class<xgrammar::Grammar, void>; std::string = std::__cxx11::basic_string<char>]’
/home/ajmalrasi/xgrammar-phase0-20260922/xgrammar/cpp/support/json_serializer.h:469:66:   required from ‘std::optional<std::variant<xgrammar::DeserializeVersionError, xgrammar::InvalidJSONError, xgrammar::DeserializeFormatError> > xgrammar::AutoDeserializeJSONValue(T*, const picojson::value&, const std::string&) [with T = Grammar; std::string = std::__cxx11::basic_string<char>]’
/home/ajmalrasi/xgrammar-phase0-20260922/xgrammar/cpp/support/json_serializer.h:635:34:   required from ‘std::optional<std::variant<xgrammar::DeserializeVersionError, xgrammar::InvalidJSONError, xgrammar::DeserializeFormatError> > xgrammar::AutoDeserializeJSON(T*, const std::string&, bool, const std::string&) [with T = Grammar; std::string = std::__cxx11::basic_string<char>]’
/home/ajmalrasi/xgrammar-phase0-20260922/xgrammar/cpp/grammar.cc:353:37:   required from here
/home/ajmalrasi/xgrammar-phase0-20260922/xgrammar/cpp/support/json_serializer.h:280:67: warning: unused parameter ‘idx’ [-Wunused-parameter]
/home/ajmalrasi/xgrammar-phase0-20260922/xgrammar/cpp/support/json_serializer.h: In instantiation of ‘xgrammar::detail::json_serializer::TraitDeserializeJSONValue<xgrammar::Grammar::Impl>(xgrammar::Grammar::Impl*, const picojson::value&, const std::string&)::<lambda(auto:33, const char*, std::size_t)> [with auto:33 = xgrammar::CompactFSM xgrammar::Grammar::Impl::*; std::size_t = long unsigned int]’:
/home/ajmalrasi/xgrammar-phase0-20260922/xgrammar/cpp/support/reflection.h:159:13:   required from ‘void xgrammar::detail::reflection::visit_config_impl(Fn&&, std::index_sequence<_Idx ...>) [with Ftor = xgrammar::member_functor<xgrammar::Grammar::Impl, xgrammar::member_type::kConfig>; Fn = xgrammar::detail::json_serializer::TraitDeserializeJSONValue<xgrammar::Grammar::Impl>(xgrammar::Grammar::Impl*, const picojson::value&, const std::string&)::<lambda(auto:33, const char*, std::size_t)>&; long unsigned int ...Idx = {0, 1, 2, 3, 4, 5, 6, 7, 8}; std::index_sequence<_Idx ...> = std::integer_sequence<long unsigned int, 0, 1, 2, 3, 4, 5, 6, 7, 8>]’
/home/ajmalrasi/xgrammar-phase0-20260922/xgrammar/cpp/support/reflection.h:226:53:   required from ‘void xgrammar::visit_config(Fn&&) [with T = Grammar::Impl; Fn = detail::json_serializer::TraitDeserializeJSONValue<xgrammar::Grammar::Impl>(xgrammar::Grammar::Impl*, const picojson::value&, const std::string&)::<lambda(auto:33, const char*, std::size_t)>]’
/home/ajmalrasi/xgrammar-phase0-20260922/xgrammar/cpp/support/json_serializer.h:280:22:   required from ‘std::optional<std::variant<xgrammar::DeserializeVersionError, xgrammar::InvalidJSONError, xgrammar::DeserializeFormatError> > xgrammar::detail::json_serializer::TraitDeserializeJSONValue(T*, const picojson::value&, const std::string&) [with T = xgrammar::Grammar::Impl; std::string = std::__cxx11::basic_string<char>]’
/home/ajmalrasi/xgrammar-phase0-20260922/xgrammar/cpp/support/json_serializer.h:471:72:   required from ‘std::optional<std::variant<xgrammar::DeserializeVersionError, xgrammar::InvalidJSONError, xgrammar::DeserializeFormatError> > xgrammar::AutoDeserializeJSONValue(T*, const picojson::value&, const std::string&) [with T = Grammar::Impl; std::string = std::__cxx11::basic_string<char>]’
/home/ajmalrasi/xgrammar-phase0-20260922/xgrammar/cpp/support/json_serializer.h:342:44:   required from ‘std::optional<std::variant<xgrammar::DeserializeVersionError, xgrammar::InvalidJSONError, xgrammar::DeserializeFormatError> > xgrammar::detail::json_serializer::AutoDeserializeJSONValuePImpl(T*, const picojson::value&, const std::string&) [with T = xgrammar::Grammar; <template-parameter-1-2> = xgrammar::is_pimpl_class<xgrammar::Grammar, void>; std::string = std::__cxx11::basic_string<char>]’
/home/ajmalrasi/xgrammar-phase0-20260922/xgrammar/cpp/support/json_serializer.h:469:66:   required from ‘std::optional<std::variant<xgrammar::DeserializeVersionError, xgrammar::InvalidJSONError, xgrammar::DeserializeFormatError> > xgrammar::AutoDeserializeJSONValue(T*, const picojson::value&, const std::string&) [with T = Grammar; std::string = std::__cxx11::basic_string<char>]’
/home/ajmalrasi/xgrammar-phase0-20260922/xgrammar/cpp/support/json_serializer.h:635:34:   required from ‘std::optional<std::variant<xgrammar::DeserializeVersionError, xgrammar::InvalidJSONError, xgrammar::DeserializeFormatError> > xgrammar::AutoDeserializeJSON(T*, const std::string&, bool, const std::string&) [with T = Grammar; std::string = std::__cxx11::basic_string<char>]’
/home/ajmalrasi/xgrammar-phase0-20260922/xgrammar/cpp/grammar.cc:353:37:   required from here
/home/ajmalrasi/xgrammar-phase0-20260922/xgrammar/cpp/support/json_serializer.h:280:67: warning: unused parameter ‘idx’ [-Wunused-parameter]
/home/ajmalrasi/xgrammar-phase0-20260922/xgrammar/cpp/support/json_serializer.h: In instantiation of ‘xgrammar::detail::json_serializer::TraitDeserializeJSONValue<xgrammar::Grammar::Impl>(xgrammar::Grammar::Impl*, const picojson::value&, const std::string&)::<lambda(auto:33, const char*, std::size_t)> [with auto:33 = std::vector<std::optional<xgrammar::CompactFSMWithStartEndWithSize> > xgrammar::Grammar::Impl::*; std::size_t = long unsigned int]’:
/home/ajmalrasi/xgrammar-phase0-20260922/xgrammar/cpp/support/reflection.h:159:13:   required from ‘void xgrammar::detail::reflection::visit_config_impl(Fn&&, std::index_sequence<_Idx ...>) [with Ftor = xgrammar::member_functor<xgrammar::Grammar::Impl, xgrammar::member_type::kConfig>; Fn = xgrammar::detail::json_serializer::TraitDeserializeJSONValue<xgrammar::Grammar::Impl>(xgrammar::Grammar::Impl*, const picojson::value&, const std::string&)::<lambda(auto:33, const char*, std::size_t)>&; long unsigned int ...Idx = {0, 1, 2, 3, 4, 5, 6, 7, 8}; std::index_sequence<_Idx ...> = std::integer_sequence<long unsigned int, 0, 1, 2, 3, 4, 5, 6, 7, 8>]’
/home/ajmalrasi/xgrammar-phase0-20260922/xgrammar/cpp/support/reflection.h:226:53:   required from ‘void xgrammar::visit_config(Fn&&) [with T = Grammar::Impl; Fn = detail::json_serializer::TraitDeserializeJSONValue<xgrammar::Grammar::Impl>(xgrammar::Grammar::Impl*, const picojson::value&, const std::string&)::<lambda(auto:33, const char*, std::size_t)>]’
/home/ajmalrasi/xgrammar-phase0-20260922/xgrammar/cpp/support/json_serializer.h:280:22:   required from ‘std::optional<std::variant<xgrammar::DeserializeVersionError, xgrammar::InvalidJSONError, xgrammar::DeserializeFormatError> > xgrammar::detail::json_serializer::TraitDeserializeJSONValue(T*, const picojson::value&, const std::string&) [with T = xgrammar::Grammar::Impl; std::string = std::__cxx11::basic_string<char>]’
/home/ajmalrasi/xgrammar-phase0-20260922/xgrammar/cpp/support/json_serializer.h:471:72:   required from ‘std::optional<std::variant<xgrammar::DeserializeVersionError, xgrammar::InvalidJSONError, xgrammar::DeserializeFormatError> > xgrammar::AutoDeserializeJSONValue(T*, const picojson::value&, const std::string&) [with T = Grammar::Impl; std::string = std::__cxx11::basic_string<char>]’
/home/ajmalrasi/xgrammar-phase0-20260922/xgrammar/cpp/support/json_serializer.h:342:44:   required from ‘std::optional<std::variant<xgrammar::DeserializeVersionError, xgrammar::InvalidJSONError, xgrammar::DeserializeFormatError> > xgrammar::detail::json_serializer::AutoDeserializeJSONValuePImpl(T*, const picojson::value&, const std::string&) [with T = xgrammar::Grammar; <template-parameter-1-2> = xgrammar::is_pimpl_class<xgrammar::Grammar, void>; std::string = std::__cxx11::basic_string<char>]’
/home/ajmalrasi/xgrammar-phase0-20260922/xgrammar/cpp/support/json_serializer.h:469:66:   required from ‘std::optional<std::variant<xgrammar::DeserializeVersionError, xgrammar::InvalidJSONError, xgrammar::DeserializeFormatError> > xgrammar::AutoDeserializeJSONValue(T*, const picojson::value&, const std::string&) [with T = Grammar; std::string = std::__cxx11::basic_string<char>]’
/home/ajmalrasi/xgrammar-phase0-20260922/xgrammar/cpp/support/json_serializer.h:635:34:   required from ‘std::optional<std::variant<xgrammar::DeserializeVersionError, xgrammar::InvalidJSONError, xgrammar::DeserializeFormatError> > xgrammar::AutoDeserializeJSON(T*, const std::string&, bool, const std::string&) [with T = Grammar; std::string = std::__cxx11::basic_string<char>]’
/home/ajmalrasi/xgrammar-phase0-20260922/xgrammar/cpp/grammar.cc:353:37:   required from here
/home/ajmalrasi/xgrammar-phase0-20260922/xgrammar/cpp/support/json_serializer.h:280:67: warning: unused parameter ‘idx’ [-Wunused-parameter]
/home/ajmalrasi/xgrammar-phase0-20260922/xgrammar/cpp/support/json_serializer.h: In instantiation of ‘xgrammar::detail::json_serializer::TraitDeserializeJSONValue<xgrammar::Grammar::Impl>(xgrammar::Grammar::Impl*, const picojson::value&, const std::string&)::<lambda(auto:33, const char*, std::size_t)> [with auto:33 = bool xgrammar::Grammar::Impl::*; std::size_t = long unsigned int]’:
/home/ajmalrasi/xgrammar-phase0-20260922/xgrammar/cpp/support/reflection.h:159:13:   required from ‘void xgrammar::detail::reflection::visit_config_impl(Fn&&, std::index_sequence<_Idx ...>) [with Ftor = xgrammar::member_functor<xgrammar::Grammar::Impl, xgrammar::member_type::kConfig>; Fn = xgrammar::detail::json_serializer::TraitDeserializeJSONValue<xgrammar::Grammar::Impl>(xgrammar::Grammar::Impl*, const picojson::value&, const std::string&)::<lambda(auto:33, const char*, std::size_t)>&; long unsigned int ...Idx = {0, 1, 2, 3, 4, 5, 6, 7, 8}; std::index_sequence<_Idx ...> = std::integer_sequence<long unsigned int, 0, 1, 2, 3, 4, 5, 6, 7, 8>]’
/home/ajmalrasi/xgrammar-phase0-20260922/xgrammar/cpp/support/reflection.h:226:53:   required from ‘void xgrammar::visit_config(Fn&&) [with T = Grammar::Impl; Fn = detail::json_serializer::TraitDeserializeJSONValue<xgrammar::Grammar::Impl>(xgrammar::Grammar::Impl*, const picojson::value&, const std::string&)::<lambda(auto:33, const char*, std::size_t)>]’
/home/ajmalrasi/xgrammar-phase0-20260922/xgrammar/cpp/support/json_serializer.h:280:22:   required from ‘std::optional<std::variant<xgrammar::DeserializeVersionError, xgrammar::InvalidJSONError, xgrammar::DeserializeFormatError> > xgrammar::detail::json_serializer::TraitDeserializeJSONValue(T*, const picojson::value&, const std::string&) [with T = xgrammar::Grammar::Impl; std::string = std::__cxx11::basic_string<char>]’
/home/ajmalrasi/xgrammar-phase0-20260922/xgrammar/cpp/support/json_serializer.h:471:72:   required from ‘std::optional<std::variant<xgrammar::DeserializeVersionError, xgrammar::InvalidJSONError, xgrammar::DeserializeFormatError> > xgrammar::AutoDeserializeJSONValue(T*, const picojson::value&, const std::string&) [with T = Grammar::Impl; std::string = std::__cxx11::basic_string<char>]’
/home/ajmalrasi/xgrammar-phase0-20260922/xgrammar/cpp/support/json_serializer.h:342:44:   required from ‘std::optional<std::variant<xgrammar::DeserializeVersionError, xgrammar::InvalidJSONError, xgrammar::DeserializeFormatError> > xgrammar::detail::json_serializer::AutoDeserializeJSONValuePImpl(T*, const picojson::value&, const std::string&) [with T = xgrammar::Grammar; <template-parameter-1-2> = xgrammar::is_pimpl_class<xgrammar::Grammar, void>; std::string = std::__cxx11::basic_string<char>]’
/home/ajmalrasi/xgrammar-phase0-20260922/xgrammar/cpp/support/json_serializer.h:469:66:   required from ‘std::optional<std::variant<xgrammar::DeserializeVersionError, xgrammar::InvalidJSONError, xgrammar::DeserializeFormatError> > xgrammar::AutoDeserializeJSONValue(T*, const picojson::value&, const std::string&) [with T = Grammar; std::string = std::__cxx11::basic_string<char>]’
/home/ajmalrasi/xgrammar-phase0-20260922/xgrammar/cpp/support/json_serializer.h:635:34:   required from ‘std::optional<std::variant<xgrammar::DeserializeVersionError, xgrammar::InvalidJSONError, xgrammar::DeserializeFormatError> > xgrammar::AutoDeserializeJSON(T*, const std::string&, bool, const std::string&) [with T = Grammar; std::string = std::__cxx11::basic_string<char>]’
/home/ajmalrasi/xgrammar-phase0-20260922/xgrammar/cpp/grammar.cc:353:37:   required from here
/home/ajmalrasi/xgrammar-phase0-20260922/xgrammar/cpp/support/json_serializer.h:280:67: warning: unused parameter ‘idx’ [-Wunused-parameter]
[  3%] Building CXX object cpp/CMakeFiles/edgellmXGrammar.dir/home/ajmalrasi/xgrammar-phase0-20260922/xgrammar/cpp/grammar_builder.cc.o
[  5%] Building CXX object cpp/CMakeFiles/edgellmXGrammar.dir/home/ajmalrasi/xgrammar-phase0-20260922/xgrammar/cpp/grammar_compiler.cc.o
In file included from /home/ajmalrasi/xgrammar-phase0-20260922/xgrammar/cpp/fsm.h:25,
                 from /home/ajmalrasi/xgrammar-phase0-20260922/xgrammar/cpp/grammar_impl.h:17,
                 from /home/ajmalrasi/xgrammar-phase0-20260922/xgrammar/cpp/earley_parser.h:19,
                 from /home/ajmalrasi/xgrammar-phase0-20260922/xgrammar/cpp/compiled_grammar_impl.h:18,
                 from /home/ajmalrasi/xgrammar-phase0-20260922/xgrammar/cpp/grammar_compiler.cc:21:
/home/ajmalrasi/xgrammar-phase0-20260922/xgrammar/cpp/grammar_compiler.cc: In function ‘bool xgrammar::operator==(const GrammarCompilerCacheKeys::BuiltinJSONGrammarKey&, const GrammarCompilerCacheKeys::BuiltinJSONGrammarKey&)’:
/home/ajmalrasi/xgrammar-phase0-20260922/xgrammar/cpp/support/utils.h:413:38: warning: unused parameter ‘lhs’ [-Wunused-parameter]
  413 |   friend bool operator==(const Type& lhs, const Type& rhs) noexcept { return true; } \
      |                          ~~~~~~~~~~~~^~~
/home/ajmalrasi/xgrammar-phase0-20260922/xgrammar/cpp/grammar_compiler.cc:1353:5: note: in expansion of macro ‘XGRAMMAR_EQUAL_BY_MEMBERS_EMPTY’
 1353 |     XGRAMMAR_EQUAL_BY_MEMBERS_EMPTY(BuiltinJSONGrammarKey);
      |     ^~~~~~~~~~~~~~~~~~~~~~~~~~~~~~~
/home/ajmalrasi/xgrammar-phase0-20260922/xgrammar/cpp/support/utils.h:413:55: warning: unused parameter ‘rhs’ [-Wunused-parameter]
  413 |   friend bool operator==(const Type& lhs, const Type& rhs) noexcept { return true; } \
      |                                           ~~~~~~~~~~~~^~~
/home/ajmalrasi/xgrammar-phase0-20260922/xgrammar/cpp/grammar_compiler.cc:1353:5: note: in expansion of macro ‘XGRAMMAR_EQUAL_BY_MEMBERS_EMPTY’
 1353 |     XGRAMMAR_EQUAL_BY_MEMBERS_EMPTY(BuiltinJSONGrammarKey);
      |     ^~~~~~~~~~~~~~~~~~~~~~~~~~~~~~~
/home/ajmalrasi/xgrammar-phase0-20260922/xgrammar/cpp/grammar_compiler.cc: In function ‘bool xgrammar::operator!=(const GrammarCompilerCacheKeys::BuiltinJSONGrammarKey&, const GrammarCompilerCacheKeys::BuiltinJSONGrammarKey&)’:
/home/ajmalrasi/xgrammar-phase0-20260922/xgrammar/cpp/support/utils.h:414:38: warning: unused parameter ‘lhs’ [-Wunused-parameter]
  414 |   friend bool operator!=(const Type& lhs, const Type& rhs) noexcept { return false; }
      |                          ~~~~~~~~~~~~^~~
/home/ajmalrasi/xgrammar-phase0-20260922/xgrammar/cpp/grammar_compiler.cc:1353:5: note: in expansion of macro ‘XGRAMMAR_EQUAL_BY_MEMBERS_EMPTY’
 1353 |     XGRAMMAR_EQUAL_BY_MEMBERS_EMPTY(BuiltinJSONGrammarKey);
      |     ^~~~~~~~~~~~~~~~~~~~~~~~~~~~~~~
/home/ajmalrasi/xgrammar-phase0-20260922/xgrammar/cpp/support/utils.h:414:55: warning: unused parameter ‘rhs’ [-Wunused-parameter]
  414 |   friend bool operator!=(const Type& lhs, const Type& rhs) noexcept { return false; }
      |                                           ~~~~~~~~~~~~^~~
/home/ajmalrasi/xgrammar-phase0-20260922/xgrammar/cpp/grammar_compiler.cc:1353:5: note: in expansion of macro ‘XGRAMMAR_EQUAL_BY_MEMBERS_EMPTY’
 1353 |     XGRAMMAR_EQUAL_BY_MEMBERS_EMPTY(BuiltinJSONGrammarKey);
      |     ^~~~~~~~~~~~~~~~~~~~~~~~~~~~~~~
[  5%] Building CXX object cpp/CMakeFiles/edgellmXGrammar.dir/home/ajmalrasi/xgrammar-phase0-20260922/xgrammar/cpp/grammar_functor.cc.o
/home/ajmalrasi/xgrammar-phase0-20260922/xgrammar/cpp/grammar_functor.cc: In member function ‘virtual xgrammar::Grammar xgrammar::GrammarUnionFunctorImpl::Apply(const xgrammar::Grammar&)’:
/home/ajmalrasi/xgrammar-phase0-20260922/xgrammar/cpp/grammar_functor.cc:156:32: warning: unused parameter ‘grammar’ [-Wunused-parameter]
  156 |   Grammar Apply(const Grammar& grammar) final {
      |                 ~~~~~~~~~~~~~~~^~~~~~~
/home/ajmalrasi/xgrammar-phase0-20260922/xgrammar/cpp/grammar_functor.cc: In member function ‘virtual xgrammar::Grammar xgrammar::GrammarConcatFunctorImpl::Apply(const xgrammar::Grammar&)’:
/home/ajmalrasi/xgrammar-phase0-20260922/xgrammar/cpp/grammar_functor.cc:194:32: warning: unused parameter ‘grammar’ [-Wunused-parameter]
  194 |   Grammar Apply(const Grammar& grammar) final {
      |                 ~~~~~~~~~~~~~~~^~~~~~~
[  5%] Building CXX object cpp/CMakeFiles/edgellmXGrammar.dir/home/ajmalrasi/xgrammar-phase0-20260922/xgrammar/cpp/grammar_matcher.cc.o
/home/ajmalrasi/xgrammar-phase0-20260922/xgrammar/cpp/grammar_matcher.cc: In constructor ‘xgrammar::GrammarMatcher::Impl::Impl(const xgrammar::CompiledGrammar&, std::optional<std::vector<int> >, bool, int, std::optional<float>)’:
/home/ajmalrasi/xgrammar-phase0-20260922/xgrammar/cpp/grammar_matcher.cc:474:11: warning: unused parameter ‘max_rollback_tokens’ [-Wunused-parameter]
  474 |       int max_rollback_tokens = -1,
      |       ~~~~^~~~~~~~~~~~~~~~~~~~~~~~
[  6%] Building CXX object cpp/CMakeFiles/edgellmXGrammar.dir/home/ajmalrasi/xgrammar-phase0-20260922/xgrammar/cpp/grammar_parser.cc.o
[  6%] Building CXX object cpp/CMakeFiles/edgellmXGrammar.dir/home/ajmalrasi/xgrammar-phase0-20260922/xgrammar/cpp/grammar_printer.cc.o
/home/ajmalrasi/xgrammar-phase0-20260922/xgrammar/cpp/grammar_printer.cc: In member function ‘std::string xgrammar::GrammarPrinter::PrintEmptyStr(const GrammarExpr&)’:
/home/ajmalrasi/xgrammar-phase0-20260922/xgrammar/cpp/grammar_printer.cc:157:62: warning: unused parameter ‘grammar_expr’ [-Wunused-parameter]
  157 | std::string GrammarPrinter::PrintEmptyStr(const GrammarExpr& grammar_expr) { return "\"\""; }
      |                                           ~~~~~~~~~~~~~~~~~~~^~~~~~~~~~~~
[  6%] Building CXX object cpp/CMakeFiles/edgellmXGrammar.dir/home/ajmalrasi/xgrammar-phase0-20260922/xgrammar/cpp/json_schema_converter.cc.o
/home/ajmalrasi/xgrammar-phase0-20260922/xgrammar/cpp/json_schema_converter.cc: In member function ‘xgrammar::Result<std::shared_ptr<xgrammar::SchemaSpec>, xgrammar::TypedError<xgrammar::{anonymous}::SchemaErrorType> > xgrammar::{anonymous}::SchemaParser::ResolveRef(const std::string&, const std::string&)’:
/home/ajmalrasi/xgrammar-phase0-20260922/xgrammar/cpp/json_schema_converter.cc:1465:48: warning: unused parameter ‘rule_name_hint’ [-Wunused-parameter]
 1465 |     const std::string& uri, const std::string& rule_name_hint
      |                             ~~~~~~~~~~~~~~~~~~~^~~~~~~~~~~~~~
/home/ajmalrasi/xgrammar-phase0-20260922/xgrammar/cpp/json_schema_converter.cc: In member function ‘virtual int32_t xgrammar::JSONSchemaConverter::GenerateBoolean(const xgrammar::BooleanSpec&, const std::string&)’:
/home/ajmalrasi/xgrammar-phase0-20260922/xgrammar/cpp/json_schema_converter.cc:2402:24: warning: unused parameter ‘spec’ [-Wunused-parameter]
 2402 |     const BooleanSpec& spec, const std::string& rule_name
      |     ~~~~~~~~~~~~~~~~~~~^~~~
/home/ajmalrasi/xgrammar-phase0-20260922/xgrammar/cpp/json_schema_converter.cc:2402:49: warning: unused parameter ‘rule_name’ [-Wunused-parameter]
 2402 |     const BooleanSpec& spec, const std::string& rule_name
      |                              ~~~~~~~~~~~~~~~~~~~^~~~~~~~~
/home/ajmalrasi/xgrammar-phase0-20260922/xgrammar/cpp/json_schema_converter.cc: In member function ‘virtual int32_t xgrammar::JSONSchemaConverter::GenerateNull(const xgrammar::NullSpec&, const std::string&)’:
/home/ajmalrasi/xgrammar-phase0-20260922/xgrammar/cpp/json_schema_converter.cc:2407:59: warning: unused parameter ‘spec’ [-Wunused-parameter]
 2407 | int32_t JSONSchemaConverter::GenerateNull(const NullSpec& spec, const std::string& rule_name) {
      |                                           ~~~~~~~~~~~~~~~~^~~~
/home/ajmalrasi/xgrammar-phase0-20260922/xgrammar/cpp/json_schema_converter.cc:2407:84: warning: unused parameter ‘rule_name’ [-Wunused-parameter]
 2407 | int32_t JSONSchemaConverter::GenerateNull(const NullSpec& spec, const std::string& rule_name) {
      |                                                                 ~~~~~~~~~~~~~~~~~~~^~~~~~~~~
/home/ajmalrasi/xgrammar-phase0-20260922/xgrammar/cpp/json_schema_converter.cc: In member function ‘virtual int32_t xgrammar::JSONSchemaConverter::FormatPropertyKey(const std::string&, const xgrammar::SchemaSpecPtr&)’:
/home/ajmalrasi/xgrammar-phase0-20260922/xgrammar/cpp/json_schema_converter.cc:2507:50: warning: unused parameter ‘schema’ [-Wunused-parameter]
 2507 |     const std::string& key, const SchemaSpecPtr& schema
      |                             ~~~~~~~~~~~~~~~~~~~~~^~~~~~
/home/ajmalrasi/xgrammar-phase0-20260922/xgrammar/cpp/json_schema_converter.cc: In member function ‘virtual int32_t xgrammar::JSONSchemaConverter::FormatProperty(const std::string&, int32_t, const std::string&, int64_t, const xgrammar::SchemaSpecPtr&)’:
/home/ajmalrasi/xgrammar-phase0-20260922/xgrammar/cpp/json_schema_converter.cc:2515:24: warning: unused parameter ‘rule_name’ [-Wunused-parameter]
 2515 |     const std::string& rule_name,
      |     ~~~~~~~~~~~~~~~~~~~^~~~~~~~~
/home/ajmalrasi/xgrammar-phase0-20260922/xgrammar/cpp/json_schema_converter.cc:2516:13: warning: unused parameter ‘idx’ [-Wunused-parameter]
 2516 |     int64_t idx,
      |     ~~~~~~~~^~~
/home/ajmalrasi/xgrammar-phase0-20260922/xgrammar/cpp/json_schema_converter.cc: In member function ‘virtual int32_t xgrammar::JSONSchemaConverter::FormatOtherProperty(int32_t, int32_t, const std::string&, const std::string&, const xgrammar::SchemaSpecPtr&)’:
/home/ajmalrasi/xgrammar-phase0-20260922/xgrammar/cpp/json_schema_converter.cc:2525:24: warning: unused parameter ‘rule_name’ [-Wunused-parameter]
 2525 |     const std::string& rule_name,
      |     ~~~~~~~~~~~~~~~~~~~^~~~~~~~~
/home/ajmalrasi/xgrammar-phase0-20260922/xgrammar/cpp/json_schema_converter.cc:2526:24: warning: unused parameter ‘rule_name_suffix’ [-Wunused-parameter]
 2526 |     const std::string& rule_name_suffix,
      |     ~~~~~~~~~~~~~~~~~~~^~~~~~~~~~~~~~~~
/home/ajmalrasi/xgrammar-phase0-20260922/xgrammar/cpp/json_schema_converter.cc:2527:26: warning: unused parameter ‘schema’ [-Wunused-parameter]
 2527 |     const SchemaSpecPtr& schema
      |     ~~~~~~~~~~~~~~~~~~~~~^~~~~~
/home/ajmalrasi/xgrammar-phase0-20260922/xgrammar/cpp/json_schema_converter.cc: In member function ‘virtual int32_t xgrammar::JSONSchemaConverter::GenerateAny(const xgrammar::AnySpec&, const std::string&)’:
/home/ajmalrasi/xgrammar-phase0-20260922/xgrammar/cpp/json_schema_converter.cc:3107:57: warning: unused parameter ‘spec’ [-Wunused-parameter]
 3107 | int32_t JSONSchemaConverter::GenerateAny(const AnySpec& spec, const std::string& rule_name) {
      |                                          ~~~~~~~~~~~~~~~^~~~
/home/ajmalrasi/xgrammar-phase0-20260922/xgrammar/cpp/json_schema_converter.cc:3107:82: warning: unused parameter ‘rule_name’ [-Wunused-parameter]
 3107 | int32_t JSONSchemaConverter::GenerateAny(const AnySpec& spec, const std::string& rule_name) {
      |                                                               ~~~~~~~~~~~~~~~~~~~^~~~~~~~~
/home/ajmalrasi/xgrammar-phase0-20260922/xgrammar/cpp/json_schema_converter.cc: In member function ‘virtual int32_t xgrammar::JSONSchemaConverter::GenerateConst(const xgrammar::ConstSpec&, const std::string&)’:
/home/ajmalrasi/xgrammar-phase0-20260922/xgrammar/cpp/json_schema_converter.cc:3118:86: warning: unused parameter ‘rule_name’ [-Wunused-parameter]
 3118 | int32_t JSONSchemaConverter::GenerateConst(const ConstSpec& spec, const std::string& rule_name) {
      |                                                                   ~~~~~~~~~~~~~~~~~~~^~~~~~~~~
/home/ajmalrasi/xgrammar-phase0-20260922/xgrammar/cpp/json_schema_converter.cc: In member function ‘virtual int32_t xgrammar::JSONSchemaConverter::GenerateRef(const xgrammar::RefSpec&, const std::string&)’:
/home/ajmalrasi/xgrammar-phase0-20260922/xgrammar/cpp/json_schema_converter.cc:3142:82: warning: unused parameter ‘rule_name’ [-Wunused-parameter]
 3142 | int32_t JSONSchemaConverter::GenerateRef(const RefSpec& spec, const std::string& rule_name) {
      |                                                               ~~~~~~~~~~~~~~~~~~~^~~~~~~~~
[  6%] Building CXX object cpp/CMakeFiles/edgellmXGrammar.dir/home/ajmalrasi/xgrammar-phase0-20260922/xgrammar/cpp/json_schema_converter_ext.cc.o
/home/ajmalrasi/xgrammar-phase0-20260922/xgrammar/cpp/json_schema_converter_ext.cc: In member function ‘virtual int32_t xgrammar::MiniMaxM3XMLToolCallingConverter::GenerateString(const xgrammar::StringSpec&, const std::string&)’:
/home/ajmalrasi/xgrammar-phase0-20260922/xgrammar/cpp/json_schema_converter_ext.cc:167:48: warning: unused parameter ‘rule_name’ [-Wunused-parameter]
  167 |     const StringSpec& spec, const std::string& rule_name
      |                             ~~~~~~~~~~~~~~~~~~~^~~~~~~~~
/home/ajmalrasi/xgrammar-phase0-20260922/xgrammar/cpp/json_schema_converter_ext.cc: In member function ‘virtual int32_t xgrammar::MiniMaxM3XMLToolCallingConverter::GenerateObject(const xgrammar::ObjectSpec&, const std::string&, bool)’:
/home/ajmalrasi/xgrammar-phase0-20260922/xgrammar/cpp/json_schema_converter_ext.cc:287:64: warning: unused parameter ‘dummy_need_braces’ [-Wunused-parameter]
  287 |     const ObjectSpec& spec, const std::string& rule_name, bool dummy_need_braces
      |                                                           ~~~~~^~~~~~~~~~~~~~~~~
/home/ajmalrasi/xgrammar-phase0-20260922/xgrammar/cpp/json_schema_converter_ext.cc: In member function ‘virtual int32_t xgrammar::MiniMaxM3XMLToolCallingConverter::GenerateAny(const xgrammar::AnySpec&, const std::string&)’:
/home/ajmalrasi/xgrammar-phase0-20260922/xgrammar/cpp/json_schema_converter_ext.cc:298:20: warning: unused parameter ‘spec’ [-Wunused-parameter]
  298 |     const AnySpec& spec, const std::string& rule_name
      |     ~~~~~~~~~~~~~~~^~~~
/home/ajmalrasi/xgrammar-phase0-20260922/xgrammar/cpp/json_schema_converter_ext.cc:298:45: warning: unused parameter ‘rule_name’ [-Wunused-parameter]
  298 |     const AnySpec& spec, const std::string& rule_name
      |                          ~~~~~~~~~~~~~~~~~~~^~~~~~~~~
/home/ajmalrasi/xgrammar-phase0-20260922/xgrammar/cpp/json_schema_converter_ext.cc: In member function ‘virtual int32_t xgrammar::MiniMaxM3XMLToolCallingConverter::GenerateConst(const xgrammar::ConstSpec&, const std::string&)’:
/home/ajmalrasi/xgrammar-phase0-20260922/xgrammar/cpp/json_schema_converter_ext.cc:338:47: warning: unused parameter ‘rule_name’ [-Wunused-parameter]
  338 |     const ConstSpec& spec, const std::string& rule_name
      |                            ~~~~~~~~~~~~~~~~~~~^~~~~~~~~
/home/ajmalrasi/xgrammar-phase0-20260922/xgrammar/cpp/json_schema_converter_ext.cc: In member function ‘virtual int32_t xgrammar::MiniMaxM3XMLToolCallingConverter::FormatProperty(const std::string&, int32_t, const std::string&, int64_t, const xgrammar::SchemaSpecPtr&)’:
/home/ajmalrasi/xgrammar-phase0-20260922/xgrammar/cpp/json_schema_converter_ext.cc:385:24: warning: unused parameter ‘rule_name’ [-Wunused-parameter]
  385 |     const std::string& rule_name,
      |     ~~~~~~~~~~~~~~~~~~~^~~~~~~~~
/home/ajmalrasi/xgrammar-phase0-20260922/xgrammar/cpp/json_schema_converter_ext.cc:386:13: warning: unused parameter ‘idx’ [-Wunused-parameter]
  386 |     int64_t idx,
      |     ~~~~~~~~^~~
/home/ajmalrasi/xgrammar-phase0-20260922/xgrammar/cpp/json_schema_converter_ext.cc:387:26: warning: unused parameter ‘schema’ [-Wunused-parameter]
  387 |     const SchemaSpecPtr& schema
      |     ~~~~~~~~~~~~~~~~~~~~~^~~~~~
/home/ajmalrasi/xgrammar-phase0-20260922/xgrammar/cpp/json_schema_converter_ext.cc: In member function ‘virtual std::string xgrammar::MiniMaxM3XMLToolCallingConverter::NextSeparator(bool)’:
/home/ajmalrasi/xgrammar-phase0-20260922/xgrammar/cpp/json_schema_converter_ext.cc:392:66: warning: unused parameter ‘is_end’ [-Wunused-parameter]
  392 | std::string MiniMaxM3XMLToolCallingConverter::NextSeparator(bool is_end) {
      |                                                             ~~~~~^~~~~~
/home/ajmalrasi/xgrammar-phase0-20260922/xgrammar/cpp/json_schema_converter_ext.cc: In member function ‘virtual int32_t xgrammar::XMLToolCallingConverter::GenerateObject(const xgrammar::ObjectSpec&, const std::string&, bool)’:
/home/ajmalrasi/xgrammar-phase0-20260922/xgrammar/cpp/json_schema_converter_ext.cc:877:64: warning: unused parameter ‘dummy_need_braces’ [-Wunused-parameter]
  877 |     const ObjectSpec& spec, const std::string& rule_name, bool dummy_need_braces
      |                                                           ~~~~~^~~~~~~~~~~~~~~~~
/home/ajmalrasi/xgrammar-phase0-20260922/xgrammar/cpp/json_schema_converter_ext.cc: In member function ‘virtual int32_t xgrammar::CohereXMLToolCallingConverter::GenerateObject(const xgrammar::ObjectSpec&, const std::string&, bool)’:
/home/ajmalrasi/xgrammar-phase0-20260922/xgrammar/cpp/json_schema_converter_ext.cc:1234:64: warning: unused parameter ‘dummy_need_braces’ [-Wunused-parameter]
 1234 |     const ObjectSpec& spec, const std::string& rule_name, bool dummy_need_braces
      |                                                           ~~~~~^~~~~~~~~~~~~~~~~
[  8%] Building CXX object cpp/CMakeFiles/edgellmXGrammar.dir/home/ajmalrasi/xgrammar-phase0-20260922/xgrammar/cpp/lark_converter.cc.o
[  8%] Building CXX object cpp/CMakeFiles/edgellmXGrammar.dir/home/ajmalrasi/xgrammar-phase0-20260922/xgrammar/cpp/regex_converter.cc.o
[  8%] Building CXX object cpp/CMakeFiles/edgellmXGrammar.dir/home/ajmalrasi/xgrammar-phase0-20260922/xgrammar/cpp/structural_tag.cc.o
/home/ajmalrasi/xgrammar-phase0-20260922/xgrammar/cpp/structural_tag.cc: In member function ‘std::optional<xgrammar::InvalidStructuralTagError> xgrammar::StructuralTagAnalyzer::VisitSub(xgrammar::ConstStringFormat*)’:
/home/ajmalrasi/xgrammar-phase0-20260922/xgrammar/cpp/structural_tag.cc:1651:76: warning: unused parameter ‘format’ [-Wunused-parameter]
 1651 | std::optional<ISTError> StructuralTagAnalyzer::VisitSub(ConstStringFormat* format) {
      |                                                         ~~~~~~~~~~~~~~~~~~~^~~~~~
/home/ajmalrasi/xgrammar-phase0-20260922/xgrammar/cpp/structural_tag.cc: In member function ‘std::optional<xgrammar::InvalidStructuralTagError> xgrammar::StructuralTagAnalyzer::VisitSub(xgrammar::JSONSchemaFormat*)’:
/home/ajmalrasi/xgrammar-phase0-20260922/xgrammar/cpp/structural_tag.cc:1655:75: warning: unused parameter ‘format’ [-Wunused-parameter]
 1655 | std::optional<ISTError> StructuralTagAnalyzer::VisitSub(JSONSchemaFormat* format) {
      |                                                         ~~~~~~~~~~~~~~~~~~^~~~~~
/home/ajmalrasi/xgrammar-phase0-20260922/xgrammar/cpp/structural_tag.cc: In member function ‘std::optional<xgrammar::InvalidStructuralTagError> xgrammar::StructuralTagAnalyzer::VisitSub(xgrammar::GrammarFormat*)’:
/home/ajmalrasi/xgrammar-phase0-20260922/xgrammar/cpp/structural_tag.cc:1664:72: warning: unused parameter ‘format’ [-Wunused-parameter]
 1664 | std::optional<ISTError> StructuralTagAnalyzer::VisitSub(GrammarFormat* format) {
      |                                                         ~~~~~~~~~~~~~~~^~~~~~
/home/ajmalrasi/xgrammar-phase0-20260922/xgrammar/cpp/structural_tag.cc: In member function ‘std::optional<xgrammar::InvalidStructuralTagError> xgrammar::StructuralTagAnalyzer::VisitSub(xgrammar::RegexFormat*)’:
/home/ajmalrasi/xgrammar-phase0-20260922/xgrammar/cpp/structural_tag.cc:1668:70: warning: unused parameter ‘format’ [-Wunused-parameter]
 1668 | std::optional<ISTError> StructuralTagAnalyzer::VisitSub(RegexFormat* format) {
      |                                                         ~~~~~~~~~~~~~^~~~~~
/home/ajmalrasi/xgrammar-phase0-20260922/xgrammar/cpp/structural_tag.cc: In member function ‘std::optional<xgrammar::InvalidStructuralTagError> xgrammar::StructuralTagAnalyzer::VisitSub(xgrammar::TokenFormat*)’:
/home/ajmalrasi/xgrammar-phase0-20260922/xgrammar/cpp/structural_tag.cc:1756:70: warning: unused parameter ‘format’ [-Wunused-parameter]
 1756 | std::optional<ISTError> StructuralTagAnalyzer::VisitSub(TokenFormat* format) {
      |                                                         ~~~~~~~~~~~~~^~~~~~
[ 10%] Building CXX object cpp/CMakeFiles/edgellmXGrammar.dir/home/ajmalrasi/xgrammar-phase0-20260922/xgrammar/cpp/suffix_automata.cc.o
[ 10%] Building CXX object cpp/CMakeFiles/edgellmXGrammar.dir/home/ajmalrasi/xgrammar-phase0-20260922/xgrammar/cpp/support/logging.cc.o
[ 10%] Building CXX object cpp/CMakeFiles/edgellmXGrammar.dir/home/ajmalrasi/xgrammar-phase0-20260922/xgrammar/cpp/support/recursion_guard.cc.o
[ 10%] Building CXX object cpp/CMakeFiles/edgellmXGrammar.dir/home/ajmalrasi/xgrammar-phase0-20260922/xgrammar/cpp/testing.cc.o
[ 12%] Building CXX object cpp/CMakeFiles/edgellmXGrammar.dir/home/ajmalrasi/xgrammar-phase0-20260922/xgrammar/cpp/tokenizer_info.cc.o
In file included from /home/ajmalrasi/xgrammar-phase0-20260922/xgrammar/cpp/tokenizer_info.cc:22:
/home/ajmalrasi/xgrammar-phase0-20260922/xgrammar/cpp/support/json_serializer.h: In instantiation of ‘xgrammar::detail::json_serializer::TraitDeserializeJSONValue<xgrammar::TokenizerInfo::Impl>(xgrammar::TokenizerInfo::Impl*, const picojson::value&, const std::string&)::<lambda(auto:32, const char*, std::size_t)> [with auto:32 = xgrammar::VocabType xgrammar::TokenizerInfo::Impl::*; std::size_t = long unsigned int]’:
/home/ajmalrasi/xgrammar-phase0-20260922/xgrammar/cpp/support/reflection.h:159:13:   required from ‘void xgrammar::detail::reflection::visit_config_impl(Fn&&, std::index_sequence<_Idx ...>) [with Ftor = xgrammar::member_functor<xgrammar::TokenizerInfo::Impl, xgrammar::member_type::kConfig>; Fn = xgrammar::detail::json_serializer::TraitDeserializeJSONValue<xgrammar::TokenizerInfo::Impl>(xgrammar::TokenizerInfo::Impl*, const picojson::value&, const std::string&)::<lambda(auto:32, const char*, std::size_t)>&; long unsigned int ...Idx = {0, 1, 2, 3, 4, 5, 6, 7}; std::index_sequence<_Idx ...> = std::integer_sequence<long unsigned int, 0, 1, 2, 3, 4, 5, 6, 7>]’
/home/ajmalrasi/xgrammar-phase0-20260922/xgrammar/cpp/support/reflection.h:226:53:   required from ‘void xgrammar::visit_config(Fn&&) [with T = TokenizerInfo::Impl; Fn = detail::json_serializer::TraitDeserializeJSONValue<xgrammar::TokenizerInfo::Impl>(xgrammar::TokenizerInfo::Impl*, const picojson::value&, const std::string&)::<lambda(auto:32, const char*, std::size_t)>]’
/home/ajmalrasi/xgrammar-phase0-20260922/xgrammar/cpp/support/json_serializer.h:280:22:   required from ‘std::optional<std::variant<xgrammar::DeserializeVersionError, xgrammar::InvalidJSONError, xgrammar::DeserializeFormatError> > xgrammar::detail::json_serializer::TraitDeserializeJSONValue(T*, const picojson::value&, const std::string&) [with T = xgrammar::TokenizerInfo::Impl; std::string = std::__cxx11::basic_string<char>]’
/home/ajmalrasi/xgrammar-phase0-20260922/xgrammar/cpp/support/json_serializer.h:471:72:   required from ‘std::optional<std::variant<xgrammar::DeserializeVersionError, xgrammar::InvalidJSONError, xgrammar::DeserializeFormatError> > xgrammar::AutoDeserializeJSONValue(T*, const picojson::value&, const std::string&) [with T = TokenizerInfo::Impl; std::string = std::__cxx11::basic_string<char>]’
/home/ajmalrasi/xgrammar-phase0-20260922/xgrammar/cpp/support/json_serializer.h:342:44:   required from ‘std::optional<std::variant<xgrammar::DeserializeVersionError, xgrammar::InvalidJSONError, xgrammar::DeserializeFormatError> > xgrammar::detail::json_serializer::AutoDeserializeJSONValuePImpl(T*, const picojson::value&, const std::string&) [with T = xgrammar::TokenizerInfo; <template-parameter-1-2> = xgrammar::is_pimpl_class<xgrammar::TokenizerInfo, void>; std::string = std::__cxx11::basic_string<char>]’
/home/ajmalrasi/xgrammar-phase0-20260922/xgrammar/cpp/support/json_serializer.h:469:66:   required from ‘std::optional<std::variant<xgrammar::DeserializeVersionError, xgrammar::InvalidJSONError, xgrammar::DeserializeFormatError> > xgrammar::AutoDeserializeJSONValue(T*, const picojson::value&, const std::string&) [with T = TokenizerInfo; std::string = std::__cxx11::basic_string<char>]’
/home/ajmalrasi/xgrammar-phase0-20260922/xgrammar/cpp/support/json_serializer.h:635:34:   required from ‘std::optional<std::variant<xgrammar::DeserializeVersionError, xgrammar::InvalidJSONError, xgrammar::DeserializeFormatError> > xgrammar::AutoDeserializeJSON(T*, const std::string&, bool, const std::string&) [with T = TokenizerInfo; std::string = std::__cxx11::basic_string<char>]’
/home/ajmalrasi/xgrammar-phase0-20260922/xgrammar/cpp/tokenizer_info.cc:553:37:   required from here
/home/ajmalrasi/xgrammar-phase0-20260922/xgrammar/cpp/support/json_serializer.h:280:67: warning: unused parameter ‘idx’ [-Wunused-parameter]
  280 |       visit_config<T>([&](auto ptr, const char* name, std::size_t idx) {
      |                                                       ~~~~~~~~~~~~^~~
/home/ajmalrasi/xgrammar-phase0-20260922/xgrammar/cpp/support/json_serializer.h: In instantiation of ‘xgrammar::detail::json_serializer::TraitDeserializeJSONValue<xgrammar::TokenizerInfo::Impl>(xgrammar::TokenizerInfo::Impl*, const picojson::value&, const std::string&)::<lambda(auto:32, const char*, std::size_t)> [with auto:32 = int xgrammar::TokenizerInfo::Impl::*; std::size_t = long unsigned int]’:
/home/ajmalrasi/xgrammar-phase0-20260922/xgrammar/cpp/support/reflection.h:159:13:   required from ‘void xgrammar::detail::reflection::visit_config_impl(Fn&&, std::index_sequence<_Idx ...>) [with Ftor = xgrammar::member_functor<xgrammar::TokenizerInfo::Impl, xgrammar::member_type::kConfig>; Fn = xgrammar::detail::json_serializer::TraitDeserializeJSONValue<xgrammar::TokenizerInfo::Impl>(xgrammar::TokenizerInfo::Impl*, const picojson::value&, const std::string&)::<lambda(auto:32, const char*, std::size_t)>&; long unsigned int ...Idx = {0, 1, 2, 3, 4, 5, 6, 7}; std::index_sequence<_Idx ...> = std::integer_sequence<long unsigned int, 0, 1, 2, 3, 4, 5, 6, 7>]’
/home/ajmalrasi/xgrammar-phase0-20260922/xgrammar/cpp/support/reflection.h:226:53:   required from ‘void xgrammar::visit_config(Fn&&) [with T = TokenizerInfo::Impl; Fn = detail::json_serializer::TraitDeserializeJSONValue<xgrammar::TokenizerInfo::Impl>(xgrammar::TokenizerInfo::Impl*, const picojson::value&, const std::string&)::<lambda(auto:32, const char*, std::size_t)>]’
/home/ajmalrasi/xgrammar-phase0-20260922/xgrammar/cpp/support/json_serializer.h:280:22:   required from ‘std::optional<std::variant<xgrammar::DeserializeVersionError, xgrammar::InvalidJSONError, xgrammar::DeserializeFormatError> > xgrammar::detail::json_serializer::TraitDeserializeJSONValue(T*, const picojson::value&, const std::string&) [with T = xgrammar::TokenizerInfo::Impl; std::string = std::__cxx11::basic_string<char>]’
/home/ajmalrasi/xgrammar-phase0-20260922/xgrammar/cpp/support/json_serializer.h:471:72:   required from ‘std::optional<std::variant<xgrammar::DeserializeVersionError, xgrammar::InvalidJSONError, xgrammar::DeserializeFormatError> > xgrammar::AutoDeserializeJSONValue(T*, const picojson::value&, const std::string&) [with T = TokenizerInfo::Impl; std::string = std::__cxx11::basic_string<char>]’
/home/ajmalrasi/xgrammar-phase0-20260922/xgrammar/cpp/support/json_serializer.h:342:44:   required from ‘std::optional<std::variant<xgrammar::DeserializeVersionError, xgrammar::InvalidJSONError, xgrammar::DeserializeFormatError> > xgrammar::detail::json_serializer::AutoDeserializeJSONValuePImpl(T*, const picojson::value&, const std::string&) [with T = xgrammar::TokenizerInfo; <template-parameter-1-2> = xgrammar::is_pimpl_class<xgrammar::TokenizerInfo, void>; std::string = std::__cxx11::basic_string<char>]’
/home/ajmalrasi/xgrammar-phase0-20260922/xgrammar/cpp/support/json_serializer.h:469:66:   required from ‘std::optional<std::variant<xgrammar::DeserializeVersionError, xgrammar::InvalidJSONError, xgrammar::DeserializeFormatError> > xgrammar::AutoDeserializeJSONValue(T*, const picojson::value&, const std::string&) [with T = TokenizerInfo; std::string = std::__cxx11::basic_string<char>]’
/home/ajmalrasi/xgrammar-phase0-20260922/xgrammar/cpp/support/json_serializer.h:635:34:   required from ‘std::optional<std::variant<xgrammar::DeserializeVersionError, xgrammar::InvalidJSONError, xgrammar::DeserializeFormatError> > xgrammar::AutoDeserializeJSON(T*, const std::string&, bool, const std::string&) [with T = TokenizerInfo; std::string = std::__cxx11::basic_string<char>]’
/home/ajmalrasi/xgrammar-phase0-20260922/xgrammar/cpp/tokenizer_info.cc:553:37:   required from here
/home/ajmalrasi/xgrammar-phase0-20260922/xgrammar/cpp/support/json_serializer.h:280:67: warning: unused parameter ‘idx’ [-Wunused-parameter]
/home/ajmalrasi/xgrammar-phase0-20260922/xgrammar/cpp/support/json_serializer.h: In instantiation of ‘xgrammar::detail::json_serializer::TraitDeserializeJSONValue<xgrammar::TokenizerInfo::Impl>(xgrammar::TokenizerInfo::Impl*, const picojson::value&, const std::string&)::<lambda(auto:32, const char*, std::size_t)> [with auto:32 = bool xgrammar::TokenizerInfo::Impl::*; std::size_t = long unsigned int]’:
/home/ajmalrasi/xgrammar-phase0-20260922/xgrammar/cpp/support/reflection.h:159:13:   required from ‘void xgrammar::detail::reflection::visit_config_impl(Fn&&, std::index_sequence<_Idx ...>) [with Ftor = xgrammar::member_functor<xgrammar::TokenizerInfo::Impl, xgrammar::member_type::kConfig>; Fn = xgrammar::detail::json_serializer::TraitDeserializeJSONValue<xgrammar::TokenizerInfo::Impl>(xgrammar::TokenizerInfo::Impl*, const picojson::value&, const std::string&)::<lambda(auto:32, const char*, std::size_t)>&; long unsigned int ...Idx = {0, 1, 2, 3, 4, 5, 6, 7}; std::index_sequence<_Idx ...> = std::integer_sequence<long unsigned int, 0, 1, 2, 3, 4, 5, 6, 7>]’
/home/ajmalrasi/xgrammar-phase0-20260922/xgrammar/cpp/support/reflection.h:226:53:   required from ‘void xgrammar::visit_config(Fn&&) [with T = TokenizerInfo::Impl; Fn = detail::json_serializer::TraitDeserializeJSONValue<xgrammar::TokenizerInfo::Impl>(xgrammar::TokenizerInfo::Impl*, const picojson::value&, const std::string&)::<lambda(auto:32, const char*, std::size_t)>]’
/home/ajmalrasi/xgrammar-phase0-20260922/xgrammar/cpp/support/json_serializer.h:280:22:   required from ‘std::optional<std::variant<xgrammar::DeserializeVersionError, xgrammar::InvalidJSONError, xgrammar::DeserializeFormatError> > xgrammar::detail::json_serializer::TraitDeserializeJSONValue(T*, const picojson::value&, const std::string&) [with T = xgrammar::TokenizerInfo::Impl; std::string = std::__cxx11::basic_string<char>]’
/home/ajmalrasi/xgrammar-phase0-20260922/xgrammar/cpp/support/json_serializer.h:471:72:   required from ‘std::optional<std::variant<xgrammar::DeserializeVersionError, xgrammar::InvalidJSONError, xgrammar::DeserializeFormatError> > xgrammar::AutoDeserializeJSONValue(T*, const picojson::value&, const std::string&) [with T = TokenizerInfo::Impl; std::string = std::__cxx11::basic_string<char>]’
/home/ajmalrasi/xgrammar-phase0-20260922/xgrammar/cpp/support/json_serializer.h:342:44:   required from ‘std::optional<std::variant<xgrammar::DeserializeVersionError, xgrammar::InvalidJSONError, xgrammar::DeserializeFormatError> > xgrammar::detail::json_serializer::AutoDeserializeJSONValuePImpl(T*, const picojson::value&, const std::string&) [with T = xgrammar::TokenizerInfo; <template-parameter-1-2> = xgrammar::is_pimpl_class<xgrammar::TokenizerInfo, void>; std::string = std::__cxx11::basic_string<char>]’
/home/ajmalrasi/xgrammar-phase0-20260922/xgrammar/cpp/support/json_serializer.h:469:66:   required from ‘std::optional<std::variant<xgrammar::DeserializeVersionError, xgrammar::InvalidJSONError, xgrammar::DeserializeFormatError> > xgrammar::AutoDeserializeJSONValue(T*, const picojson::value&, const std::string&) [with T = TokenizerInfo; std::string = std::__cxx11::basic_string<char>]’
/home/ajmalrasi/xgrammar-phase0-20260922/xgrammar/cpp/support/json_serializer.h:635:34:   required from ‘std::optional<std::variant<xgrammar::DeserializeVersionError, xgrammar::InvalidJSONError, xgrammar::DeserializeFormatError> > xgrammar::AutoDeserializeJSON(T*, const std::string&, bool, const std::string&) [with T = TokenizerInfo; std::string = std::__cxx11::basic_string<char>]’
/home/ajmalrasi/xgrammar-phase0-20260922/xgrammar/cpp/tokenizer_info.cc:553:37:   required from here
/home/ajmalrasi/xgrammar-phase0-20260922/xgrammar/cpp/support/json_serializer.h:280:67: warning: unused parameter ‘idx’ [-Wunused-parameter]
/home/ajmalrasi/xgrammar-phase0-20260922/xgrammar/cpp/support/json_serializer.h: In instantiation of ‘xgrammar::detail::json_serializer::TraitDeserializeJSONValue<xgrammar::TokenizerInfo::Impl>(xgrammar::TokenizerInfo::Impl*, const picojson::value&, const std::string&)::<lambda(auto:32, const char*, std::size_t)> [with auto:32 = std::vector<int> xgrammar::TokenizerInfo::Impl::*; std::size_t = long unsigned int]’:
/home/ajmalrasi/xgrammar-phase0-20260922/xgrammar/cpp/support/reflection.h:159:13:   required from ‘void xgrammar::detail::reflection::visit_config_impl(Fn&&, std::index_sequence<_Idx ...>) [with Ftor = xgrammar::member_functor<xgrammar::TokenizerInfo::Impl, xgrammar::member_type::kConfig>; Fn = xgrammar::detail::json_serializer::TraitDeserializeJSONValue<xgrammar::TokenizerInfo::Impl>(xgrammar::TokenizerInfo::Impl*, const picojson::value&, const std::string&)::<lambda(auto:32, const char*, std::size_t)>&; long unsigned int ...Idx = {0, 1, 2, 3, 4, 5, 6, 7}; std::index_sequence<_Idx ...> = std::integer_sequence<long unsigned int, 0, 1, 2, 3, 4, 5, 6, 7>]’
/home/ajmalrasi/xgrammar-phase0-20260922/xgrammar/cpp/support/reflection.h:226:53:   required from ‘void xgrammar::visit_config(Fn&&) [with T = TokenizerInfo::Impl; Fn = detail::json_serializer::TraitDeserializeJSONValue<xgrammar::TokenizerInfo::Impl>(xgrammar::TokenizerInfo::Impl*, const picojson::value&, const std::string&)::<lambda(auto:32, const char*, std::size_t)>]’
/home/ajmalrasi/xgrammar-phase0-20260922/xgrammar/cpp/support/json_serializer.h:280:22:   required from ‘std::optional<std::variant<xgrammar::DeserializeVersionError, xgrammar::InvalidJSONError, xgrammar::DeserializeFormatError> > xgrammar::detail::json_serializer::TraitDeserializeJSONValue(T*, const picojson::value&, const std::string&) [with T = xgrammar::TokenizerInfo::Impl; std::string = std::__cxx11::basic_string<char>]’
/home/ajmalrasi/xgrammar-phase0-20260922/xgrammar/cpp/support/json_serializer.h:471:72:   required from ‘std::optional<std::variant<xgrammar::DeserializeVersionError, xgrammar::InvalidJSONError, xgrammar::DeserializeFormatError> > xgrammar::AutoDeserializeJSONValue(T*, const picojson::value&, const std::string&) [with T = TokenizerInfo::Impl; std::string = std::__cxx11::basic_string<char>]’
/home/ajmalrasi/xgrammar-phase0-20260922/xgrammar/cpp/support/json_serializer.h:342:44:   required from ‘std::optional<std::variant<xgrammar::DeserializeVersionError, xgrammar::InvalidJSONError, xgrammar::DeserializeFormatError> > xgrammar::detail::json_serializer::AutoDeserializeJSONValuePImpl(T*, const picojson::value&, const std::string&) [with T = xgrammar::TokenizerInfo; <template-parameter-1-2> = xgrammar::is_pimpl_class<xgrammar::TokenizerInfo, void>; std::string = std::__cxx11::basic_string<char>]’
/home/ajmalrasi/xgrammar-phase0-20260922/xgrammar/cpp/support/json_serializer.h:469:66:   required from ‘std::optional<std::variant<xgrammar::DeserializeVersionError, xgrammar::InvalidJSONError, xgrammar::DeserializeFormatError> > xgrammar::AutoDeserializeJSONValue(T*, const picojson::value&, const std::string&) [with T = TokenizerInfo; std::string = std::__cxx11::basic_string<char>]’
/home/ajmalrasi/xgrammar-phase0-20260922/xgrammar/cpp/support/json_serializer.h:635:34:   required from ‘std::optional<std::variant<xgrammar::DeserializeVersionError, xgrammar::InvalidJSONError, xgrammar::DeserializeFormatError> > xgrammar::AutoDeserializeJSON(T*, const std::string&, bool, const std::string&) [with T = TokenizerInfo; std::string = std::__cxx11::basic_string<char>]’
/home/ajmalrasi/xgrammar-phase0-20260922/xgrammar/cpp/tokenizer_info.cc:553:37:   required from here
/home/ajmalrasi/xgrammar-phase0-20260922/xgrammar/cpp/support/json_serializer.h:280:67: warning: unused parameter ‘idx’ [-Wunused-parameter]
/home/ajmalrasi/xgrammar-phase0-20260922/xgrammar/cpp/support/json_serializer.h: In instantiation of ‘xgrammar::detail::json_serializer::TraitDeserializeJSONValue<xgrammar::TokenizerInfo::Impl>(xgrammar::TokenizerInfo::Impl*, const picojson::value&, const std::string&)::<lambda(auto:32, const char*, std::size_t)> [with auto:32 = std::vector<std::__cxx11::basic_string<char> > xgrammar::TokenizerInfo::Impl::*; std::size_t = long unsigned int]’:
/home/ajmalrasi/xgrammar-phase0-20260922/xgrammar/cpp/support/reflection.h:159:13:   required from ‘void xgrammar::detail::reflection::visit_config_impl(Fn&&, std::index_sequence<_Idx ...>) [with Ftor = xgrammar::member_functor<xgrammar::TokenizerInfo::Impl, xgrammar::member_type::kConfig>; Fn = xgrammar::detail::json_serializer::TraitDeserializeJSONValue<xgrammar::TokenizerInfo::Impl>(xgrammar::TokenizerInfo::Impl*, const picojson::value&, const std::string&)::<lambda(auto:32, const char*, std::size_t)>&; long unsigned int ...Idx = {0, 1, 2, 3, 4, 5, 6, 7}; std::index_sequence<_Idx ...> = std::integer_sequence<long unsigned int, 0, 1, 2, 3, 4, 5, 6, 7>]’
/home/ajmalrasi/xgrammar-phase0-20260922/xgrammar/cpp/support/reflection.h:226:53:   required from ‘void xgrammar::visit_config(Fn&&) [with T = TokenizerInfo::Impl; Fn = detail::json_serializer::TraitDeserializeJSONValue<xgrammar::TokenizerInfo::Impl>(xgrammar::TokenizerInfo::Impl*, const picojson::value&, const std::string&)::<lambda(auto:32, const char*, std::size_t)>]’
/home/ajmalrasi/xgrammar-phase0-20260922/xgrammar/cpp/support/json_serializer.h:280:22:   required from ‘std::optional<std::variant<xgrammar::DeserializeVersionError, xgrammar::InvalidJSONError, xgrammar::DeserializeFormatError> > xgrammar::detail::json_serializer::TraitDeserializeJSONValue(T*, const picojson::value&, const std::string&) [with T = xgrammar::TokenizerInfo::Impl; std::string = std::__cxx11::basic_string<char>]’
/home/ajmalrasi/xgrammar-phase0-20260922/xgrammar/cpp/support/json_serializer.h:471:72:   required from ‘std::optional<std::variant<xgrammar::DeserializeVersionError, xgrammar::InvalidJSONError, xgrammar::DeserializeFormatError> > xgrammar::AutoDeserializeJSONValue(T*, const picojson::value&, const std::string&) [with T = TokenizerInfo::Impl; std::string = std::__cxx11::basic_string<char>]’
/home/ajmalrasi/xgrammar-phase0-20260922/xgrammar/cpp/support/json_serializer.h:342:44:   required from ‘std::optional<std::variant<xgrammar::DeserializeVersionError, xgrammar::InvalidJSONError, xgrammar::DeserializeFormatError> > xgrammar::detail::json_serializer::AutoDeserializeJSONValuePImpl(T*, const picojson::value&, const std::string&) [with T = xgrammar::TokenizerInfo; <template-parameter-1-2> = xgrammar::is_pimpl_class<xgrammar::TokenizerInfo, void>; std::string = std::__cxx11::basic_string<char>]’
/home/ajmalrasi/xgrammar-phase0-20260922/xgrammar/cpp/support/json_serializer.h:469:66:   required from ‘std::optional<std::variant<xgrammar::DeserializeVersionError, xgrammar::InvalidJSONError, xgrammar::DeserializeFormatError> > xgrammar::AutoDeserializeJSONValue(T*, const picojson::value&, const std::string&) [with T = TokenizerInfo; std::string = std::__cxx11::basic_string<char>]’
/home/ajmalrasi/xgrammar-phase0-20260922/xgrammar/cpp/support/json_serializer.h:635:34:   required from ‘std::optional<std::variant<xgrammar::DeserializeVersionError, xgrammar::InvalidJSONError, xgrammar::DeserializeFormatError> > xgrammar::AutoDeserializeJSON(T*, const std::string&, bool, const std::string&) [with T = TokenizerInfo; std::string = std::__cxx11::basic_string<char>]’
/home/ajmalrasi/xgrammar-phase0-20260922/xgrammar/cpp/tokenizer_info.cc:553:37:   required from here
/home/ajmalrasi/xgrammar-phase0-20260922/xgrammar/cpp/support/json_serializer.h:280:67: warning: unused parameter ‘idx’ [-Wunused-parameter]
/home/ajmalrasi/xgrammar-phase0-20260922/xgrammar/cpp/support/json_serializer.h: In instantiation of ‘xgrammar::detail::json_serializer::TraitDeserializeJSONValue<xgrammar::TokenizerInfo::Impl>(xgrammar::TokenizerInfo::Impl*, const picojson::value&, const std::string&)::<lambda(auto:32, const char*, std::size_t)> [with auto:32 = std::vector<std::pair<int, std::__cxx11::basic_string<char> > > xgrammar::TokenizerInfo::Impl::*; std::size_t = long unsigned int]’:
/home/ajmalrasi/xgrammar-phase0-20260922/xgrammar/cpp/support/reflection.h:159:13:   required from ‘void xgrammar::detail::reflection::visit_config_impl(Fn&&, std::index_sequence<_Idx ...>) [with Ftor = xgrammar::member_functor<xgrammar::TokenizerInfo::Impl, xgrammar::member_type::kConfig>; Fn = xgrammar::detail::json_serializer::TraitDeserializeJSONValue<xgrammar::TokenizerInfo::Impl>(xgrammar::TokenizerInfo::Impl*, const picojson::value&, const std::string&)::<lambda(auto:32, const char*, std::size_t)>&; long unsigned int ...Idx = {0, 1, 2, 3, 4, 5, 6, 7}; std::index_sequence<_Idx ...> = std::integer_sequence<long unsigned int, 0, 1, 2, 3, 4, 5, 6, 7>]’
/home/ajmalrasi/xgrammar-phase0-20260922/xgrammar/cpp/support/reflection.h:226:53:   required from ‘void xgrammar::visit_config(Fn&&) [with T = TokenizerInfo::Impl; Fn = detail::json_serializer::TraitDeserializeJSONValue<xgrammar::TokenizerInfo::Impl>(xgrammar::TokenizerInfo::Impl*, const picojson::value&, const std::string&)::<lambda(auto:32, const char*, std::size_t)>]’
/home/ajmalrasi/xgrammar-phase0-20260922/xgrammar/cpp/support/json_serializer.h:280:22:   required from ‘std::optional<std::variant<xgrammar::DeserializeVersionError, xgrammar::InvalidJSONError, xgrammar::DeserializeFormatError> > xgrammar::detail::json_serializer::TraitDeserializeJSONValue(T*, const picojson::value&, const std::string&) [with T = xgrammar::TokenizerInfo::Impl; std::string = std::__cxx11::basic_string<char>]’
/home/ajmalrasi/xgrammar-phase0-20260922/xgrammar/cpp/support/json_serializer.h:471:72:   required from ‘std::optional<std::variant<xgrammar::DeserializeVersionError, xgrammar::InvalidJSONError, xgrammar::DeserializeFormatError> > xgrammar::AutoDeserializeJSONValue(T*, const picojson::value&, const std::string&) [with T = TokenizerInfo::Impl; std::string = std::__cxx11::basic_string<char>]’
/home/ajmalrasi/xgrammar-phase0-20260922/xgrammar/cpp/support/json_serializer.h:342:44:   required from ‘std::optional<std::variant<xgrammar::DeserializeVersionError, xgrammar::InvalidJSONError, xgrammar::DeserializeFormatError> > xgrammar::detail::json_serializer::AutoDeserializeJSONValuePImpl(T*, const picojson::value&, const std::string&) [with T = xgrammar::TokenizerInfo; <template-parameter-1-2> = xgrammar::is_pimpl_class<xgrammar::TokenizerInfo, void>; std::string = std::__cxx11::basic_string<char>]’
/home/ajmalrasi/xgrammar-phase0-20260922/xgrammar/cpp/support/json_serializer.h:469:66:   required from ‘std::optional<std::variant<xgrammar::DeserializeVersionError, xgrammar::InvalidJSONError, xgrammar::DeserializeFormatError> > xgrammar::AutoDeserializeJSONValue(T*, const picojson::value&, const std::string&) [with T = TokenizerInfo; std::string = std::__cxx11::basic_string<char>]’
/home/ajmalrasi/xgrammar-phase0-20260922/xgrammar/cpp/support/json_serializer.h:635:34:   required from ‘std::optional<std::variant<xgrammar::DeserializeVersionError, xgrammar::InvalidJSONError, xgrammar::DeserializeFormatError> > xgrammar::AutoDeserializeJSON(T*, const std::string&, bool, const std::string&) [with T = TokenizerInfo; std::string = std::__cxx11::basic_string<char>]’
/home/ajmalrasi/xgrammar-phase0-20260922/xgrammar/cpp/tokenizer_info.cc:553:37:   required from here
/home/ajmalrasi/xgrammar-phase0-20260922/xgrammar/cpp/support/json_serializer.h:280:67: warning: unused parameter ‘idx’ [-Wunused-parameter]
[ 12%] Linking CXX static library libedgellmXGrammar.a
[ 12%] Built target edgellmXGrammar
[ 12%] Building CXX object cpp/CMakeFiles/edgellmCore.dir/common/fileUtils.cpp.o
[ 13%] Building CXX object cpp/CMakeFiles/edgellmCore.dir/common/mmapReader.cpp.o
[ 13%] Building CXX object cpp/CMakeFiles/edgellmCore.dir/common/parallelArtifactNames.cpp.o
[ 13%] Building CXX object cpp/CMakeFiles/edgellmCore.dir/common/safetensorsUtils.cpp.o
[ 15%] Building CXX object cpp/CMakeFiles/edgellmCore.dir/common/stringUtils.cpp.o
[ 15%] Building CXX object cpp/CMakeFiles/edgellmCore.dir/common/tensor.cpp.o
[ 15%] Building CXX object cpp/CMakeFiles/edgellmCore.dir/common/tensorUtils.cpp.o
[ 15%] Building CXX object cpp/CMakeFiles/edgellmCore.dir/common/trtUtils.cpp.o
[ 17%] Building CXX object cpp/CMakeFiles/edgellmCore.dir/common/utf8.cpp.o
[ 17%] Building CXX object cpp/CMakeFiles/edgellmCore.dir/common/version.cpp.o
[ 17%] Building CXX object cpp/CMakeFiles/edgellmCore.dir/kernels/contextAttentionKernels/cuteDslFMHARunner.cpp.o
[ 17%] Building CXX object cpp/CMakeFiles/edgellmCore.dir/kernels/contextAttentionKernels/cuteDslFMHAV2Runner.cpp.o
[ 18%] Building CXX object cpp/CMakeFiles/edgellmCore.dir/kernels/cuteDslModuleLoader.cpp.o
[ 18%] Building CXX object cpp/CMakeFiles/edgellmCore.dir/kernels/decodeAttentionKernels/decoderXQARunner.cpp.o
[ 18%] Building CXX object cpp/CMakeFiles/edgellmCore.dir/kernels/gdnKernels/cuteDslGDNRunner.cpp.o
[ 20%] Building CXX object cpp/CMakeFiles/edgellmCore.dir/kernels/mamba/cuteDslSSDRunner.cpp.o
[ 20%] Building CXX object cpp/CMakeFiles/edgellmCore.dir/kernels/moe/f16_cutedsl/cuteDslF16MoeRunner.cpp.o
[ 20%] Building CXX object cpp/CMakeFiles/edgellmCore.dir/kernels/moe/nvfp4_cutedsl/cuteDslNvfp4MoeRunner.cpp.o
[ 20%] Building CXX object cpp/CMakeFiles/edgellmCore.dir/kernels/moe/nvfp4_cutedsl/cuteDslNvfp4MoeSm110Runner.cpp.o
[ 22%] Building CXX object cpp/CMakeFiles/edgellmCore.dir/kernels/multiDeviceKernels/cuteDslGemmNvFp4Runner.cpp.o
[ 22%] Building CXX object cpp/CMakeFiles/edgellmCore.dir/kernels/nvfp4A16BlackwellGemm/nvfp4A16BlackwellGemmRunner.cpp.o
[ 22%] Building CXX object cpp/CMakeFiles/edgellmCore.dir/kernels/rmsNorm/cuteDslRmsNormRunner.cpp.o
[ 24%] Building CUDA object cpp/CMakeFiles/edgellmCore.dir/kernels/audioAttentionKernels/gemma4AudioAttention.cu.o
nvcc warning : Resource usage is not shown as the final resource allocation is not done.
[ 24%] Building CUDA object cpp/CMakeFiles/edgellmCore.dir/kernels/common/argmaxKernel.cu.o
nvcc warning : Resource usage is not shown as the final resource allocation is not done.
[ 24%] Building CUDA object cpp/CMakeFiles/edgellmCore.dir/kernels/contextAttentionKernels/utilKernels.cu.o
nvcc warning : Resource usage is not shown as the final resource allocation is not done.
[ 24%] Building CUDA object cpp/CMakeFiles/edgellmCore.dir/kernels/dart/dartGatherKernels.cu.o
nvcc warning : Resource usage is not shown as the final resource allocation is not done.
[ 25%] Building CUDA object cpp/CMakeFiles/edgellmCore.dir/kernels/dart/dartSelectorKernels.cu.o
nvcc warning : Resource usage is not shown as the final resource allocation is not done.
[ 25%] Building CUDA object cpp/CMakeFiles/edgellmCore.dir/kernels/embeddingKernels/embeddingKernels.cu.o
nvcc warning : Resource usage is not shown as the final resource allocation is not done.
[ 25%] Building CUDA object cpp/CMakeFiles/edgellmCore.dir/kernels/gdnKernels/gdnKernelUtils.cu.o
nvcc warning : Resource usage is not shown as the final resource allocation is not done.
[ 27%] Building CUDA object cpp/CMakeFiles/edgellmCore.dir/kernels/gdnKernels/gdnTreeChunkKernels.cu.o
nvcc warning : Resource usage is not shown as the final resource allocation is not done.
ptxas warning : Local memory used for function '__nv_static_44__2a80e330_22_gdnTreeChunkKernels_cu_7425ea32__ZN11trt_edgellm6kernel55_GLOBAL__N__2a80e330_22_gdnTreeChunkKernels_cu_7425ea3224buildAncestorMasksKernelEPKiPjii', size of stack frame: 8 bytes
ptxas warning : Local memory used for function '__nv_static_44__2a80e330_22_gdnTreeChunkKernels_cu_7425ea32__ZN11trt_edgellm6kernel55_GLOBAL__N__2a80e330_22_gdnTreeChunkKernels_cu_7425ea3224buildAncestorMasksKernelEPKiPjii', size of stack frame: 8 bytes
ptxas warning : Local memory used for function '__nv_static_44__2a80e330_22_gdnTreeChunkKernels_cu_7425ea32__ZN11trt_edgellm6kernel55_GLOBAL__N__2a80e330_22_gdnTreeChunkKernels_cu_7425ea3224buildAncestorMasksKernelEPKiPjii', size of stack frame: 8 bytes
ptxas warning : Local memory used for function '__nv_static_44__2a80e330_22_gdnTreeChunkKernels_cu_7425ea32__ZN11trt_edgellm6kernel55_GLOBAL__N__2a80e330_22_gdnTreeChunkKernels_cu_7425ea3224buildAncestorMasksKernelEPKiPjii', size of stack frame: 8 bytes
ptxas warning : Local memory used for function '__nv_static_44__2a80e330_22_gdnTreeChunkKernels_cu_7425ea32__ZN11trt_edgellm6kernel55_GLOBAL__N__2a80e330_22_gdnTreeChunkKernels_cu_7425ea3224buildAncestorMasksKernelEPKiPjii', size of stack frame: 8 bytes
ptxas warning : Local memory used for function '__nv_static_44__2a80e330_22_gdnTreeChunkKernels_cu_7425ea32__ZN11trt_edgellm6kernel55_GLOBAL__N__2a80e330_22_gdnTreeChunkKernels_cu_7425ea3224buildAncestorMasksKernelEPKiPjii', size of stack frame: 8 bytes
[ 27%] Building CUDA object cpp/CMakeFiles/edgellmCore.dir/kernels/int4GroupwiseGemmKernels/int4WoQGemvCuda.cu.o
nvcc warning : Resource usage is not shown as the final resource allocation is not done.
[ 27%] Building CUDA object cpp/CMakeFiles/edgellmCore.dir/kernels/int4GroupwiseGemmKernels/int4WoqGemmCuda.cu.o
nvcc warning : Resource usage is not shown as the final resource allocation is not done.
ptxas /tmp/tmpxft_000cda76_00000000-11_int4WoqGemmCuda.compute_80.ptx, line 71; warning : Program is doing double precision computations.
ptxas /tmp/tmpxft_000cda76_00000000-11_int4WoqGemmCuda.compute_80.ptx, line 73; warning : Program is doing double precision computations.
ptxas /tmp/tmpxft_000cda76_00000000-11_int4WoqGemmCuda.compute_80.ptx, line 73; warning : Program is doing double precision computations.
ptxas /tmp/tmpxft_000cda76_00000000-11_int4WoqGemmCuda.compute_80.ptx, line 77; warning : Program is doing double precision computations.
ptxas /tmp/tmpxft_000cda76_00000000-11_int4WoqGemmCuda.compute_80.ptx, line 77; warning : Program is doing double precision computations.
ptxas /tmp/tmpxft_000cda76_00000000-11_int4WoqGemmCuda.compute_80.ptx, line 84; warning : Program is doing double precision computations.
ptxas /tmp/tmpxft_000cda76_00000000-11_int4WoqGemmCuda.compute_80.ptx, line 84; warning : Program is doing double precision computations.
ptxas /tmp/tmpxft_000cda76_00000000-11_int4WoqGemmCuda.compute_80.ptx, line 88; warning : Program is doing double precision computations.
ptxas /tmp/tmpxft_000cda76_00000000-11_int4WoqGemmCuda.compute_80.ptx, line 88; warning : Program is doing double precision computations.
ptxas /tmp/tmpxft_000cda76_00000000-11_int4WoqGemmCuda.compute_80.ptx, line 95; warning : Program is doing double precision computations.
ptxas /tmp/tmpxft_000cda76_00000000-11_int4WoqGemmCuda.compute_80.ptx, line 95; warning : Program is doing double precision computations.
ptxas /tmp/tmpxft_000cda76_00000000-11_int4WoqGemmCuda.compute_80.ptx, line 99; warning : Program is doing double precision computations.
ptxas /tmp/tmpxft_000cda76_00000000-11_int4WoqGemmCuda.compute_80.ptx, line 99; warning : Program is doing double precision computations.
ptxas /tmp/tmpxft_000cda76_00000000-11_int4WoqGemmCuda.compute_80.ptx, line 106; warning : Program is doing double precision computations.
ptxas /tmp/tmpxft_000cda76_00000000-11_int4WoqGemmCuda.compute_80.ptx, line 106; warning : Program is doing double precision computations.
ptxas /tmp/tmpxft_000cda76_00000000-11_int4WoqGemmCuda.compute_80.ptx, line 110; warning : Program is doing double precision computations.
ptxas /tmp/tmpxft_000cda76_00000000-11_int4WoqGemmCuda.compute_80.ptx, line 110; warning : Program is doing double precision computations.
ptxas /tmp/tmpxft_000cda76_00000000-11_int4WoqGemmCuda.compute_80.ptx, line 117; warning : Program is doing double precision computations.
ptxas /tmp/tmpxft_000cda76_00000000-11_int4WoqGemmCuda.compute_80.ptx, line 117; warning : Program is doing double precision computations.
ptxas /tmp/tmpxft_000cda76_00000000-11_int4WoqGemmCuda.compute_80.ptx, line 121; warning : Program is doing double precision computations.
ptxas /tmp/tmpxft_000cda76_00000000-11_int4WoqGemmCuda.compute_80.ptx, line 121; warning : Program is doing double precision computations.
ptxas /tmp/tmpxft_000cda76_00000000-11_int4WoqGemmCuda.compute_80.ptx, line 128; warning : Program is doing double precision computations.
ptxas /tmp/tmpxft_000cda76_00000000-11_int4WoqGemmCuda.compute_80.ptx, line 128; warning : Program is doing double precision computations.
ptxas /tmp/tmpxft_000cda76_00000000-11_int4WoqGemmCuda.compute_80.ptx, line 132; warning : Program is doing double precision computations.
ptxas /tmp/tmpxft_000cda76_00000000-11_int4WoqGemmCuda.compute_80.ptx, line 132; warning : Program is doing double precision computations.
ptxas /tmp/tmpxft_000cda76_00000000-11_int4WoqGemmCuda.compute_80.ptx, line 139; warning : Program is doing double precision computations.
ptxas /tmp/tmpxft_000cda76_00000000-11_int4WoqGemmCuda.compute_80.ptx, line 139; warning : Program is doing double precision computations.
ptxas /tmp/tmpxft_000cda76_00000000-11_int4WoqGemmCuda.compute_80.ptx, line 143; warning : Program is doing double precision computations.
ptxas /tmp/tmpxft_000cda76_00000000-11_int4WoqGemmCuda.compute_80.ptx, line 143; warning : Program is doing double precision computations.
ptxas /tmp/tmpxft_000cda76_00000000-11_int4WoqGemmCuda.compute_80.ptx, line 150; warning : Program is doing double precision computations.
ptxas /tmp/tmpxft_000cda76_00000000-11_int4WoqGemmCuda.compute_80.ptx, line 150; warning : Program is doing double precision computations.
ptxas /tmp/tmpxft_000cda76_00000000-11_int4WoqGemmCuda.compute_80.ptx, line 154; warning : Program is doing double precision computations.
ptxas /tmp/tmpxft_000cda76_00000000-11_int4WoqGemmCuda.compute_80.ptx, line 154; warning : Program is doing double precision computations.
ptxas /tmp/tmpxft_000cda76_00000000-11_int4WoqGemmCuda.compute_80.ptx, line 161; warning : Program is doing double precision computations.
ptxas /tmp/tmpxft_000cda76_00000000-11_int4WoqGemmCuda.compute_80.ptx, line 161; warning : Program is doing double precision computations.
ptxas /tmp/tmpxft_000cda76_00000000-11_int4WoqGemmCuda.compute_80.ptx, line 165; warning : Program is doing double precision computations.
ptxas /tmp/tmpxft_000cda76_00000000-11_int4WoqGemmCuda.compute_80.ptx, line 165; warning : Program is doing double precision computations.
ptxas /tmp/tmpxft_000cda76_00000000-11_int4WoqGemmCuda.compute_80.ptx, line 172; warning : Program is doing double precision computations.
ptxas /tmp/tmpxft_000cda76_00000000-11_int4WoqGemmCuda.compute_80.ptx, line 172; warning : Program is doing double precision computations.
ptxas /tmp/tmpxft_000cda76_00000000-11_int4WoqGemmCuda.compute_80.ptx, line 176; warning : Program is doing double precision computations.
ptxas /tmp/tmpxft_000cda76_00000000-11_int4WoqGemmCuda.compute_80.ptx, line 176; warning : Program is doing double precision computations.
ptxas /tmp/tmpxft_000cda76_00000000-11_int4WoqGemmCuda.compute_80.ptx, line 183; warning : Program is doing double precision computations.
ptxas /tmp/tmpxft_000cda76_00000000-11_int4WoqGemmCuda.compute_80.ptx, line 183; warning : Program is doing double precision computations.
ptxas /tmp/tmpxft_000cda76_00000000-11_int4WoqGemmCuda.compute_80.ptx, line 187; warning : Program is doing double precision computations.
ptxas /tmp/tmpxft_000cda76_00000000-11_int4WoqGemmCuda.compute_80.ptx, line 187; warning : Program is doing double precision computations.
ptxas /tmp/tmpxft_000cda76_00000000-11_int4WoqGemmCuda.compute_80.ptx, line 194; warning : Program is doing double precision computations.
ptxas /tmp/tmpxft_000cda76_00000000-11_int4WoqGemmCuda.compute_80.ptx, line 194; warning : Program is doing double precision computations.
ptxas /tmp/tmpxft_000cda76_00000000-11_int4WoqGemmCuda.compute_80.ptx, line 198; warning : Program is doing double precision computations.
ptxas /tmp/tmpxft_000cda76_00000000-11_int4WoqGemmCuda.compute_80.ptx, line 198; warning : Program is doing double precision computations.
ptxas /tmp/tmpxft_000cda76_00000000-11_int4WoqGemmCuda.compute_80.ptx, line 205; warning : Program is doing double precision computations.
ptxas /tmp/tmpxft_000cda76_00000000-11_int4WoqGemmCuda.compute_80.ptx, line 205; warning : Program is doing double precision computations.
ptxas /tmp/tmpxft_000cda76_00000000-11_int4WoqGemmCuda.compute_80.ptx, line 209; warning : Program is doing double precision computations.
ptxas /tmp/tmpxft_000cda76_00000000-11_int4WoqGemmCuda.compute_80.ptx, line 209; warning : Program is doing double precision computations.
ptxas /tmp/tmpxft_000cda76_00000000-11_int4WoqGemmCuda.compute_80.ptx, line 216; warning : Program is doing double precision computations.
ptxas /tmp/tmpxft_000cda76_00000000-11_int4WoqGemmCuda.compute_80.ptx, line 216; warning : Program is doing double precision computations.
ptxas /tmp/tmpxft_000cda76_00000000-11_int4WoqGemmCuda.compute_80.ptx, line 220; warning : Program is doing double precision computations.
ptxas /tmp/tmpxft_000cda76_00000000-11_int4WoqGemmCuda.compute_80.ptx, line 220; warning : Program is doing double precision computations.
ptxas /tmp/tmpxft_000cda76_00000000-11_int4WoqGemmCuda.compute_80.ptx, line 227; warning : Program is doing double precision computations.
ptxas /tmp/tmpxft_000cda76_00000000-11_int4WoqGemmCuda.compute_80.ptx, line 227; warning : Program is doing double precision computations.
ptxas /tmp/tmpxft_000cda76_00000000-11_int4WoqGemmCuda.compute_80.ptx, line 231; warning : Program is doing double precision computations.
ptxas /tmp/tmpxft_000cda76_00000000-11_int4WoqGemmCuda.compute_80.ptx, line 231; warning : Program is doing double precision computations.
ptxas /tmp/tmpxft_000cda76_00000000-11_int4WoqGemmCuda.compute_80.ptx, line 238; warning : Program is doing double precision computations.
ptxas /tmp/tmpxft_000cda76_00000000-11_int4WoqGemmCuda.compute_80.ptx, line 238; warning : Program is doing double precision computations.
ptxas /tmp/tmpxft_000cda76_00000000-11_int4WoqGemmCuda.compute_80.ptx, line 242; warning : Program is doing double precision computations.
ptxas /tmp/tmpxft_000cda76_00000000-11_int4WoqGemmCuda.compute_80.ptx, line 242; warning : Program is doing double precision computations.
ptxas /tmp/tmpxft_000cda76_00000000-11_int4WoqGemmCuda.compute_80.ptx, line 249; warning : Program is doing double precision computations.
ptxas /tmp/tmpxft_000cda76_00000000-11_int4WoqGemmCuda.compute_80.ptx, line 249; warning : Program is doing double precision computations.
ptxas /tmp/tmpxft_000cda76_00000000-11_int4WoqGemmCuda.compute_80.ptx, line 253; warning : Program is doing double precision computations.
ptxas /tmp/tmpxft_000cda76_00000000-11_int4WoqGemmCuda.compute_80.ptx, line 253; warning : Program is doing double precision computations.
ptxas /tmp/tmpxft_000cda76_00000000-11_int4WoqGemmCuda.compute_80.ptx, line 260; warning : Program is doing double precision computations.
ptxas /tmp/tmpxft_000cda76_00000000-11_int4WoqGemmCuda.compute_80.ptx, line 260; warning : Program is doing double precision computations.
ptxas /tmp/tmpxft_000cda76_00000000-11_int4WoqGemmCuda.compute_80.ptx, line 264; warning : Program is doing double precision computations.
ptxas /tmp/tmpxft_000cda76_00000000-11_int4WoqGemmCuda.compute_80.ptx, line 264; warning : Program is doing double precision computations.
ptxas /tmp/tmpxft_000cda76_00000000-11_int4WoqGemmCuda.compute_80.ptx, line 271; warning : Program is doing double precision computations.
ptxas /tmp/tmpxft_000cda76_00000000-11_int4WoqGemmCuda.compute_80.ptx, line 271; warning : Program is doing double precision computations.
ptxas /tmp/tmpxft_000cda76_00000000-11_int4WoqGemmCuda.compute_80.ptx, line 275; warning : Program is doing double precision computations.
ptxas /tmp/tmpxft_000cda76_00000000-11_int4WoqGemmCuda.compute_80.ptx, line 275; warning : Program is doing double precision computations.
ptxas /tmp/tmpxft_000cda76_00000000-11_int4WoqGemmCuda.compute_80.ptx, line 282; warning : Program is doing double precision computations.
ptxas /tmp/tmpxft_000cda76_00000000-11_int4WoqGemmCuda.compute_80.ptx, line 282; warning : Program is doing double precision computations.
ptxas /tmp/tmpxft_000cda76_00000000-11_int4WoqGemmCuda.compute_80.ptx, line 286; warning : Program is doing double precision computations.
ptxas /tmp/tmpxft_000cda76_00000000-11_int4WoqGemmCuda.compute_80.ptx, line 286; warning : Program is doing double precision computations.
ptxas /tmp/tmpxft_000cda76_00000000-11_int4WoqGemmCuda.compute_80.ptx, line 293; warning : Program is doing double precision computations.
ptxas /tmp/tmpxft_000cda76_00000000-11_int4WoqGemmCuda.compute_80.ptx, line 293; warning : Program is doing double precision computations.
ptxas /tmp/tmpxft_000cda76_00000000-11_int4WoqGemmCuda.compute_80.ptx, line 297; warning : Program is doing double precision computations.
ptxas /tmp/tmpxft_000cda76_00000000-11_int4WoqGemmCuda.compute_80.ptx, line 297; warning : Program is doing double precision computations.
ptxas /tmp/tmpxft_000cda76_00000000-11_int4WoqGemmCuda.compute_80.ptx, line 304; warning : Program is doing double precision computations.
ptxas /tmp/tmpxft_000cda76_00000000-11_int4WoqGemmCuda.compute_80.ptx, line 304; warning : Program is doing double precision computations.
ptxas /tmp/tmpxft_000cda76_00000000-11_int4WoqGemmCuda.compute_80.ptx, line 308; warning : Program is doing double precision computations.
ptxas /tmp/tmpxft_000cda76_00000000-11_int4WoqGemmCuda.compute_80.ptx, line 308; warning : Program is doing double precision computations.
ptxas /tmp/tmpxft_000cda76_00000000-11_int4WoqGemmCuda.compute_80.ptx, line 315; warning : Program is doing double precision computations.
ptxas /tmp/tmpxft_000cda76_00000000-11_int4WoqGemmCuda.compute_80.ptx, line 315; warning : Program is doing double precision computations.
ptxas /tmp/tmpxft_000cda76_00000000-11_int4WoqGemmCuda.compute_80.ptx, line 319; warning : Program is doing double precision computations.
ptxas /tmp/tmpxft_000cda76_00000000-11_int4WoqGemmCuda.compute_80.ptx, line 319; warning : Program is doing double precision computations.
ptxas /tmp/tmpxft_000cda76_00000000-11_int4WoqGemmCuda.compute_80.ptx, line 326; warning : Program is doing double precision computations.
ptxas /tmp/tmpxft_000cda76_00000000-11_int4WoqGemmCuda.compute_80.ptx, line 326; warning : Program is doing double precision computations.
ptxas /tmp/tmpxft_000cda76_00000000-11_int4WoqGemmCuda.compute_80.ptx, line 330; warning : Program is doing double precision computations.
ptxas /tmp/tmpxft_000cda76_00000000-11_int4WoqGemmCuda.compute_80.ptx, line 330; warning : Program is doing double precision computations.
ptxas /tmp/tmpxft_000cda76_00000000-11_int4WoqGemmCuda.compute_80.ptx, line 337; warning : Program is doing double precision computations.
ptxas /tmp/tmpxft_000cda76_00000000-11_int4WoqGemmCuda.compute_80.ptx, line 337; warning : Program is doing double precision computations.
ptxas /tmp/tmpxft_000cda76_00000000-11_int4WoqGemmCuda.compute_80.ptx, line 341; warning : Program is doing double precision computations.
ptxas /tmp/tmpxft_000cda76_00000000-11_int4WoqGemmCuda.compute_80.ptx, line 341; warning : Program is doing double precision computations.
ptxas /tmp/tmpxft_000cda76_00000000-11_int4WoqGemmCuda.compute_80.ptx, line 348; warning : Program is doing double precision computations.
ptxas /tmp/tmpxft_000cda76_00000000-11_int4WoqGemmCuda.compute_80.ptx, line 348; warning : Program is doing double precision computations.
ptxas /tmp/tmpxft_000cda76_00000000-11_int4WoqGemmCuda.compute_80.ptx, line 352; warning : Program is doing double precision computations.
ptxas /tmp/tmpxft_000cda76_00000000-11_int4WoqGemmCuda.compute_80.ptx, line 352; warning : Program is doing double precision computations.
ptxas /tmp/tmpxft_000cda76_00000000-11_int4WoqGemmCuda.compute_80.ptx, line 359; warning : Program is doing double precision computations.
ptxas /tmp/tmpxft_000cda76_00000000-11_int4WoqGemmCuda.compute_80.ptx, line 359; warning : Program is doing double precision computations.
ptxas /tmp/tmpxft_000cda76_00000000-11_int4WoqGemmCuda.compute_80.ptx, line 363; warning : Program is doing double precision computations.
ptxas /tmp/tmpxft_000cda76_00000000-11_int4WoqGemmCuda.compute_80.ptx, line 363; warning : Program is doing double precision computations.
ptxas /tmp/tmpxft_000cda76_00000000-11_int4WoqGemmCuda.compute_80.ptx, line 370; warning : Program is doing double precision computations.
ptxas /tmp/tmpxft_000cda76_00000000-11_int4WoqGemmCuda.compute_80.ptx, line 370; warning : Program is doing double precision computations.
ptxas /tmp/tmpxft_000cda76_00000000-11_int4WoqGemmCuda.compute_80.ptx, line 374; warning : Program is doing double precision computations.
ptxas /tmp/tmpxft_000cda76_00000000-11_int4WoqGemmCuda.compute_80.ptx, line 374; warning : Program is doing double precision computations.
ptxas /tmp/tmpxft_000cda76_00000000-11_int4WoqGemmCuda.compute_80.ptx, line 381; warning : Program is doing double precision computations.
ptxas /tmp/tmpxft_000cda76_00000000-11_int4WoqGemmCuda.compute_80.ptx, line 381; warning : Program is doing double precision computations.
ptxas /tmp/tmpxft_000cda76_00000000-11_int4WoqGemmCuda.compute_80.ptx, line 385; warning : Program is doing double precision computations.
ptxas /tmp/tmpxft_000cda76_00000000-11_int4WoqGemmCuda.compute_80.ptx, line 385; warning : Program is doing double precision computations.
ptxas /tmp/tmpxft_000cda76_00000000-11_int4WoqGemmCuda.compute_80.ptx, line 392; warning : Program is doing double precision computations.
ptxas /tmp/tmpxft_000cda76_00000000-11_int4WoqGemmCuda.compute_80.ptx, line 392; warning : Program is doing double precision computations.
ptxas /tmp/tmpxft_000cda76_00000000-11_int4WoqGemmCuda.compute_80.ptx, line 396; warning : Program is doing double precision computations.
ptxas /tmp/tmpxft_000cda76_00000000-11_int4WoqGemmCuda.compute_80.ptx, line 396; warning : Program is doing double precision computations.
ptxas /tmp/tmpxft_000cda76_00000000-11_int4WoqGemmCuda.compute_80.ptx, line 403; warning : Program is doing double precision computations.
ptxas /tmp/tmpxft_000cda76_00000000-11_int4WoqGemmCuda.compute_80.ptx, line 403; warning : Program is doing double precision computations.
ptxas /tmp/tmpxft_000cda76_00000000-11_int4WoqGemmCuda.compute_80.ptx, line 407; warning : Program is doing double precision computations.
ptxas /tmp/tmpxft_000cda76_00000000-11_int4WoqGemmCuda.compute_80.ptx, line 407; warning : Program is doing double precision computations.
ptxas /tmp/tmpxft_000cda76_00000000-11_int4WoqGemmCuda.compute_80.ptx, line 414; warning : Program is doing double precision computations.
ptxas /tmp/tmpxft_000cda76_00000000-11_int4WoqGemmCuda.compute_80.ptx, line 414; warning : Program is doing double precision computations.
ptxas /tmp/tmpxft_000cda76_00000000-11_int4WoqGemmCuda.compute_80.ptx, line 418; warning : Program is doing double precision computations.
ptxas /tmp/tmpxft_000cda76_00000000-11_int4WoqGemmCuda.compute_80.ptx, line 418; warning : Program is doing double precision computations.
ptxas /tmp/tmpxft_000cda76_00000000-8_int4WoqGemmCuda.compute_90.ptx, line 71; warning : Program is doing double precision computations.
ptxas /tmp/tmpxft_000cda76_00000000-8_int4WoqGemmCuda.compute_90.ptx, line 73; warning : Program is doing double precision computations.
ptxas /tmp/tmpxft_000cda76_00000000-8_int4WoqGemmCuda.compute_90.ptx, line 73; warning : Program is doing double precision computations.
ptxas /tmp/tmpxft_000cda76_00000000-8_int4WoqGemmCuda.compute_90.ptx, line 77; warning : Program is doing double precision computations.
ptxas /tmp/tmpxft_000cda76_00000000-8_int4WoqGemmCuda.compute_90.ptx, line 77; warning : Program is doing double precision computations.
ptxas /tmp/tmpxft_000cda76_00000000-8_int4WoqGemmCuda.compute_90.ptx, line 84; warning : Program is doing double precision computations.
ptxas /tmp/tmpxft_000cda76_00000000-8_int4WoqGemmCuda.compute_90.ptx, line 84; warning : Program is doing double precision computations.
ptxas /tmp/tmpxft_000cda76_00000000-8_int4WoqGemmCuda.compute_90.ptx, line 88; warning : Program is doing double precision computations.
ptxas /tmp/tmpxft_000cda76_00000000-8_int4WoqGemmCuda.compute_90.ptx, line 88; warning : Program is doing double precision computations.
ptxas /tmp/tmpxft_000cda76_00000000-8_int4WoqGemmCuda.compute_90.ptx, line 95; warning : Program is doing double precision computations.
ptxas /tmp/tmpxft_000cda76_00000000-8_int4WoqGemmCuda.compute_90.ptx, line 95; warning : Program is doing double precision computations.
ptxas /tmp/tmpxft_000cda76_00000000-8_int4WoqGemmCuda.compute_90.ptx, line 99; warning : Program is doing double precision computations.
ptxas /tmp/tmpxft_000cda76_00000000-8_int4WoqGemmCuda.compute_90.ptx, line 99; warning : Program is doing double precision computations.
ptxas /tmp/tmpxft_000cda76_00000000-8_int4WoqGemmCuda.compute_90.ptx, line 106; warning : Program is doing double precision computations.
ptxas /tmp/tmpxft_000cda76_00000000-8_int4WoqGemmCuda.compute_90.ptx, line 106; warning : Program is doing double precision computations.
ptxas /tmp/tmpxft_000cda76_00000000-8_int4WoqGemmCuda.compute_90.ptx, line 110; warning : Program is doing double precision computations.
ptxas /tmp/tmpxft_000cda76_00000000-8_int4WoqGemmCuda.compute_90.ptx, line 110; warning : Program is doing double precision computations.
ptxas /tmp/tmpxft_000cda76_00000000-8_int4WoqGemmCuda.compute_90.ptx, line 117; warning : Program is doing double precision computations.
ptxas /tmp/tmpxft_000cda76_00000000-8_int4WoqGemmCuda.compute_90.ptx, line 117; warning : Program is doing double precision computations.
ptxas /tmp/tmpxft_000cda76_00000000-8_int4WoqGemmCuda.compute_90.ptx, line 121; warning : Program is doing double precision computations.
ptxas /tmp/tmpxft_000cda76_00000000-8_int4WoqGemmCuda.compute_90.ptx, line 121; warning : Program is doing double precision computations.
ptxas /tmp/tmpxft_000cda76_00000000-8_int4WoqGemmCuda.compute_90.ptx, line 128; warning : Program is doing double precision computations.
ptxas /tmp/tmpxft_000cda76_00000000-8_int4WoqGemmCuda.compute_90.ptx, line 128; warning : Program is doing double precision computations.
ptxas /tmp/tmpxft_000cda76_00000000-8_int4WoqGemmCuda.compute_90.ptx, line 132; warning : Program is doing double precision computations.
ptxas /tmp/tmpxft_000cda76_00000000-8_int4WoqGemmCuda.compute_90.ptx, line 132; warning : Program is doing double precision computations.
ptxas /tmp/tmpxft_000cda76_00000000-8_int4WoqGemmCuda.compute_90.ptx, line 139; warning : Program is doing double precision computations.
ptxas /tmp/tmpxft_000cda76_00000000-8_int4WoqGemmCuda.compute_90.ptx, line 139; warning : Program is doing double precision computations.
ptxas /tmp/tmpxft_000cda76_00000000-8_int4WoqGemmCuda.compute_90.ptx, line 143; warning : Program is doing double precision computations.
ptxas /tmp/tmpxft_000cda76_00000000-8_int4WoqGemmCuda.compute_90.ptx, line 143; warning : Program is doing double precision computations.
ptxas /tmp/tmpxft_000cda76_00000000-8_int4WoqGemmCuda.compute_90.ptx, line 150; warning : Program is doing double precision computations.
ptxas /tmp/tmpxft_000cda76_00000000-8_int4WoqGemmCuda.compute_90.ptx, line 150; warning : Program is doing double precision computations.
ptxas /tmp/tmpxft_000cda76_00000000-8_int4WoqGemmCuda.compute_90.ptx, line 154; warning : Program is doing double precision computations.
ptxas /tmp/tmpxft_000cda76_00000000-8_int4WoqGemmCuda.compute_90.ptx, line 154; warning : Program is doing double precision computations.
ptxas /tmp/tmpxft_000cda76_00000000-8_int4WoqGemmCuda.compute_90.ptx, line 161; warning : Program is doing double precision computations.
ptxas /tmp/tmpxft_000cda76_00000000-8_int4WoqGemmCuda.compute_90.ptx, line 161; warning : Program is doing double precision computations.
ptxas /tmp/tmpxft_000cda76_00000000-8_int4WoqGemmCuda.compute_90.ptx, line 165; warning : Program is doing double precision computations.
ptxas /tmp/tmpxft_000cda76_00000000-8_int4WoqGemmCuda.compute_90.ptx, line 165; warning : Program is doing double precision computations.
ptxas /tmp/tmpxft_000cda76_00000000-8_int4WoqGemmCuda.compute_90.ptx, line 172; warning : Program is doing double precision computations.
ptxas /tmp/tmpxft_000cda76_00000000-8_int4WoqGemmCuda.compute_90.ptx, line 172; warning : Program is doing double precision computations.
ptxas /tmp/tmpxft_000cda76_00000000-8_int4WoqGemmCuda.compute_90.ptx, line 176; warning : Program is doing double precision computations.
ptxas /tmp/tmpxft_000cda76_00000000-8_int4WoqGemmCuda.compute_90.ptx, line 176; warning : Program is doing double precision computations.
ptxas /tmp/tmpxft_000cda76_00000000-8_int4WoqGemmCuda.compute_90.ptx, line 183; warning : Program is doing double precision computations.
ptxas /tmp/tmpxft_000cda76_00000000-8_int4WoqGemmCuda.compute_90.ptx, line 183; warning : Program is doing double precision computations.
ptxas /tmp/tmpxft_000cda76_00000000-8_int4WoqGemmCuda.compute_90.ptx, line 187; warning : Program is doing double precision computations.
ptxas /tmp/tmpxft_000cda76_00000000-8_int4WoqGemmCuda.compute_90.ptx, line 187; warning : Program is doing double precision computations.
ptxas /tmp/tmpxft_000cda76_00000000-8_int4WoqGemmCuda.compute_90.ptx, line 194; warning : Program is doing double precision computations.
ptxas /tmp/tmpxft_000cda76_00000000-8_int4WoqGemmCuda.compute_90.ptx, line 194; warning : Program is doing double precision computations.
ptxas /tmp/tmpxft_000cda76_00000000-8_int4WoqGemmCuda.compute_90.ptx, line 198; warning : Program is doing double precision computations.
ptxas /tmp/tmpxft_000cda76_00000000-8_int4WoqGemmCuda.compute_90.ptx, line 198; warning : Program is doing double precision computations.
ptxas /tmp/tmpxft_000cda76_00000000-8_int4WoqGemmCuda.compute_90.ptx, line 205; warning : Program is doing double precision computations.
ptxas /tmp/tmpxft_000cda76_00000000-8_int4WoqGemmCuda.compute_90.ptx, line 205; warning : Program is doing double precision computations.
ptxas /tmp/tmpxft_000cda76_00000000-8_int4WoqGemmCuda.compute_90.ptx, line 209; warning : Program is doing double precision computations.
ptxas /tmp/tmpxft_000cda76_00000000-8_int4WoqGemmCuda.compute_90.ptx, line 209; warning : Program is doing double precision computations.
ptxas /tmp/tmpxft_000cda76_00000000-8_int4WoqGemmCuda.compute_90.ptx, line 216; warning : Program is doing double precision computations.
ptxas /tmp/tmpxft_000cda76_00000000-8_int4WoqGemmCuda.compute_90.ptx, line 216; warning : Program is doing double precision computations.
ptxas /tmp/tmpxft_000cda76_00000000-8_int4WoqGemmCuda.compute_90.ptx, line 220; warning : Program is doing double precision computations.
ptxas /tmp/tmpxft_000cda76_00000000-8_int4WoqGemmCuda.compute_90.ptx, line 220; warning : Program is doing double precision computations.
ptxas /tmp/tmpxft_000cda76_00000000-8_int4WoqGemmCuda.compute_90.ptx, line 227; warning : Program is doing double precision computations.
ptxas /tmp/tmpxft_000cda76_00000000-8_int4WoqGemmCuda.compute_90.ptx, line 227; warning : Program is doing double precision computations.
ptxas /tmp/tmpxft_000cda76_00000000-8_int4WoqGemmCuda.compute_90.ptx, line 231; warning : Program is doing double precision computations.
ptxas /tmp/tmpxft_000cda76_00000000-8_int4WoqGemmCuda.compute_90.ptx, line 231; warning : Program is doing double precision computations.
ptxas /tmp/tmpxft_000cda76_00000000-8_int4WoqGemmCuda.compute_90.ptx, line 238; warning : Program is doing double precision computations.
ptxas /tmp/tmpxft_000cda76_00000000-8_int4WoqGemmCuda.compute_90.ptx, line 238; warning : Program is doing double precision computations.
ptxas /tmp/tmpxft_000cda76_00000000-8_int4WoqGemmCuda.compute_90.ptx, line 242; warning : Program is doing double precision computations.
ptxas /tmp/tmpxft_000cda76_00000000-8_int4WoqGemmCuda.compute_90.ptx, line 242; warning : Program is doing double precision computations.
ptxas /tmp/tmpxft_000cda76_00000000-8_int4WoqGemmCuda.compute_90.ptx, line 249; warning : Program is doing double precision computations.
ptxas /tmp/tmpxft_000cda76_00000000-8_int4WoqGemmCuda.compute_90.ptx, line 249; warning : Program is doing double precision computations.
ptxas /tmp/tmpxft_000cda76_00000000-8_int4WoqGemmCuda.compute_90.ptx, line 253; warning : Program is doing double precision computations.
ptxas /tmp/tmpxft_000cda76_00000000-8_int4WoqGemmCuda.compute_90.ptx, line 253; warning : Program is doing double precision computations.
ptxas /tmp/tmpxft_000cda76_00000000-8_int4WoqGemmCuda.compute_90.ptx, line 260; warning : Program is doing double precision computations.
ptxas /tmp/tmpxft_000cda76_00000000-8_int4WoqGemmCuda.compute_90.ptx, line 260; warning : Program is doing double precision computations.
ptxas /tmp/tmpxft_000cda76_00000000-8_int4WoqGemmCuda.compute_90.ptx, line 264; warning : Program is doing double precision computations.
ptxas /tmp/tmpxft_000cda76_00000000-8_int4WoqGemmCuda.compute_90.ptx, line 264; warning : Program is doing double precision computations.
ptxas /tmp/tmpxft_000cda76_00000000-8_int4WoqGemmCuda.compute_90.ptx, line 271; warning : Program is doing double precision computations.
ptxas /tmp/tmpxft_000cda76_00000000-8_int4WoqGemmCuda.compute_90.ptx, line 271; warning : Program is doing double precision computations.
ptxas /tmp/tmpxft_000cda76_00000000-8_int4WoqGemmCuda.compute_90.ptx, line 275; warning : Program is doing double precision computations.
ptxas /tmp/tmpxft_000cda76_00000000-8_int4WoqGemmCuda.compute_90.ptx, line 275; warning : Program is doing double precision computations.
ptxas /tmp/tmpxft_000cda76_00000000-8_int4WoqGemmCuda.compute_90.ptx, line 282; warning : Program is doing double precision computations.
ptxas /tmp/tmpxft_000cda76_00000000-8_int4WoqGemmCuda.compute_90.ptx, line 282; warning : Program is doing double precision computations.
ptxas /tmp/tmpxft_000cda76_00000000-8_int4WoqGemmCuda.compute_90.ptx, line 286; warning : Program is doing double precision computations.
ptxas /tmp/tmpxft_000cda76_00000000-8_int4WoqGemmCuda.compute_90.ptx, line 286; warning : Program is doing double precision computations.
ptxas /tmp/tmpxft_000cda76_00000000-8_int4WoqGemmCuda.compute_90.ptx, line 293; warning : Program is doing double precision computations.
ptxas /tmp/tmpxft_000cda76_00000000-8_int4WoqGemmCuda.compute_90.ptx, line 293; warning : Program is doing double precision computations.
ptxas /tmp/tmpxft_000cda76_00000000-8_int4WoqGemmCuda.compute_90.ptx, line 297; warning : Program is doing double precision computations.
ptxas /tmp/tmpxft_000cda76_00000000-8_int4WoqGemmCuda.compute_90.ptx, line 297; warning : Program is doing double precision computations.
ptxas /tmp/tmpxft_000cda76_00000000-8_int4WoqGemmCuda.compute_90.ptx, line 304; warning : Program is doing double precision computations.
ptxas /tmp/tmpxft_000cda76_00000000-8_int4WoqGemmCuda.compute_90.ptx, line 304; warning : Program is doing double precision computations.
ptxas /tmp/tmpxft_000cda76_00000000-8_int4WoqGemmCuda.compute_90.ptx, line 308; warning : Program is doing double precision computations.
ptxas /tmp/tmpxft_000cda76_00000000-8_int4WoqGemmCuda.compute_90.ptx, line 308; warning : Program is doing double precision computations.
ptxas /tmp/tmpxft_000cda76_00000000-8_int4WoqGemmCuda.compute_90.ptx, line 315; warning : Program is doing double precision computations.
ptxas /tmp/tmpxft_000cda76_00000000-8_int4WoqGemmCuda.compute_90.ptx, line 315; warning : Program is doing double precision computations.
ptxas /tmp/tmpxft_000cda76_00000000-8_int4WoqGemmCuda.compute_90.ptx, line 319; warning : Program is doing double precision computations.
ptxas /tmp/tmpxft_000cda76_00000000-8_int4WoqGemmCuda.compute_90.ptx, line 319; warning : Program is doing double precision computations.
ptxas /tmp/tmpxft_000cda76_00000000-8_int4WoqGemmCuda.compute_90.ptx, line 326; warning : Program is doing double precision computations.
ptxas /tmp/tmpxft_000cda76_00000000-8_int4WoqGemmCuda.compute_90.ptx, line 326; warning : Program is doing double precision computations.
ptxas /tmp/tmpxft_000cda76_00000000-8_int4WoqGemmCuda.compute_90.ptx, line 330; warning : Program is doing double precision computations.
ptxas /tmp/tmpxft_000cda76_00000000-8_int4WoqGemmCuda.compute_90.ptx, line 330; warning : Program is doing double precision computations.
ptxas /tmp/tmpxft_000cda76_00000000-8_int4WoqGemmCuda.compute_90.ptx, line 337; warning : Program is doing double precision computations.
ptxas /tmp/tmpxft_000cda76_00000000-8_int4WoqGemmCuda.compute_90.ptx, line 337; warning : Program is doing double precision computations.
ptxas /tmp/tmpxft_000cda76_00000000-8_int4WoqGemmCuda.compute_90.ptx, line 341; warning : Program is doing double precision computations.
ptxas /tmp/tmpxft_000cda76_00000000-8_int4WoqGemmCuda.compute_90.ptx, line 341; warning : Program is doing double precision computations.
ptxas /tmp/tmpxft_000cda76_00000000-8_int4WoqGemmCuda.compute_90.ptx, line 348; warning : Program is doing double precision computations.
ptxas /tmp/tmpxft_000cda76_00000000-8_int4WoqGemmCuda.compute_90.ptx, line 348; warning : Program is doing double precision computations.
ptxas /tmp/tmpxft_000cda76_00000000-8_int4WoqGemmCuda.compute_90.ptx, line 352; warning : Program is doing double precision computations.
ptxas /tmp/tmpxft_000cda76_00000000-8_int4WoqGemmCuda.compute_90.ptx, line 352; warning : Program is doing double precision computations.
ptxas /tmp/tmpxft_000cda76_00000000-8_int4WoqGemmCuda.compute_90.ptx, line 359; warning : Program is doing double precision computations.
ptxas /tmp/tmpxft_000cda76_00000000-8_int4WoqGemmCuda.compute_90.ptx, line 359; warning : Program is doing double precision computations.
ptxas /tmp/tmpxft_000cda76_00000000-8_int4WoqGemmCuda.compute_90.ptx, line 363; warning : Program is doing double precision computations.
ptxas /tmp/tmpxft_000cda76_00000000-8_int4WoqGemmCuda.compute_90.ptx, line 363; warning : Program is doing double precision computations.
ptxas /tmp/tmpxft_000cda76_00000000-8_int4WoqGemmCuda.compute_90.ptx, line 370; warning : Program is doing double precision computations.
ptxas /tmp/tmpxft_000cda76_00000000-8_int4WoqGemmCuda.compute_90.ptx, line 370; warning : Program is doing double precision computations.
ptxas /tmp/tmpxft_000cda76_00000000-8_int4WoqGemmCuda.compute_90.ptx, line 374; warning : Program is doing double precision computations.
ptxas /tmp/tmpxft_000cda76_00000000-8_int4WoqGemmCuda.compute_90.ptx, line 374; warning : Program is doing double precision computations.
ptxas /tmp/tmpxft_000cda76_00000000-8_int4WoqGemmCuda.compute_90.ptx, line 381; warning : Program is doing double precision computations.
ptxas /tmp/tmpxft_000cda76_00000000-8_int4WoqGemmCuda.compute_90.ptx, line 381; warning : Program is doing double precision computations.
ptxas /tmp/tmpxft_000cda76_00000000-8_int4WoqGemmCuda.compute_90.ptx, line 385; warning : Program is doing double precision computations.
ptxas /tmp/tmpxft_000cda76_00000000-8_int4WoqGemmCuda.compute_90.ptx, line 385; warning : Program is doing double precision computations.
ptxas /tmp/tmpxft_000cda76_00000000-8_int4WoqGemmCuda.compute_90.ptx, line 392; warning : Program is doing double precision computations.
ptxas /tmp/tmpxft_000cda76_00000000-8_int4WoqGemmCuda.compute_90.ptx, line 392; warning : Program is doing double precision computations.
ptxas /tmp/tmpxft_000cda76_00000000-8_int4WoqGemmCuda.compute_90.ptx, line 396; warning : Program is doing double precision computations.
ptxas /tmp/tmpxft_000cda76_00000000-8_int4WoqGemmCuda.compute_90.ptx, line 396; warning : Program is doing double precision computations.
ptxas /tmp/tmpxft_000cda76_00000000-8_int4WoqGemmCuda.compute_90.ptx, line 403; warning : Program is doing double precision computations.
ptxas /tmp/tmpxft_000cda76_00000000-8_int4WoqGemmCuda.compute_90.ptx, line 403; warning : Program is doing double precision computations.
ptxas /tmp/tmpxft_000cda76_00000000-8_int4WoqGemmCuda.compute_90.ptx, line 407; warning : Program is doing double precision computations.
ptxas /tmp/tmpxft_000cda76_00000000-8_int4WoqGemmCuda.compute_90.ptx, line 407; warning : Program is doing double precision computations.
ptxas /tmp/tmpxft_000cda76_00000000-8_int4WoqGemmCuda.compute_90.ptx, line 414; warning : Program is doing double precision computations.
ptxas /tmp/tmpxft_000cda76_00000000-8_int4WoqGemmCuda.compute_90.ptx, line 414; warning : Program is doing double precision computations.
ptxas /tmp/tmpxft_000cda76_00000000-8_int4WoqGemmCuda.compute_90.ptx, line 418; warning : Program is doing double precision computations.
ptxas /tmp/tmpxft_000cda76_00000000-8_int4WoqGemmCuda.compute_90.ptx, line 418; warning : Program is doing double precision computations.
ptxas /tmp/tmpxft_000cda76_00000000-9_int4WoqGemmCuda.compute_89.ptx, line 71; warning : Program is doing double precision computations.
ptxas /tmp/tmpxft_000cda76_00000000-9_int4WoqGemmCuda.compute_89.ptx, line 73; warning : Program is doing double precision computations.
ptxas /tmp/tmpxft_000cda76_00000000-9_int4WoqGemmCuda.compute_89.ptx, line 73; warning : Program is doing double precision computations.
ptxas /tmp/tmpxft_000cda76_00000000-9_int4WoqGemmCuda.compute_89.ptx, line 77; warning : Program is doing double precision computations.
ptxas /tmp/tmpxft_000cda76_00000000-9_int4WoqGemmCuda.compute_89.ptx, line 77; warning : Program is doing double precision computations.
ptxas /tmp/tmpxft_000cda76_00000000-9_int4WoqGemmCuda.compute_89.ptx, line 84; warning : Program is doing double precision computations.
ptxas /tmp/tmpxft_000cda76_00000000-9_int4WoqGemmCuda.compute_89.ptx, line 84; warning : Program is doing double precision computations.
ptxas /tmp/tmpxft_000cda76_00000000-9_int4WoqGemmCuda.compute_89.ptx, line 88; warning : Program is doing double precision computations.
ptxas /tmp/tmpxft_000cda76_00000000-9_int4WoqGemmCuda.compute_89.ptx, line 88; warning : Program is doing double precision computations.
ptxas /tmp/tmpxft_000cda76_00000000-9_int4WoqGemmCuda.compute_89.ptx, line 95; warning : Program is doing double precision computations.
ptxas /tmp/tmpxft_000cda76_00000000-9_int4WoqGemmCuda.compute_89.ptx, line 95; warning : Program is doing double precision computations.
ptxas /tmp/tmpxft_000cda76_00000000-9_int4WoqGemmCuda.compute_89.ptx, line 99; warning : Program is doing double precision computations.
ptxas /tmp/tmpxft_000cda76_00000000-9_int4WoqGemmCuda.compute_89.ptx, line 99; warning : Program is doing double precision computations.
ptxas /tmp/tmpxft_000cda76_00000000-9_int4WoqGemmCuda.compute_89.ptx, line 106; warning : Program is doing double precision computations.
ptxas /tmp/tmpxft_000cda76_00000000-9_int4WoqGemmCuda.compute_89.ptx, line 106; warning : Program is doing double precision computations.
ptxas /tmp/tmpxft_000cda76_00000000-9_int4WoqGemmCuda.compute_89.ptx, line 110; warning : Program is doing double precision computations.
ptxas /tmp/tmpxft_000cda76_00000000-9_int4WoqGemmCuda.compute_89.ptx, line 110; warning : Program is doing double precision computations.
ptxas /tmp/tmpxft_000cda76_00000000-9_int4WoqGemmCuda.compute_89.ptx, line 117; warning : Program is doing double precision computations.
ptxas /tmp/tmpxft_000cda76_00000000-9_int4WoqGemmCuda.compute_89.ptx, line 117; warning : Program is doing double precision computations.
ptxas /tmp/tmpxft_000cda76_00000000-9_int4WoqGemmCuda.compute_89.ptx, line 121; warning : Program is doing double precision computations.
ptxas /tmp/tmpxft_000cda76_00000000-9_int4WoqGemmCuda.compute_89.ptx, line 121; warning : Program is doing double precision computations.
ptxas /tmp/tmpxft_000cda76_00000000-9_int4WoqGemmCuda.compute_89.ptx, line 128; warning : Program is doing double precision computations.
ptxas /tmp/tmpxft_000cda76_00000000-9_int4WoqGemmCuda.compute_89.ptx, line 128; warning : Program is doing double precision computations.
ptxas /tmp/tmpxft_000cda76_00000000-9_int4WoqGemmCuda.compute_89.ptx, line 132; warning : Program is doing double precision computations.
ptxas /tmp/tmpxft_000cda76_00000000-9_int4WoqGemmCuda.compute_89.ptx, line 132; warning : Program is doing double precision computations.
ptxas /tmp/tmpxft_000cda76_00000000-9_int4WoqGemmCuda.compute_89.ptx, line 139; warning : Program is doing double precision computations.
ptxas /tmp/tmpxft_000cda76_00000000-9_int4WoqGemmCuda.compute_89.ptx, line 139; warning : Program is doing double precision computations.
ptxas /tmp/tmpxft_000cda76_00000000-9_int4WoqGemmCuda.compute_89.ptx, line 143; warning : Program is doing double precision computations.
ptxas /tmp/tmpxft_000cda76_00000000-9_int4WoqGemmCuda.compute_89.ptx, line 143; warning : Program is doing double precision computations.
ptxas /tmp/tmpxft_000cda76_00000000-9_int4WoqGemmCuda.compute_89.ptx, line 150; warning : Program is doing double precision computations.
ptxas /tmp/tmpxft_000cda76_00000000-9_int4WoqGemmCuda.compute_89.ptx, line 150; warning : Program is doing double precision computations.
ptxas /tmp/tmpxft_000cda76_00000000-9_int4WoqGemmCuda.compute_89.ptx, line 154; warning : Program is doing double precision computations.
ptxas /tmp/tmpxft_000cda76_00000000-9_int4WoqGemmCuda.compute_89.ptx, line 154; warning : Program is doing double precision computations.
ptxas /tmp/tmpxft_000cda76_00000000-9_int4WoqGemmCuda.compute_89.ptx, line 161; warning : Program is doing double precision computations.
ptxas /tmp/tmpxft_000cda76_00000000-9_int4WoqGemmCuda.compute_89.ptx, line 161; warning : Program is doing double precision computations.
ptxas /tmp/tmpxft_000cda76_00000000-9_int4WoqGemmCuda.compute_89.ptx, line 165; warning : Program is doing double precision computations.
ptxas /tmp/tmpxft_000cda76_00000000-9_int4WoqGemmCuda.compute_89.ptx, line 165; warning : Program is doing double precision computations.
ptxas /tmp/tmpxft_000cda76_00000000-9_int4WoqGemmCuda.compute_89.ptx, line 172; warning : Program is doing double precision computations.
ptxas /tmp/tmpxft_000cda76_00000000-9_int4WoqGemmCuda.compute_89.ptx, line 172; warning : Program is doing double precision computations.
ptxas /tmp/tmpxft_000cda76_00000000-9_int4WoqGemmCuda.compute_89.ptx, line 176; warning : Program is doing double precision computations.
ptxas /tmp/tmpxft_000cda76_00000000-9_int4WoqGemmCuda.compute_89.ptx, line 176; warning : Program is doing double precision computations.
ptxas /tmp/tmpxft_000cda76_00000000-9_int4WoqGemmCuda.compute_89.ptx, line 183; warning : Program is doing double precision computations.
ptxas /tmp/tmpxft_000cda76_00000000-9_int4WoqGemmCuda.compute_89.ptx, line 183; warning : Program is doing double precision computations.
ptxas /tmp/tmpxft_000cda76_00000000-9_int4WoqGemmCuda.compute_89.ptx, line 187; warning : Program is doing double precision computations.
ptxas /tmp/tmpxft_000cda76_00000000-9_int4WoqGemmCuda.compute_89.ptx, line 187; warning : Program is doing double precision computations.
ptxas /tmp/tmpxft_000cda76_00000000-9_int4WoqGemmCuda.compute_89.ptx, line 194; warning : Program is doing double precision computations.
ptxas /tmp/tmpxft_000cda76_00000000-9_int4WoqGemmCuda.compute_89.ptx, line 194; warning : Program is doing double precision computations.
ptxas /tmp/tmpxft_000cda76_00000000-9_int4WoqGemmCuda.compute_89.ptx, line 198; warning : Program is doing double precision computations.
ptxas /tmp/tmpxft_000cda76_00000000-9_int4WoqGemmCuda.compute_89.ptx, line 198; warning : Program is doing double precision computations.
ptxas /tmp/tmpxft_000cda76_00000000-9_int4WoqGemmCuda.compute_89.ptx, line 205; warning : Program is doing double precision computations.
ptxas /tmp/tmpxft_000cda76_00000000-9_int4WoqGemmCuda.compute_89.ptx, line 205; warning : Program is doing double precision computations.
ptxas /tmp/tmpxft_000cda76_00000000-9_int4WoqGemmCuda.compute_89.ptx, line 209; warning : Program is doing double precision computations.
ptxas /tmp/tmpxft_000cda76_00000000-9_int4WoqGemmCuda.compute_89.ptx, line 209; warning : Program is doing double precision computations.
ptxas /tmp/tmpxft_000cda76_00000000-9_int4WoqGemmCuda.compute_89.ptx, line 216; warning : Program is doing double precision computations.
ptxas /tmp/tmpxft_000cda76_00000000-9_int4WoqGemmCuda.compute_89.ptx, line 216; warning : Program is doing double precision computations.
ptxas /tmp/tmpxft_000cda76_00000000-9_int4WoqGemmCuda.compute_89.ptx, line 220; warning : Program is doing double precision computations.
ptxas /tmp/tmpxft_000cda76_00000000-9_int4WoqGemmCuda.compute_89.ptx, line 220; warning : Program is doing double precision computations.
ptxas /tmp/tmpxft_000cda76_00000000-9_int4WoqGemmCuda.compute_89.ptx, line 227; warning : Program is doing double precision computations.
ptxas /tmp/tmpxft_000cda76_00000000-9_int4WoqGemmCuda.compute_89.ptx, line 227; warning : Program is doing double precision computations.
ptxas /tmp/tmpxft_000cda76_00000000-9_int4WoqGemmCuda.compute_89.ptx, line 231; warning : Program is doing double precision computations.
ptxas /tmp/tmpxft_000cda76_00000000-9_int4WoqGemmCuda.compute_89.ptx, line 231; warning : Program is doing double precision computations.
ptxas /tmp/tmpxft_000cda76_00000000-9_int4WoqGemmCuda.compute_89.ptx, line 238; warning : Program is doing double precision computations.
ptxas /tmp/tmpxft_000cda76_00000000-9_int4WoqGemmCuda.compute_89.ptx, line 238; warning : Program is doing double precision computations.
ptxas /tmp/tmpxft_000cda76_00000000-9_int4WoqGemmCuda.compute_89.ptx, line 242; warning : Program is doing double precision computations.
ptxas /tmp/tmpxft_000cda76_00000000-9_int4WoqGemmCuda.compute_89.ptx, line 242; warning : Program is doing double precision computations.
ptxas /tmp/tmpxft_000cda76_00000000-9_int4WoqGemmCuda.compute_89.ptx, line 249; warning : Program is doing double precision computations.
ptxas /tmp/tmpxft_000cda76_00000000-9_int4WoqGemmCuda.compute_89.ptx, line 249; warning : Program is doing double precision computations.
ptxas /tmp/tmpxft_000cda76_00000000-9_int4WoqGemmCuda.compute_89.ptx, line 253; warning : Program is doing double precision computations.
ptxas /tmp/tmpxft_000cda76_00000000-9_int4WoqGemmCuda.compute_89.ptx, line 253; warning : Program is doing double precision computations.
ptxas /tmp/tmpxft_000cda76_00000000-9_int4WoqGemmCuda.compute_89.ptx, line 260; warning : Program is doing double precision computations.
ptxas /tmp/tmpxft_000cda76_00000000-9_int4WoqGemmCuda.compute_89.ptx, line 260; warning : Program is doing double precision computations.
ptxas /tmp/tmpxft_000cda76_00000000-9_int4WoqGemmCuda.compute_89.ptx, line 264; warning : Program is doing double precision computations.
ptxas /tmp/tmpxft_000cda76_00000000-9_int4WoqGemmCuda.compute_89.ptx, line 264; warning : Program is doing double precision computations.
ptxas /tmp/tmpxft_000cda76_00000000-9_int4WoqGemmCuda.compute_89.ptx, line 271; warning : Program is doing double precision computations.
ptxas /tmp/tmpxft_000cda76_00000000-9_int4WoqGemmCuda.compute_89.ptx, line 271; warning : Program is doing double precision computations.
ptxas /tmp/tmpxft_000cda76_00000000-9_int4WoqGemmCuda.compute_89.ptx, line 275; warning : Program is doing double precision computations.
ptxas /tmp/tmpxft_000cda76_00000000-9_int4WoqGemmCuda.compute_89.ptx, line 275; warning : Program is doing double precision computations.
ptxas /tmp/tmpxft_000cda76_00000000-9_int4WoqGemmCuda.compute_89.ptx, line 282; warning : Program is doing double precision computations.
ptxas /tmp/tmpxft_000cda76_00000000-9_int4WoqGemmCuda.compute_89.ptx, line 282; warning : Program is doing double precision computations.
ptxas /tmp/tmpxft_000cda76_00000000-9_int4WoqGemmCuda.compute_89.ptx, line 286; warning : Program is doing double precision computations.
ptxas /tmp/tmpxft_000cda76_00000000-9_int4WoqGemmCuda.compute_89.ptx, line 286; warning : Program is doing double precision computations.
ptxas /tmp/tmpxft_000cda76_00000000-9_int4WoqGemmCuda.compute_89.ptx, line 293; warning : Program is doing double precision computations.
ptxas /tmp/tmpxft_000cda76_00000000-9_int4WoqGemmCuda.compute_89.ptx, line 293; warning : Program is doing double precision computations.
ptxas /tmp/tmpxft_000cda76_00000000-9_int4WoqGemmCuda.compute_89.ptx, line 297; warning : Program is doing double precision computations.
ptxas /tmp/tmpxft_000cda76_00000000-9_int4WoqGemmCuda.compute_89.ptx, line 297; warning : Program is doing double precision computations.
ptxas /tmp/tmpxft_000cda76_00000000-9_int4WoqGemmCuda.compute_89.ptx, line 304; warning : Program is doing double precision computations.
ptxas /tmp/tmpxft_000cda76_00000000-9_int4WoqGemmCuda.compute_89.ptx, line 304; warning : Program is doing double precision computations.
ptxas /tmp/tmpxft_000cda76_00000000-9_int4WoqGemmCuda.compute_89.ptx, line 308; warning : Program is doing double precision computations.
ptxas /tmp/tmpxft_000cda76_00000000-9_int4WoqGemmCuda.compute_89.ptx, line 308; warning : Program is doing double precision computations.
ptxas /tmp/tmpxft_000cda76_00000000-9_int4WoqGemmCuda.compute_89.ptx, line 315; warning : Program is doing double precision computations.
ptxas /tmp/tmpxft_000cda76_00000000-9_int4WoqGemmCuda.compute_89.ptx, line 315; warning : Program is doing double precision computations.
ptxas /tmp/tmpxft_000cda76_00000000-9_int4WoqGemmCuda.compute_89.ptx, line 319; warning : Program is doing double precision computations.
ptxas /tmp/tmpxft_000cda76_00000000-9_int4WoqGemmCuda.compute_89.ptx, line 319; warning : Program is doing double precision computations.
ptxas /tmp/tmpxft_000cda76_00000000-9_int4WoqGemmCuda.compute_89.ptx, line 326; warning : Program is doing double precision computations.
ptxas /tmp/tmpxft_000cda76_00000000-9_int4WoqGemmCuda.compute_89.ptx, line 326; warning : Program is doing double precision computations.
ptxas /tmp/tmpxft_000cda76_00000000-9_int4WoqGemmCuda.compute_89.ptx, line 330; warning : Program is doing double precision computations.
ptxas /tmp/tmpxft_000cda76_00000000-9_int4WoqGemmCuda.compute_89.ptx, line 330; warning : Program is doing double precision computations.
ptxas /tmp/tmpxft_000cda76_00000000-9_int4WoqGemmCuda.compute_89.ptx, line 337; warning : Program is doing double precision computations.
ptxas /tmp/tmpxft_000cda76_00000000-9_int4WoqGemmCuda.compute_89.ptx, line 337; warning : Program is doing double precision computations.
ptxas /tmp/tmpxft_000cda76_00000000-9_int4WoqGemmCuda.compute_89.ptx, line 341; warning : Program is doing double precision computations.
ptxas /tmp/tmpxft_000cda76_00000000-9_int4WoqGemmCuda.compute_89.ptx, line 341; warning : Program is doing double precision computations.
ptxas /tmp/tmpxft_000cda76_00000000-9_int4WoqGemmCuda.compute_89.ptx, line 348; warning : Program is doing double precision computations.
ptxas /tmp/tmpxft_000cda76_00000000-9_int4WoqGemmCuda.compute_89.ptx, line 348; warning : Program is doing double precision computations.
ptxas /tmp/tmpxft_000cda76_00000000-9_int4WoqGemmCuda.compute_89.ptx, line 352; warning : Program is doing double precision computations.
ptxas /tmp/tmpxft_000cda76_00000000-9_int4WoqGemmCuda.compute_89.ptx, line 352; warning : Program is doing double precision computations.
ptxas /tmp/tmpxft_000cda76_00000000-9_int4WoqGemmCuda.compute_89.ptx, line 359; warning : Program is doing double precision computations.
ptxas /tmp/tmpxft_000cda76_00000000-9_int4WoqGemmCuda.compute_89.ptx, line 359; warning : Program is doing double precision computations.
ptxas /tmp/tmpxft_000cda76_00000000-9_int4WoqGemmCuda.compute_89.ptx, line 363; warning : Program is doing double precision computations.
ptxas /tmp/tmpxft_000cda76_00000000-9_int4WoqGemmCuda.compute_89.ptx, line 363; warning : Program is doing double precision computations.
ptxas /tmp/tmpxft_000cda76_00000000-9_int4WoqGemmCuda.compute_89.ptx, line 370; warning : Program is doing double precision computations.
ptxas /tmp/tmpxft_000cda76_00000000-9_int4WoqGemmCuda.compute_89.ptx, line 370; warning : Program is doing double precision computations.
ptxas /tmp/tmpxft_000cda76_00000000-9_int4WoqGemmCuda.compute_89.ptx, line 374; warning : Program is doing double precision computations.
ptxas /tmp/tmpxft_000cda76_00000000-9_int4WoqGemmCuda.compute_89.ptx, line 374; warning : Program is doing double precision computations.
ptxas /tmp/tmpxft_000cda76_00000000-9_int4WoqGemmCuda.compute_89.ptx, line 381; warning : Program is doing double precision computations.
ptxas /tmp/tmpxft_000cda76_00000000-9_int4WoqGemmCuda.compute_89.ptx, line 381; warning : Program is doing double precision computations.
ptxas /tmp/tmpxft_000cda76_00000000-9_int4WoqGemmCuda.compute_89.ptx, line 385; warning : Program is doing double precision computations.
ptxas /tmp/tmpxft_000cda76_00000000-9_int4WoqGemmCuda.compute_89.ptx, line 385; warning : Program is doing double precision computations.
ptxas /tmp/tmpxft_000cda76_00000000-9_int4WoqGemmCuda.compute_89.ptx, line 392; warning : Program is doing double precision computations.
ptxas /tmp/tmpxft_000cda76_00000000-9_int4WoqGemmCuda.compute_89.ptx, line 392; warning : Program is doing double precision computations.
ptxas /tmp/tmpxft_000cda76_00000000-9_int4WoqGemmCuda.compute_89.ptx, line 396; warning : Program is doing double precision computations.
ptxas /tmp/tmpxft_000cda76_00000000-9_int4WoqGemmCuda.compute_89.ptx, line 396; warning : Program is doing double precision computations.
ptxas /tmp/tmpxft_000cda76_00000000-9_int4WoqGemmCuda.compute_89.ptx, line 403; warning : Program is doing double precision computations.
ptxas /tmp/tmpxft_000cda76_00000000-9_int4WoqGemmCuda.compute_89.ptx, line 403; warning : Program is doing double precision computations.
ptxas /tmp/tmpxft_000cda76_00000000-9_int4WoqGemmCuda.compute_89.ptx, line 407; warning : Program is doing double precision computations.
ptxas /tmp/tmpxft_000cda76_00000000-9_int4WoqGemmCuda.compute_89.ptx, line 407; warning : Program is doing double precision computations.
ptxas /tmp/tmpxft_000cda76_00000000-9_int4WoqGemmCuda.compute_89.ptx, line 414; warning : Program is doing double precision computations.
ptxas /tmp/tmpxft_000cda76_00000000-9_int4WoqGemmCuda.compute_89.ptx, line 414; warning : Program is doing double precision computations.
ptxas /tmp/tmpxft_000cda76_00000000-9_int4WoqGemmCuda.compute_89.ptx, line 418; warning : Program is doing double precision computations.
ptxas /tmp/tmpxft_000cda76_00000000-9_int4WoqGemmCuda.compute_89.ptx, line 418; warning : Program is doing double precision computations.
ptxas /tmp/tmpxft_000cda76_00000000-10_int4WoqGemmCuda.compute_86.ptx, line 71; warning : Program is doing double precision computations.
ptxas /tmp/tmpxft_000cda76_00000000-10_int4WoqGemmCuda.compute_86.ptx, line 73; warning : Program is doing double precision computations.
ptxas /tmp/tmpxft_000cda76_00000000-10_int4WoqGemmCuda.compute_86.ptx, line 73; warning : Program is doing double precision computations.
ptxas /tmp/tmpxft_000cda76_00000000-10_int4WoqGemmCuda.compute_86.ptx, line 77; warning : Program is doing double precision computations.
ptxas /tmp/tmpxft_000cda76_00000000-10_int4WoqGemmCuda.compute_86.ptx, line 77; warning : Program is doing double precision computations.
ptxas /tmp/tmpxft_000cda76_00000000-10_int4WoqGemmCuda.compute_86.ptx, line 84; warning : Program is doing double precision computations.
ptxas /tmp/tmpxft_000cda76_00000000-10_int4WoqGemmCuda.compute_86.ptx, line 84; warning : Program is doing double precision computations.
ptxas /tmp/tmpxft_000cda76_00000000-10_int4WoqGemmCuda.compute_86.ptx, line 88; warning : Program is doing double precision computations.
ptxas /tmp/tmpxft_000cda76_00000000-10_int4WoqGemmCuda.compute_86.ptx, line 88; warning : Program is doing double precision computations.
ptxas /tmp/tmpxft_000cda76_00000000-10_int4WoqGemmCuda.compute_86.ptx, line 95; warning : Program is doing double precision computations.
ptxas /tmp/tmpxft_000cda76_00000000-10_int4WoqGemmCuda.compute_86.ptx, line 95; warning : Program is doing double precision computations.
ptxas /tmp/tmpxft_000cda76_00000000-10_int4WoqGemmCuda.compute_86.ptx, line 99; warning : Program is doing double precision computations.
ptxas /tmp/tmpxft_000cda76_00000000-10_int4WoqGemmCuda.compute_86.ptx, line 99; warning : Program is doing double precision computations.
ptxas /tmp/tmpxft_000cda76_00000000-10_int4WoqGemmCuda.compute_86.ptx, line 106; warning : Program is doing double precision computations.
ptxas /tmp/tmpxft_000cda76_00000000-10_int4WoqGemmCuda.compute_86.ptx, line 106; warning : Program is doing double precision computations.
ptxas /tmp/tmpxft_000cda76_00000000-10_int4WoqGemmCuda.compute_86.ptx, line 110; warning : Program is doing double precision computations.
ptxas /tmp/tmpxft_000cda76_00000000-10_int4WoqGemmCuda.compute_86.ptx, line 110; warning : Program is doing double precision computations.
ptxas /tmp/tmpxft_000cda76_00000000-10_int4WoqGemmCuda.compute_86.ptx, line 117; warning : Program is doing double precision computations.
ptxas /tmp/tmpxft_000cda76_00000000-10_int4WoqGemmCuda.compute_86.ptx, line 117; warning : Program is doing double precision computations.
ptxas /tmp/tmpxft_000cda76_00000000-10_int4WoqGemmCuda.compute_86.ptx, line 121; warning : Program is doing double precision computations.
ptxas /tmp/tmpxft_000cda76_00000000-10_int4WoqGemmCuda.compute_86.ptx, line 121; warning : Program is doing double precision computations.
ptxas /tmp/tmpxft_000cda76_00000000-10_int4WoqGemmCuda.compute_86.ptx, line 128; warning : Program is doing double precision computations.
ptxas /tmp/tmpxft_000cda76_00000000-10_int4WoqGemmCuda.compute_86.ptx, line 128; warning : Program is doing double precision computations.
ptxas /tmp/tmpxft_000cda76_00000000-10_int4WoqGemmCuda.compute_86.ptx, line 132; warning : Program is doing double precision computations.
ptxas /tmp/tmpxft_000cda76_00000000-10_int4WoqGemmCuda.compute_86.ptx, line 132; warning : Program is doing double precision computations.
ptxas /tmp/tmpxft_000cda76_00000000-10_int4WoqGemmCuda.compute_86.ptx, line 139; warning : Program is doing double precision computations.
ptxas /tmp/tmpxft_000cda76_00000000-10_int4WoqGemmCuda.compute_86.ptx, line 139; warning : Program is doing double precision computations.
ptxas /tmp/tmpxft_000cda76_00000000-10_int4WoqGemmCuda.compute_86.ptx, line 143; warning : Program is doing double precision computations.
ptxas /tmp/tmpxft_000cda76_00000000-10_int4WoqGemmCuda.compute_86.ptx, line 143; warning : Program is doing double precision computations.
ptxas /tmp/tmpxft_000cda76_00000000-10_int4WoqGemmCuda.compute_86.ptx, line 150; warning : Program is doing double precision computations.
ptxas /tmp/tmpxft_000cda76_00000000-10_int4WoqGemmCuda.compute_86.ptx, line 150; warning : Program is doing double precision computations.
ptxas /tmp/tmpxft_000cda76_00000000-10_int4WoqGemmCuda.compute_86.ptx, line 154; warning : Program is doing double precision computations.
ptxas /tmp/tmpxft_000cda76_00000000-10_int4WoqGemmCuda.compute_86.ptx, line 154; warning : Program is doing double precision computations.
ptxas /tmp/tmpxft_000cda76_00000000-10_int4WoqGemmCuda.compute_86.ptx, line 161; warning : Program is doing double precision computations.
ptxas /tmp/tmpxft_000cda76_00000000-10_int4WoqGemmCuda.compute_86.ptx, line 161; warning : Program is doing double precision computations.
ptxas /tmp/tmpxft_000cda76_00000000-10_int4WoqGemmCuda.compute_86.ptx, line 165; warning : Program is doing double precision computations.
ptxas /tmp/tmpxft_000cda76_00000000-10_int4WoqGemmCuda.compute_86.ptx, line 165; warning : Program is doing double precision computations.
ptxas /tmp/tmpxft_000cda76_00000000-10_int4WoqGemmCuda.compute_86.ptx, line 172; warning : Program is doing double precision computations.
ptxas /tmp/tmpxft_000cda76_00000000-10_int4WoqGemmCuda.compute_86.ptx, line 172; warning : Program is doing double precision computations.
ptxas /tmp/tmpxft_000cda76_00000000-10_int4WoqGemmCuda.compute_86.ptx, line 176; warning : Program is doing double precision computations.
ptxas /tmp/tmpxft_000cda76_00000000-10_int4WoqGemmCuda.compute_86.ptx, line 176; warning : Program is doing double precision computations.
ptxas /tmp/tmpxft_000cda76_00000000-10_int4WoqGemmCuda.compute_86.ptx, line 183; warning : Program is doing double precision computations.
ptxas /tmp/tmpxft_000cda76_00000000-10_int4WoqGemmCuda.compute_86.ptx, line 183; warning : Program is doing double precision computations.
ptxas /tmp/tmpxft_000cda76_00000000-10_int4WoqGemmCuda.compute_86.ptx, line 187; warning : Program is doing double precision computations.
ptxas /tmp/tmpxft_000cda76_00000000-10_int4WoqGemmCuda.compute_86.ptx, line 187; warning : Program is doing double precision computations.
ptxas /tmp/tmpxft_000cda76_00000000-10_int4WoqGemmCuda.compute_86.ptx, line 194; warning : Program is doing double precision computations.
ptxas /tmp/tmpxft_000cda76_00000000-10_int4WoqGemmCuda.compute_86.ptx, line 194; warning : Program is doing double precision computations.
ptxas /tmp/tmpxft_000cda76_00000000-10_int4WoqGemmCuda.compute_86.ptx, line 198; warning : Program is doing double precision computations.
ptxas /tmp/tmpxft_000cda76_00000000-10_int4WoqGemmCuda.compute_86.ptx, line 198; warning : Program is doing double precision computations.
ptxas /tmp/tmpxft_000cda76_00000000-10_int4WoqGemmCuda.compute_86.ptx, line 205; warning : Program is doing double precision computations.
ptxas /tmp/tmpxft_000cda76_00000000-10_int4WoqGemmCuda.compute_86.ptx, line 205; warning : Program is doing double precision computations.
ptxas /tmp/tmpxft_000cda76_00000000-10_int4WoqGemmCuda.compute_86.ptx, line 209; warning : Program is doing double precision computations.
ptxas /tmp/tmpxft_000cda76_00000000-10_int4WoqGemmCuda.compute_86.ptx, line 209; warning : Program is doing double precision computations.
ptxas /tmp/tmpxft_000cda76_00000000-10_int4WoqGemmCuda.compute_86.ptx, line 216; warning : Program is doing double precision computations.
ptxas /tmp/tmpxft_000cda76_00000000-10_int4WoqGemmCuda.compute_86.ptx, line 216; warning : Program is doing double precision computations.
ptxas /tmp/tmpxft_000cda76_00000000-10_int4WoqGemmCuda.compute_86.ptx, line 220; warning : Program is doing double precision computations.
ptxas /tmp/tmpxft_000cda76_00000000-10_int4WoqGemmCuda.compute_86.ptx, line 220; warning : Program is doing double precision computations.
ptxas /tmp/tmpxft_000cda76_00000000-10_int4WoqGemmCuda.compute_86.ptx, line 227; warning : Program is doing double precision computations.
ptxas /tmp/tmpxft_000cda76_00000000-10_int4WoqGemmCuda.compute_86.ptx, line 227; warning : Program is doing double precision computations.
ptxas /tmp/tmpxft_000cda76_00000000-10_int4WoqGemmCuda.compute_86.ptx, line 231; warning : Program is doing double precision computations.
ptxas /tmp/tmpxft_000cda76_00000000-10_int4WoqGemmCuda.compute_86.ptx, line 231; warning : Program is doing double precision computations.
ptxas /tmp/tmpxft_000cda76_00000000-10_int4WoqGemmCuda.compute_86.ptx, line 238; warning : Program is doing double precision computations.
ptxas /tmp/tmpxft_000cda76_00000000-10_int4WoqGemmCuda.compute_86.ptx, line 238; warning : Program is doing double precision computations.
ptxas /tmp/tmpxft_000cda76_00000000-10_int4WoqGemmCuda.compute_86.ptx, line 242; warning : Program is doing double precision computations.
ptxas /tmp/tmpxft_000cda76_00000000-10_int4WoqGemmCuda.compute_86.ptx, line 242; warning : Program is doing double precision computations.
ptxas /tmp/tmpxft_000cda76_00000000-10_int4WoqGemmCuda.compute_86.ptx, line 249; warning : Program is doing double precision computations.
ptxas /tmp/tmpxft_000cda76_00000000-10_int4WoqGemmCuda.compute_86.ptx, line 249; warning : Program is doing double precision computations.
ptxas /tmp/tmpxft_000cda76_00000000-10_int4WoqGemmCuda.compute_86.ptx, line 253; warning : Program is doing double precision computations.
ptxas /tmp/tmpxft_000cda76_00000000-10_int4WoqGemmCuda.compute_86.ptx, line 253; warning : Program is doing double precision computations.
ptxas /tmp/tmpxft_000cda76_00000000-10_int4WoqGemmCuda.compute_86.ptx, line 260; warning : Program is doing double precision computations.
ptxas /tmp/tmpxft_000cda76_00000000-10_int4WoqGemmCuda.compute_86.ptx, line 260; warning : Program is doing double precision computations.
ptxas /tmp/tmpxft_000cda76_00000000-10_int4WoqGemmCuda.compute_86.ptx, line 264; warning : Program is doing double precision computations.
ptxas /tmp/tmpxft_000cda76_00000000-10_int4WoqGemmCuda.compute_86.ptx, line 264; warning : Program is doing double precision computations.
ptxas /tmp/tmpxft_000cda76_00000000-10_int4WoqGemmCuda.compute_86.ptx, line 271; warning : Program is doing double precision computations.
ptxas /tmp/tmpxft_000cda76_00000000-10_int4WoqGemmCuda.compute_86.ptx, line 271; warning : Program is doing double precision computations.
ptxas /tmp/tmpxft_000cda76_00000000-10_int4WoqGemmCuda.compute_86.ptx, line 275; warning : Program is doing double precision computations.
ptxas /tmp/tmpxft_000cda76_00000000-10_int4WoqGemmCuda.compute_86.ptx, line 275; warning : Program is doing double precision computations.
ptxas /tmp/tmpxft_000cda76_00000000-10_int4WoqGemmCuda.compute_86.ptx, line 282; warning : Program is doing double precision computations.
ptxas /tmp/tmpxft_000cda76_00000000-10_int4WoqGemmCuda.compute_86.ptx, line 282; warning : Program is doing double precision computations.
ptxas /tmp/tmpxft_000cda76_00000000-10_int4WoqGemmCuda.compute_86.ptx, line 286; warning : Program is doing double precision computations.
ptxas /tmp/tmpxft_000cda76_00000000-10_int4WoqGemmCuda.compute_86.ptx, line 286; warning : Program is doing double precision computations.
ptxas /tmp/tmpxft_000cda76_00000000-10_int4WoqGemmCuda.compute_86.ptx, line 293; warning : Program is doing double precision computations.
ptxas /tmp/tmpxft_000cda76_00000000-10_int4WoqGemmCuda.compute_86.ptx, line 293; warning : Program is doing double precision computations.
ptxas /tmp/tmpxft_000cda76_00000000-10_int4WoqGemmCuda.compute_86.ptx, line 297; warning : Program is doing double precision computations.
ptxas /tmp/tmpxft_000cda76_00000000-10_int4WoqGemmCuda.compute_86.ptx, line 297; warning : Program is doing double precision computations.
ptxas /tmp/tmpxft_000cda76_00000000-10_int4WoqGemmCuda.compute_86.ptx, line 304; warning : Program is doing double precision computations.
ptxas /tmp/tmpxft_000cda76_00000000-10_int4WoqGemmCuda.compute_86.ptx, line 304; warning : Program is doing double precision computations.
ptxas /tmp/tmpxft_000cda76_00000000-10_int4WoqGemmCuda.compute_86.ptx, line 308; warning : Program is doing double precision computations.
ptxas /tmp/tmpxft_000cda76_00000000-10_int4WoqGemmCuda.compute_86.ptx, line 308; warning : Program is doing double precision computations.
ptxas /tmp/tmpxft_000cda76_00000000-10_int4WoqGemmCuda.compute_86.ptx, line 315; warning : Program is doing double precision computations.
ptxas /tmp/tmpxft_000cda76_00000000-10_int4WoqGemmCuda.compute_86.ptx, line 315; warning : Program is doing double precision computations.
ptxas /tmp/tmpxft_000cda76_00000000-10_int4WoqGemmCuda.compute_86.ptx, line 319; warning : Program is doing double precision computations.
ptxas /tmp/tmpxft_000cda76_00000000-10_int4WoqGemmCuda.compute_86.ptx, line 319; warning : Program is doing double precision computations.
ptxas /tmp/tmpxft_000cda76_00000000-10_int4WoqGemmCuda.compute_86.ptx, line 326; warning : Program is doing double precision computations.
ptxas /tmp/tmpxft_000cda76_00000000-10_int4WoqGemmCuda.compute_86.ptx, line 326; warning : Program is doing double precision computations.
ptxas /tmp/tmpxft_000cda76_00000000-10_int4WoqGemmCuda.compute_86.ptx, line 330; warning : Program is doing double precision computations.
ptxas /tmp/tmpxft_000cda76_00000000-10_int4WoqGemmCuda.compute_86.ptx, line 330; warning : Program is doing double precision computations.
ptxas /tmp/tmpxft_000cda76_00000000-10_int4WoqGemmCuda.compute_86.ptx, line 337; warning : Program is doing double precision computations.
ptxas /tmp/tmpxft_000cda76_00000000-10_int4WoqGemmCuda.compute_86.ptx, line 337; warning : Program is doing double precision computations.
ptxas /tmp/tmpxft_000cda76_00000000-10_int4WoqGemmCuda.compute_86.ptx, line 341; warning : Program is doing double precision computations.
ptxas /tmp/tmpxft_000cda76_00000000-10_int4WoqGemmCuda.compute_86.ptx, line 341; warning : Program is doing double precision computations.
ptxas /tmp/tmpxft_000cda76_00000000-10_int4WoqGemmCuda.compute_86.ptx, line 348; warning : Program is doing double precision computations.
ptxas /tmp/tmpxft_000cda76_00000000-10_int4WoqGemmCuda.compute_86.ptx, line 348; warning : Program is doing double precision computations.
ptxas /tmp/tmpxft_000cda76_00000000-10_int4WoqGemmCuda.compute_86.ptx, line 352; warning : Program is doing double precision computations.
ptxas /tmp/tmpxft_000cda76_00000000-10_int4WoqGemmCuda.compute_86.ptx, line 352; warning : Program is doing double precision computations.
ptxas /tmp/tmpxft_000cda76_00000000-10_int4WoqGemmCuda.compute_86.ptx, line 359; warning : Program is doing double precision computations.
ptxas /tmp/tmpxft_000cda76_00000000-10_int4WoqGemmCuda.compute_86.ptx, line 359; warning : Program is doing double precision computations.
ptxas /tmp/tmpxft_000cda76_00000000-10_int4WoqGemmCuda.compute_86.ptx, line 363; warning : Program is doing double precision computations.
ptxas /tmp/tmpxft_000cda76_00000000-10_int4WoqGemmCuda.compute_86.ptx, line 363; warning : Program is doing double precision computations.
ptxas /tmp/tmpxft_000cda76_00000000-10_int4WoqGemmCuda.compute_86.ptx, line 370; warning : Program is doing double precision computations.
ptxas /tmp/tmpxft_000cda76_00000000-10_int4WoqGemmCuda.compute_86.ptx, line 370; warning : Program is doing double precision computations.
ptxas /tmp/tmpxft_000cda76_00000000-10_int4WoqGemmCuda.compute_86.ptx, line 374; warning : Program is doing double precision computations.
ptxas /tmp/tmpxft_000cda76_00000000-10_int4WoqGemmCuda.compute_86.ptx, line 374; warning : Program is doing double precision computations.
ptxas /tmp/tmpxft_000cda76_00000000-10_int4WoqGemmCuda.compute_86.ptx, line 381; warning : Program is doing double precision computations.
ptxas /tmp/tmpxft_000cda76_00000000-10_int4WoqGemmCuda.compute_86.ptx, line 381; warning : Program is doing double precision computations.
ptxas /tmp/tmpxft_000cda76_00000000-10_int4WoqGemmCuda.compute_86.ptx, line 385; warning : Program is doing double precision computations.
ptxas /tmp/tmpxft_000cda76_00000000-10_int4WoqGemmCuda.compute_86.ptx, line 385; warning : Program is doing double precision computations.
ptxas /tmp/tmpxft_000cda76_00000000-10_int4WoqGemmCuda.compute_86.ptx, line 392; warning : Program is doing double precision computations.
ptxas /tmp/tmpxft_000cda76_00000000-10_int4WoqGemmCuda.compute_86.ptx, line 392; warning : Program is doing double precision computations.
ptxas /tmp/tmpxft_000cda76_00000000-10_int4WoqGemmCuda.compute_86.ptx, line 396; warning : Program is doing double precision computations.
ptxas /tmp/tmpxft_000cda76_00000000-10_int4WoqGemmCuda.compute_86.ptx, line 396; warning : Program is doing double precision computations.
ptxas /tmp/tmpxft_000cda76_00000000-10_int4WoqGemmCuda.compute_86.ptx, line 403; warning : Program is doing double precision computations.
ptxas /tmp/tmpxft_000cda76_00000000-10_int4WoqGemmCuda.compute_86.ptx, line 403; warning : Program is doing double precision computations.
ptxas /tmp/tmpxft_000cda76_00000000-10_int4WoqGemmCuda.compute_86.ptx, line 407; warning : Program is doing double precision computations.
ptxas /tmp/tmpxft_000cda76_00000000-10_int4WoqGemmCuda.compute_86.ptx, line 407; warning : Program is doing double precision computations.
ptxas /tmp/tmpxft_000cda76_00000000-10_int4WoqGemmCuda.compute_86.ptx, line 414; warning : Program is doing double precision computations.
ptxas /tmp/tmpxft_000cda76_00000000-10_int4WoqGemmCuda.compute_86.ptx, line 414; warning : Program is doing double precision computations.
ptxas /tmp/tmpxft_000cda76_00000000-10_int4WoqGemmCuda.compute_86.ptx, line 418; warning : Program is doing double precision computations.
ptxas /tmp/tmpxft_000cda76_00000000-10_int4WoqGemmCuda.compute_86.ptx, line 418; warning : Program is doing double precision computations.
ptxas /tmp/tmpxft_000cda76_00000000-6_int4WoqGemmCuda.compute_120.ptx, line 76; warning : Program is doing double precision computations.
ptxas /tmp/tmpxft_000cda76_00000000-6_int4WoqGemmCuda.compute_120.ptx, line 76; warning : Program is doing double precision computations.
ptxas /tmp/tmpxft_000cda76_00000000-7_int4WoqGemmCuda.compute_100a.ptx, line 76; warning : Program is doing double precision computations.
ptxas /tmp/tmpxft_000cda76_00000000-7_int4WoqGemmCuda.compute_100a.ptx, line 76; warning : Program is doing double precision computations.
[ 27%] Building CUDA object cpp/CMakeFiles/edgellmCore.dir/kernels/kvCacheUtilKernels/kvCacheUtilsKernels.cu.o
nvcc warning : Resource usage is not shown as the final resource allocation is not done.
[ 29%] Building CUDA object cpp/CMakeFiles/edgellmCore.dir/kernels/mamba/causalConv1d.cu.o
nvcc warning : Resource usage is not shown as the final resource allocation is not done.
ptxas warning : Local memory used for function '_ZN9mamba_ssm30causalConv1dDecodeDDTreeKernelI6__halfEEvPKT_S4_S4_S4_PS2_S5_S5_PKiS7_iii', size of stack frame: 64 bytes
ptxas warning : Local memory used for function '_ZN9mamba_ssm27causalConv1dDecodeMTPKernelI6__halfEEvPT_PKS2_S5_S5_S3_S3_iiii', size of stack frame: 64 bytes
ptxas warning : Local memory used for function '_ZN9mamba_ssm30causalConv1dDecodeDDTreeKernelI6__halfEEvPKT_S4_S4_S4_PS2_S5_S5_PKiS7_iii', size of stack frame: 64 bytes
ptxas warning : Local memory used for function '_ZN9mamba_ssm27causalConv1dDecodeMTPKernelI6__halfEEvPT_PKS2_S5_S5_S3_S3_iiii', size of stack frame: 64 bytes
ptxas warning : Local memory used for function '_ZN9mamba_ssm30causalConv1dDecodeDDTreeKernelI6__halfEEvPKT_S4_S4_S4_PS2_S5_S5_PKiS7_iii', size of stack frame: 64 bytes
ptxas warning : Local memory used for function '_ZN9mamba_ssm27causalConv1dDecodeMTPKernelI6__halfEEvPT_PKS2_S5_S5_S3_S3_iiii', size of stack frame: 64 bytes
ptxas warning : Local memory used for function '_ZN9mamba_ssm30causalConv1dDecodeDDTreeKernelI6__halfEEvPKT_S4_S4_S4_PS2_S5_S5_PKiS7_iii', size of stack frame: 64 bytes
ptxas warning : Local memory used for function '_ZN9mamba_ssm27causalConv1dDecodeMTPKernelI6__halfEEvPT_PKS2_S5_S5_S3_S3_iiii', size of stack frame: 64 bytes
ptxas warning : Local memory used for function '_ZN9mamba_ssm30causalConv1dDecodeDDTreeKernelI6__halfEEvPKT_S4_S4_S4_PS2_S5_S5_PKiS7_iii', size of stack frame: 64 bytes
ptxas warning : Local memory used for function '_ZN9mamba_ssm27causalConv1dDecodeMTPKernelI6__halfEEvPT_PKS2_S5_S5_S3_S3_iiii', size of stack frame: 64 bytes
ptxas warning : Local memory used for function '_ZN9mamba_ssm18causalConv1dKernelI6__halfEEvPKT_S4_S4_S4_PS2_iiiiiPKi', size of stack frame: 64 bytes
ptxas warning : Local memory used for function '_ZN9mamba_ssm30causalConv1dDecodeDDTreeKernelI6__halfEEvPKT_S4_S4_S4_PS2_S5_S5_PKiS7_iii', size of stack frame: 64 bytes
ptxas warning : Local memory used for function '_ZN9mamba_ssm27causalConv1dDecodeMTPKernelI6__halfEEvPT_PKS2_S5_S5_S3_S3_iiii', size of stack frame: 64 bytes
ptxas warning : Local memory used for function '_ZN9mamba_ssm18causalConv1dKernelI6__halfEEvPKT_S4_S4_S4_PS2_iiiiiPKi', size of stack frame: 64 bytes
[ 29%] Building CUDA object cpp/CMakeFiles/edgellmCore.dir/kernels/mamba/selectiveStateUpdate.cu.o
nvcc warning : Resource usage is not shown as the final resource allocation is not done.
[ 29%] Building CUDA object cpp/CMakeFiles/edgellmCore.dir/kernels/mamba/ssdVarlenMetadata.cu.o
nvcc warning : Resource usage is not shown as the final resource allocation is not done.
[ 31%] Building CUDA object cpp/CMakeFiles/edgellmCore.dir/kernels/moe/f16MoeSupportKernels.cu.o
nvcc warning : Resource usage is not shown as the final resource allocation is not done.
[ 31%] Building CUDA object cpp/CMakeFiles/edgellmCore.dir/kernels/moe/fp4SupportKernels/buildLayout.cu.o
nvcc warning : Resource usage is not shown as the final resource allocation is not done.
[ 31%] Building CUDA object cpp/CMakeFiles/edgellmCore.dir/kernels/moe/fp4SupportKernels/fp4Quantize.cu.o
nvcc warning : Resource usage is not shown as the final resource allocation is not done.
/home/ajmalrasi/json-schema-phase4a-20260923/source/cpp/kernels/moe/fp4SupportKernels/fp4Quantize.cu(132): warning #177-D: function "trt_edgellm::kernel::<unnamed>::floatToE2m1" was declared but never referenced
                   uint32_t floatToE2m1(float val)
                            ^

Remark: The warnings can be suppressed with "-diag-suppress <warning-number>"

ptxas warning : Value of threads per SM for entry __nv_static_36__637b383b_14_fp4Quantize_cu_f4ee0910__ZN11trt_edgellm6kernel47_GLOBAL__N__637b383b_14_fp4Quantize_cu_f4ee091053buildLayoutAndQuantizeRoutedToFp4LinearSfDecodeKernelI6__halfEEviiiiPKT_PKiPKfPiSB_SB_SB_PjPh is out of range. .minnctapersm will be ignored
ptxas warning : Value of threads per SM for entry __nv_static_36__637b383b_14_fp4Quantize_cu_f4ee0910__ZN11trt_edgellm6kernel47_GLOBAL__N__637b383b_14_fp4Quantize_cu_f4ee091053buildLayoutAndQuantizeRoutedToFp4LinearSfDecodeKernelI13__nv_bfloat16EEviiiiPKT_PKiPKfPiSB_SB_SB_PjPh is out of range. .minnctapersm will be ignored
ptxas warning : Value of threads per SM for entry __nv_static_36__637b383b_14_fp4Quantize_cu_f4ee0910__ZN11trt_edgellm6kernel47_GLOBAL__N__637b383b_14_fp4Quantize_cu_f4ee091033quantizeRoutedToFp4LinearSfKernelI6__halfEEviiiPKT_PKiPKfPjPh is out of range. .minnctapersm will be ignored
ptxas warning : Value of threads per SM for entry __nv_static_36__637b383b_14_fp4Quantize_cu_f4ee0910__ZN11trt_edgellm6kernel47_GLOBAL__N__637b383b_14_fp4Quantize_cu_f4ee091033quantizeRoutedToFp4LinearSfKernelI13__nv_bfloat16EEviiiPKT_PKiPKfPjPh is out of range. .minnctapersm will be ignored
ptxas warning : Value of threads per SM for entry __nv_static_36__637b383b_14_fp4Quantize_cu_f4ee0910__ZN11trt_edgellm6kernel47_GLOBAL__N__637b383b_14_fp4Quantize_cu_f4ee091027quantizeToFp4LinearSfKernelI6__halfEEviiPKT_PKfPjPh is out of range. .minnctapersm will be ignored
ptxas warning : Value of threads per SM for entry __nv_static_36__637b383b_14_fp4Quantize_cu_f4ee0910__ZN11trt_edgellm6kernel47_GLOBAL__N__637b383b_14_fp4Quantize_cu_f4ee091027quantizeToFp4LinearSfKernelI13__nv_bfloat16EEviiPKT_PKfPjPh is out of range. .minnctapersm will be ignored
ptxas warning : Value of threads per SM for entry __nv_static_36__637b383b_14_fp4Quantize_cu_f4ee0910__ZN11trt_edgellm6kernel47_GLOBAL__N__637b383b_14_fp4Quantize_cu_f4ee091019quantizeToFp4KernelI6__halfEEviiPKT_PKfPjPh is out of range. .minnctapersm will be ignored
ptxas warning : Value of threads per SM for entry __nv_static_36__637b383b_14_fp4Quantize_cu_f4ee0910__ZN11trt_edgellm6kernel47_GLOBAL__N__637b383b_14_fp4Quantize_cu_f4ee091019quantizeToFp4KernelI13__nv_bfloat16EEviiPKT_PKfPjPh is out of range. .minnctapersm will be ignored
ptxas warning : Local memory used for function '__nv_static_36__637b383b_14_fp4Quantize_cu_f4ee0910__ZN11trt_edgellm6kernel47_GLOBAL__N__637b383b_14_fp4Quantize_cu_f4ee091033quantizeRoutedToFp4LinearSfKernelI6__halfEEviiiPKT_PKiPKfPjPh', size of stack frame: 24 bytes
ptxas warning : Registers are spilled to local memory in function '__nv_static_36__637b383b_14_fp4Quantize_cu_f4ee0910__ZN11trt_edgellm6kernel47_GLOBAL__N__637b383b_14_fp4Quantize_cu_f4ee091033quantizeRoutedToFp4LinearSfKernelI6__halfEEviiiPKT_PKiPKfPjPh', 20 bytes spill stores, 20 bytes spill loads
ptxas warning : Local memory used for function '__nv_static_36__637b383b_14_fp4Quantize_cu_f4ee0910__ZN11trt_edgellm6kernel47_GLOBAL__N__637b383b_14_fp4Quantize_cu_f4ee091033quantizeRoutedToFp4LinearSfKernelI13__nv_bfloat16EEviiiPKT_PKiPKfPjPh', size of stack frame: 16 bytes
ptxas warning : Registers are spilled to local memory in function '__nv_static_36__637b383b_14_fp4Quantize_cu_f4ee0910__ZN11trt_edgellm6kernel47_GLOBAL__N__637b383b_14_fp4Quantize_cu_f4ee091033quantizeRoutedToFp4LinearSfKernelI13__nv_bfloat16EEviiiPKT_PKiPKfPjPh', 12 bytes spill stores, 12 bytes spill loads
ptxas warning : Local memory used for function '__nv_static_36__637b383b_14_fp4Quantize_cu_f4ee0910__ZN11trt_edgellm6kernel47_GLOBAL__N__637b383b_14_fp4Quantize_cu_f4ee091027quantizeToFp4LinearSfKernelI6__halfEEviiPKT_PKfPjPh', size of stack frame: 8 bytes
ptxas warning : Registers are spilled to local memory in function '__nv_static_36__637b383b_14_fp4Quantize_cu_f4ee0910__ZN11trt_edgellm6kernel47_GLOBAL__N__637b383b_14_fp4Quantize_cu_f4ee091027quantizeToFp4LinearSfKernelI6__halfEEviiPKT_PKfPjPh', 4 bytes spill stores, 4 bytes spill loads
ptxas warning : Local memory used for function '__nv_static_36__637b383b_14_fp4Quantize_cu_f4ee0910__ZN11trt_edgellm6kernel47_GLOBAL__N__637b383b_14_fp4Quantize_cu_f4ee091027quantizeToFp4LinearSfKernelI13__nv_bfloat16EEviiPKT_PKfPjPh', size of stack frame: 8 bytes
ptxas warning : Registers are spilled to local memory in function '__nv_static_36__637b383b_14_fp4Quantize_cu_f4ee0910__ZN11trt_edgellm6kernel47_GLOBAL__N__637b383b_14_fp4Quantize_cu_f4ee091027quantizeToFp4LinearSfKernelI13__nv_bfloat16EEviiPKT_PKfPjPh', 4 bytes spill stores, 4 bytes spill loads
ptxas /tmp/tmpxft_000cdcdf_00000000-10_fp4Quantize.compute_86.ptx, line 231; warning : Program is doing double precision computations.
ptxas /tmp/tmpxft_000cdcdf_00000000-10_fp4Quantize.compute_86.ptx, line 231; warning : Program is doing double precision computations.
ptxas /tmp/tmpxft_000cdcdf_00000000-10_fp4Quantize.compute_86.ptx, line 231; warning : Program is doing double precision computations.
ptxas /tmp/tmpxft_000cdcdf_00000000-10_fp4Quantize.compute_86.ptx, line 231; warning : Program is doing double precision computations.
ptxas /tmp/tmpxft_000cdcdf_00000000-10_fp4Quantize.compute_86.ptx, line 1299; warning : Program is doing double precision computations.
ptxas /tmp/tmpxft_000cdcdf_00000000-10_fp4Quantize.compute_86.ptx, line 1299; warning : Program is doing double precision computations.
ptxas /tmp/tmpxft_000cdcdf_00000000-10_fp4Quantize.compute_86.ptx, line 1299; warning : Program is doing double precision computations.
ptxas /tmp/tmpxft_000cdcdf_00000000-10_fp4Quantize.compute_86.ptx, line 1299; warning : Program is doing double precision computations.
ptxas /tmp/tmpxft_000cdcdf_00000000-10_fp4Quantize.compute_86.ptx, line 2322; warning : Program is doing double precision computations.
ptxas /tmp/tmpxft_000cdcdf_00000000-10_fp4Quantize.compute_86.ptx, line 2322; warning : Program is doing double precision computations.
ptxas /tmp/tmpxft_000cdcdf_00000000-10_fp4Quantize.compute_86.ptx, line 2322; warning : Program is doing double precision computations.
ptxas /tmp/tmpxft_000cdcdf_00000000-10_fp4Quantize.compute_86.ptx, line 2322; warning : Program is doing double precision computations.
ptxas /tmp/tmpxft_000cdcdf_00000000-10_fp4Quantize.compute_86.ptx, line 3215; warning : Program is doing double precision computations.
ptxas /tmp/tmpxft_000cdcdf_00000000-10_fp4Quantize.compute_86.ptx, line 3215; warning : Program is doing double precision computations.
ptxas /tmp/tmpxft_000cdcdf_00000000-10_fp4Quantize.compute_86.ptx, line 3215; warning : Program is doing double precision computations.
ptxas /tmp/tmpxft_000cdcdf_00000000-10_fp4Quantize.compute_86.ptx, line 3215; warning : Program is doing double precision computations.
ptxas /tmp/tmpxft_000cdcdf_00000000-10_fp4Quantize.compute_86.ptx, line 4132; warning : Program is doing double precision computations.
ptxas /tmp/tmpxft_000cdcdf_00000000-10_fp4Quantize.compute_86.ptx, line 4132; warning : Program is doing double precision computations.
ptxas /tmp/tmpxft_000cdcdf_00000000-10_fp4Quantize.compute_86.ptx, line 4132; warning : Program is doing double precision computations.
ptxas /tmp/tmpxft_000cdcdf_00000000-10_fp4Quantize.compute_86.ptx, line 4132; warning : Program is doing double precision computations.
ptxas /tmp/tmpxft_000cdcdf_00000000-10_fp4Quantize.compute_86.ptx, line 5041; warning : Program is doing double precision computations.
ptxas /tmp/tmpxft_000cdcdf_00000000-10_fp4Quantize.compute_86.ptx, line 5041; warning : Program is doing double precision computations.
ptxas /tmp/tmpxft_000cdcdf_00000000-10_fp4Quantize.compute_86.ptx, line 5041; warning : Program is doing double precision computations.
ptxas /tmp/tmpxft_000cdcdf_00000000-10_fp4Quantize.compute_86.ptx, line 5041; warning : Program is doing double precision computations.
ptxas /tmp/tmpxft_000cdcdf_00000000-10_fp4Quantize.compute_86.ptx, line 5967; warning : Program is doing double precision computations.
ptxas /tmp/tmpxft_000cdcdf_00000000-10_fp4Quantize.compute_86.ptx, line 5967; warning : Program is doing double precision computations.
ptxas /tmp/tmpxft_000cdcdf_00000000-10_fp4Quantize.compute_86.ptx, line 5967; warning : Program is doing double precision computations.
ptxas /tmp/tmpxft_000cdcdf_00000000-10_fp4Quantize.compute_86.ptx, line 5967; warning : Program is doing double precision computations.
ptxas /tmp/tmpxft_000cdcdf_00000000-10_fp4Quantize.compute_86.ptx, line 7175; warning : Program is doing double precision computations.
ptxas /tmp/tmpxft_000cdcdf_00000000-10_fp4Quantize.compute_86.ptx, line 7175; warning : Program is doing double precision computations.
ptxas /tmp/tmpxft_000cdcdf_00000000-10_fp4Quantize.compute_86.ptx, line 7175; warning : Program is doing double precision computations.
ptxas /tmp/tmpxft_000cdcdf_00000000-10_fp4Quantize.compute_86.ptx, line 7175; warning : Program is doing double precision computations.
ptxas warning : Value of threads per SM for entry __nv_static_36__637b383b_14_fp4Quantize_cu_f4ee0910__ZN11trt_edgellm6kernel47_GLOBAL__N__637b383b_14_fp4Quantize_cu_f4ee091053buildLayoutAndQuantizeRoutedToFp4LinearSfDecodeKernelI6__halfEEviiiiPKT_PKiPKfPiSB_SB_SB_PjPh is out of range. .minnctapersm will be ignored
ptxas warning : Value of threads per SM for entry __nv_static_36__637b383b_14_fp4Quantize_cu_f4ee0910__ZN11trt_edgellm6kernel47_GLOBAL__N__637b383b_14_fp4Quantize_cu_f4ee091053buildLayoutAndQuantizeRoutedToFp4LinearSfDecodeKernelI13__nv_bfloat16EEviiiiPKT_PKiPKfPiSB_SB_SB_PjPh is out of range. .minnctapersm will be ignored
ptxas warning : Value of threads per SM for entry __nv_static_36__637b383b_14_fp4Quantize_cu_f4ee0910__ZN11trt_edgellm6kernel47_GLOBAL__N__637b383b_14_fp4Quantize_cu_f4ee091033quantizeRoutedToFp4LinearSfKernelI6__halfEEviiiPKT_PKiPKfPjPh is out of range. .minnctapersm will be ignored
ptxas warning : Value of threads per SM for entry __nv_static_36__637b383b_14_fp4Quantize_cu_f4ee0910__ZN11trt_edgellm6kernel47_GLOBAL__N__637b383b_14_fp4Quantize_cu_f4ee091033quantizeRoutedToFp4LinearSfKernelI13__nv_bfloat16EEviiiPKT_PKiPKfPjPh is out of range. .minnctapersm will be ignored
ptxas warning : Value of threads per SM for entry __nv_static_36__637b383b_14_fp4Quantize_cu_f4ee0910__ZN11trt_edgellm6kernel47_GLOBAL__N__637b383b_14_fp4Quantize_cu_f4ee091027quantizeToFp4LinearSfKernelI6__halfEEviiPKT_PKfPjPh is out of range. .minnctapersm will be ignored
ptxas warning : Value of threads per SM for entry __nv_static_36__637b383b_14_fp4Quantize_cu_f4ee0910__ZN11trt_edgellm6kernel47_GLOBAL__N__637b383b_14_fp4Quantize_cu_f4ee091027quantizeToFp4LinearSfKernelI13__nv_bfloat16EEviiPKT_PKfPjPh is out of range. .minnctapersm will be ignored
ptxas warning : Value of threads per SM for entry __nv_static_36__637b383b_14_fp4Quantize_cu_f4ee0910__ZN11trt_edgellm6kernel47_GLOBAL__N__637b383b_14_fp4Quantize_cu_f4ee091019quantizeToFp4KernelI6__halfEEviiPKT_PKfPjPh is out of range. .minnctapersm will be ignored
ptxas warning : Value of threads per SM for entry __nv_static_36__637b383b_14_fp4Quantize_cu_f4ee0910__ZN11trt_edgellm6kernel47_GLOBAL__N__637b383b_14_fp4Quantize_cu_f4ee091019quantizeToFp4KernelI13__nv_bfloat16EEviiPKT_PKfPjPh is out of range. .minnctapersm will be ignored
ptxas /tmp/tmpxft_000cdcdf_00000000-11_fp4Quantize.compute_80.ptx, line 231; warning : Program is doing double precision computations.
ptxas /tmp/tmpxft_000cdcdf_00000000-11_fp4Quantize.compute_80.ptx, line 231; warning : Program is doing double precision computations.
ptxas /tmp/tmpxft_000cdcdf_00000000-11_fp4Quantize.compute_80.ptx, line 231; warning : Program is doing double precision computations.
ptxas /tmp/tmpxft_000cdcdf_00000000-11_fp4Quantize.compute_80.ptx, line 231; warning : Program is doing double precision computations.
ptxas /tmp/tmpxft_000cdcdf_00000000-11_fp4Quantize.compute_80.ptx, line 1299; warning : Program is doing double precision computations.
ptxas /tmp/tmpxft_000cdcdf_00000000-11_fp4Quantize.compute_80.ptx, line 1299; warning : Program is doing double precision computations.
ptxas /tmp/tmpxft_000cdcdf_00000000-11_fp4Quantize.compute_80.ptx, line 1299; warning : Program is doing double precision computations.
ptxas /tmp/tmpxft_000cdcdf_00000000-11_fp4Quantize.compute_80.ptx, line 1299; warning : Program is doing double precision computations.
ptxas /tmp/tmpxft_000cdcdf_00000000-11_fp4Quantize.compute_80.ptx, line 2322; warning : Program is doing double precision computations.
ptxas /tmp/tmpxft_000cdcdf_00000000-11_fp4Quantize.compute_80.ptx, line 2322; warning : Program is doing double precision computations.
ptxas /tmp/tmpxft_000cdcdf_00000000-11_fp4Quantize.compute_80.ptx, line 2322; warning : Program is doing double precision computations.
ptxas /tmp/tmpxft_000cdcdf_00000000-11_fp4Quantize.compute_80.ptx, line 2322; warning : Program is doing double precision computations.
ptxas /tmp/tmpxft_000cdcdf_00000000-11_fp4Quantize.compute_80.ptx, line 3215; warning : Program is doing double precision computations.
ptxas /tmp/tmpxft_000cdcdf_00000000-11_fp4Quantize.compute_80.ptx, line 3215; warning : Program is doing double precision computations.
ptxas /tmp/tmpxft_000cdcdf_00000000-11_fp4Quantize.compute_80.ptx, line 3215; warning : Program is doing double precision computations.
ptxas /tmp/tmpxft_000cdcdf_00000000-11_fp4Quantize.compute_80.ptx, line 3215; warning : Program is doing double precision computations.
ptxas /tmp/tmpxft_000cdcdf_00000000-11_fp4Quantize.compute_80.ptx, line 4132; warning : Program is doing double precision computations.
ptxas /tmp/tmpxft_000cdcdf_00000000-11_fp4Quantize.compute_80.ptx, line 4132; warning : Program is doing double precision computations.
ptxas /tmp/tmpxft_000cdcdf_00000000-11_fp4Quantize.compute_80.ptx, line 4132; warning : Program is doing double precision computations.
ptxas /tmp/tmpxft_000cdcdf_00000000-11_fp4Quantize.compute_80.ptx, line 4132; warning : Program is doing double precision computations.
ptxas /tmp/tmpxft_000cdcdf_00000000-11_fp4Quantize.compute_80.ptx, line 5041; warning : Program is doing double precision computations.
ptxas /tmp/tmpxft_000cdcdf_00000000-11_fp4Quantize.compute_80.ptx, line 5041; warning : Program is doing double precision computations.
ptxas /tmp/tmpxft_000cdcdf_00000000-11_fp4Quantize.compute_80.ptx, line 5041; warning : Program is doing double precision computations.
ptxas /tmp/tmpxft_000cdcdf_00000000-11_fp4Quantize.compute_80.ptx, line 5041; warning : Program is doing double precision computations.
ptxas /tmp/tmpxft_000cdcdf_00000000-11_fp4Quantize.compute_80.ptx, line 5967; warning : Program is doing double precision computations.
ptxas /tmp/tmpxft_000cdcdf_00000000-11_fp4Quantize.compute_80.ptx, line 5967; warning : Program is doing double precision computations.
ptxas /tmp/tmpxft_000cdcdf_00000000-11_fp4Quantize.compute_80.ptx, line 5967; warning : Program is doing double precision computations.
ptxas /tmp/tmpxft_000cdcdf_00000000-11_fp4Quantize.compute_80.ptx, line 5967; warning : Program is doing double precision computations.
ptxas /tmp/tmpxft_000cdcdf_00000000-11_fp4Quantize.compute_80.ptx, line 7175; warning : Program is doing double precision computations.
ptxas /tmp/tmpxft_000cdcdf_00000000-11_fp4Quantize.compute_80.ptx, line 7175; warning : Program is doing double precision computations.
ptxas /tmp/tmpxft_000cdcdf_00000000-11_fp4Quantize.compute_80.ptx, line 7175; warning : Program is doing double precision computations.
ptxas /tmp/tmpxft_000cdcdf_00000000-11_fp4Quantize.compute_80.ptx, line 7175; warning : Program is doing double precision computations.
ptxas warning : Local memory used for function '__nv_static_36__637b383b_14_fp4Quantize_cu_f4ee0910__ZN11trt_edgellm6kernel47_GLOBAL__N__637b383b_14_fp4Quantize_cu_f4ee091053buildLayoutAndQuantizeRoutedToFp4LinearSfDecodeKernelI6__halfEEviiiiPKT_PKiPKfPiSB_SB_SB_PjPh', size of stack frame: 16 bytes
ptxas warning : Registers are spilled to local memory in function '__nv_static_36__637b383b_14_fp4Quantize_cu_f4ee0910__ZN11trt_edgellm6kernel47_GLOBAL__N__637b383b_14_fp4Quantize_cu_f4ee091053buildLayoutAndQuantizeRoutedToFp4LinearSfDecodeKernelI6__halfEEviiiiPKT_PKiPKfPiSB_SB_SB_PjPh', 12 bytes spill stores, 12 bytes spill loads
ptxas warning : Local memory used for function '__nv_static_36__637b383b_14_fp4Quantize_cu_f4ee0910__ZN11trt_edgellm6kernel47_GLOBAL__N__637b383b_14_fp4Quantize_cu_f4ee091053buildLayoutAndQuantizeRoutedToFp4LinearSfDecodeKernelI13__nv_bfloat16EEviiiiPKT_PKiPKfPiSB_SB_SB_PjPh', size of stack frame: 16 bytes
ptxas warning : Registers are spilled to local memory in function '__nv_static_36__637b383b_14_fp4Quantize_cu_f4ee0910__ZN11trt_edgellm6kernel47_GLOBAL__N__637b383b_14_fp4Quantize_cu_f4ee091053buildLayoutAndQuantizeRoutedToFp4LinearSfDecodeKernelI13__nv_bfloat16EEviiiiPKT_PKiPKfPiSB_SB_SB_PjPh', 12 bytes spill stores, 12 bytes spill loads
ptxas warning : Local memory used for function '__nv_static_36__637b383b_14_fp4Quantize_cu_f4ee0910__ZN11trt_edgellm6kernel47_GLOBAL__N__637b383b_14_fp4Quantize_cu_f4ee091033quantizeRoutedToFp4LinearSfKernelI6__halfEEviiiPKT_PKiPKfPjPh', size of stack frame: 24 bytes
ptxas warning : Registers are spilled to local memory in function '__nv_static_36__637b383b_14_fp4Quantize_cu_f4ee0910__ZN11trt_edgellm6kernel47_GLOBAL__N__637b383b_14_fp4Quantize_cu_f4ee091033quantizeRoutedToFp4LinearSfKernelI6__halfEEviiiPKT_PKiPKfPjPh', 20 bytes spill stores, 20 bytes spill loads
ptxas warning : Local memory used for function '__nv_static_36__637b383b_14_fp4Quantize_cu_f4ee0910__ZN11trt_edgellm6kernel47_GLOBAL__N__637b383b_14_fp4Quantize_cu_f4ee091033quantizeRoutedToFp4LinearSfKernelI13__nv_bfloat16EEviiiPKT_PKiPKfPjPh', size of stack frame: 24 bytes
ptxas warning : Registers are spilled to local memory in function '__nv_static_36__637b383b_14_fp4Quantize_cu_f4ee0910__ZN11trt_edgellm6kernel47_GLOBAL__N__637b383b_14_fp4Quantize_cu_f4ee091033quantizeRoutedToFp4LinearSfKernelI13__nv_bfloat16EEviiiPKT_PKiPKfPjPh', 20 bytes spill stores, 20 bytes spill loads
ptxas warning : Value of threads per SM for entry __nv_static_36__637b383b_14_fp4Quantize_cu_f4ee0910__ZN11trt_edgellm6kernel47_GLOBAL__N__637b383b_14_fp4Quantize_cu_f4ee091053buildLayoutAndQuantizeRoutedToFp4LinearSfDecodeKernelI6__halfEEviiiiPKT_PKiPKfPiSB_SB_SB_PjPh is out of range. .minnctapersm will be ignored
ptxas warning : Value of threads per SM for entry __nv_static_36__637b383b_14_fp4Quantize_cu_f4ee0910__ZN11trt_edgellm6kernel47_GLOBAL__N__637b383b_14_fp4Quantize_cu_f4ee091053buildLayoutAndQuantizeRoutedToFp4LinearSfDecodeKernelI13__nv_bfloat16EEviiiiPKT_PKiPKfPiSB_SB_SB_PjPh is out of range. .minnctapersm will be ignored
ptxas warning : Value of threads per SM for entry __nv_static_36__637b383b_14_fp4Quantize_cu_f4ee0910__ZN11trt_edgellm6kernel47_GLOBAL__N__637b383b_14_fp4Quantize_cu_f4ee091033quantizeRoutedToFp4LinearSfKernelI6__halfEEviiiPKT_PKiPKfPjPh is out of range. .minnctapersm will be ignored
ptxas warning : Value of threads per SM for entry __nv_static_36__637b383b_14_fp4Quantize_cu_f4ee0910__ZN11trt_edgellm6kernel47_GLOBAL__N__637b383b_14_fp4Quantize_cu_f4ee091033quantizeRoutedToFp4LinearSfKernelI13__nv_bfloat16EEviiiPKT_PKiPKfPjPh is out of range. .minnctapersm will be ignored
ptxas warning : Value of threads per SM for entry __nv_static_36__637b383b_14_fp4Quantize_cu_f4ee0910__ZN11trt_edgellm6kernel47_GLOBAL__N__637b383b_14_fp4Quantize_cu_f4ee091027quantizeToFp4LinearSfKernelI6__halfEEviiPKT_PKfPjPh is out of range. .minnctapersm will be ignored
ptxas warning : Value of threads per SM for entry __nv_static_36__637b383b_14_fp4Quantize_cu_f4ee0910__ZN11trt_edgellm6kernel47_GLOBAL__N__637b383b_14_fp4Quantize_cu_f4ee091027quantizeToFp4LinearSfKernelI13__nv_bfloat16EEviiPKT_PKfPjPh is out of range. .minnctapersm will be ignored
ptxas warning : Value of threads per SM for entry __nv_static_36__637b383b_14_fp4Quantize_cu_f4ee0910__ZN11trt_edgellm6kernel47_GLOBAL__N__637b383b_14_fp4Quantize_cu_f4ee091019quantizeToFp4KernelI6__halfEEviiPKT_PKfPjPh is out of range. .minnctapersm will be ignored
ptxas warning : Value of threads per SM for entry __nv_static_36__637b383b_14_fp4Quantize_cu_f4ee0910__ZN11trt_edgellm6kernel47_GLOBAL__N__637b383b_14_fp4Quantize_cu_f4ee091019quantizeToFp4KernelI13__nv_bfloat16EEviiPKT_PKfPjPh is out of range. .minnctapersm will be ignored
[ 31%] Building CUDA object cpp/CMakeFiles/edgellmCore.dir/kernels/moe/moeActivationKernels.cu.o
nvcc warning : Resource usage is not shown as the final resource allocation is not done.
[ 32%] Building CUDA object cpp/CMakeFiles/edgellmCore.dir/kernels/moe/moeAlignSumKernels.cu.o
nvcc warning : Resource usage is not shown as the final resource allocation is not done.
[ 32%] Building CUDA object cpp/CMakeFiles/edgellmCore.dir/kernels/moe/moeMarlinIndicesKernels.cu.o
nvcc warning : Resource usage is not shown as the final resource allocation is not done.
[ 32%] Building CUDA object cpp/CMakeFiles/edgellmCore.dir/kernels/moe/moePerExpertScaleKernels.cu.o
nvcc warning : Resource usage is not shown as the final resource allocation is not done.
[ 34%] Building CUDA object cpp/CMakeFiles/edgellmCore.dir/kernels/moe/moeSigmoidGroupTopkKernels.cu.o
nvcc warning : Resource usage is not shown as the final resource allocation is not done.
[ 34%] Building CUDA object cpp/CMakeFiles/edgellmCore.dir/kernels/moe/moeTopkSoftmaxKernels.cu.o
nvcc warning : Resource usage is not shown as the final resource allocation is not done.
ptxas warning : Local memory used for function '_ZN11trt_edgellm6kernel23topkGatingSoftmaxKernelI13__nv_bfloat16Li8ELi256ELi4ELi16EEEvPKT_PfiPiibfPKf', size of stack frame: 32 bytes
ptxas warning : Local memory used for function '_ZN11trt_edgellm6kernel23topkGatingSoftmaxKernelI13__nv_bfloat16Li8ELi128ELi4ELi16EEEvPKT_PfiPiibfPKf', size of stack frame: 32 bytes
ptxas warning : Local memory used for function '_ZN11trt_edgellm6kernel23topkGatingSoftmaxKernelI13__nv_bfloat16Li8ELi64ELi4ELi16EEEvPKT_PfiPiibfPKf', size of stack frame: 32 bytes
ptxas warning : Local memory used for function '_ZN11trt_edgellm6kernel23topkGatingSoftmaxKernelI13__nv_bfloat16Li8ELi32ELi4ELi16EEEvPKT_PfiPiibfPKf', size of stack frame: 32 bytes
ptxas warning : Local memory used for function '_ZN11trt_edgellm6kernel23topkGatingSoftmaxKernelI13__nv_bfloat16Li8ELi16ELi4ELi16EEEvPKT_PfiPiibfPKf', size of stack frame: 32 bytes
ptxas warning : Local memory used for function '_ZN11trt_edgellm6kernel23topkGatingSoftmaxKernelI6__halfLi8ELi256ELi4ELi16EEEvPKT_PfiPiibfPKf', size of stack frame: 32 bytes
ptxas warning : Local memory used for function '_ZN11trt_edgellm6kernel23topkGatingSoftmaxKernelI6__halfLi8ELi128ELi4ELi16EEEvPKT_PfiPiibfPKf', size of stack frame: 32 bytes
ptxas warning : Local memory used for function '_ZN11trt_edgellm6kernel23topkGatingSoftmaxKernelI6__halfLi8ELi64ELi4ELi16EEEvPKT_PfiPiibfPKf', size of stack frame: 32 bytes
ptxas warning : Local memory used for function '_ZN11trt_edgellm6kernel23topkGatingSoftmaxKernelI6__halfLi8ELi32ELi4ELi16EEEvPKT_PfiPiibfPKf', size of stack frame: 32 bytes
ptxas warning : Local memory used for function '_ZN11trt_edgellm6kernel23topkGatingSoftmaxKernelI6__halfLi8ELi16ELi4ELi16EEEvPKT_PfiPiibfPKf', size of stack frame: 32 bytes
ptxas warning : Local memory used for function '_ZN11trt_edgellm6kernel23topkGatingSoftmaxKernelIfLi8ELi256ELi4ELi16EEEvPKT_PfiPiibfPKf', size of stack frame: 32 bytes
ptxas warning : Local memory used for function '_ZN11trt_edgellm6kernel23topkGatingSoftmaxKernelIfLi4ELi128ELi4ELi16EEEvPKT_PfiPiibfPKf', size of stack frame: 16 bytes
ptxas warning : Local memory used for function '_ZN11trt_edgellm6kernel23topkGatingSoftmaxKernelIfLi4ELi64ELi4ELi16EEEvPKT_PfiPiibfPKf', size of stack frame: 16 bytes
ptxas warning : Local memory used for function '_ZN11trt_edgellm6kernel23topkGatingSoftmaxKernelIfLi4ELi32ELi4ELi16EEEvPKT_PfiPiibfPKf', size of stack frame: 16 bytes
ptxas warning : Local memory used for function '_ZN11trt_edgellm6kernel23topkGatingSoftmaxKernelIfLi4ELi16ELi4ELi16EEEvPKT_PfiPiibfPKf', size of stack frame: 16 bytes
ptxas warning : Local memory used for function '_ZN11trt_edgellm6kernel23topkGatingSoftmaxKernelIfLi4ELi8ELi4ELi16EEEvPKT_PfiPiibfPKf', size of stack frame: 16 bytes
ptxas warning : Local memory used for function '_ZN11trt_edgellm6kernel23topkGatingSoftmaxKernelI13__nv_bfloat16Li8ELi256ELi4ELi16EEEvPKT_PfiPiibfPKf', size of stack frame: 32 bytes
ptxas warning : Local memory used for function '_ZN11trt_edgellm6kernel23topkGatingSoftmaxKernelI13__nv_bfloat16Li8ELi128ELi4ELi16EEEvPKT_PfiPiibfPKf', size of stack frame: 32 bytes
ptxas warning : Local memory used for function '_ZN11trt_edgellm6kernel23topkGatingSoftmaxKernelI13__nv_bfloat16Li8ELi64ELi4ELi16EEEvPKT_PfiPiibfPKf', size of stack frame: 32 bytes
ptxas warning : Local memory used for function '_ZN11trt_edgellm6kernel23topkGatingSoftmaxKernelI13__nv_bfloat16Li8ELi32ELi4ELi16EEEvPKT_PfiPiibfPKf', size of stack frame: 32 bytes
ptxas warning : Local memory used for function '_ZN11trt_edgellm6kernel23topkGatingSoftmaxKernelI13__nv_bfloat16Li8ELi16ELi4ELi16EEEvPKT_PfiPiibfPKf', size of stack frame: 32 bytes
ptxas warning : Local memory used for function '_ZN11trt_edgellm6kernel23topkGatingSoftmaxKernelI6__halfLi8ELi256ELi4ELi16EEEvPKT_PfiPiibfPKf', size of stack frame: 32 bytes
ptxas warning : Local memory used for function '_ZN11trt_edgellm6kernel23topkGatingSoftmaxKernelI6__halfLi8ELi128ELi4ELi16EEEvPKT_PfiPiibfPKf', size of stack frame: 32 bytes
ptxas warning : Local memory used for function '_ZN11trt_edgellm6kernel23topkGatingSoftmaxKernelI6__halfLi8ELi64ELi4ELi16EEEvPKT_PfiPiibfPKf', size of stack frame: 32 bytes
ptxas warning : Local memory used for function '_ZN11trt_edgellm6kernel23topkGatingSoftmaxKernelI6__halfLi8ELi32ELi4ELi16EEEvPKT_PfiPiibfPKf', size of stack frame: 32 bytes
ptxas warning : Local memory used for function '_ZN11trt_edgellm6kernel23topkGatingSoftmaxKernelI6__halfLi8ELi16ELi4ELi16EEEvPKT_PfiPiibfPKf', size of stack frame: 32 bytes
ptxas warning : Local memory used for function '_ZN11trt_edgellm6kernel23topkGatingSoftmaxKernelIfLi8ELi256ELi4ELi16EEEvPKT_PfiPiibfPKf', size of stack frame: 32 bytes
ptxas warning : Local memory used for function '_ZN11trt_edgellm6kernel23topkGatingSoftmaxKernelIfLi4ELi128ELi4ELi16EEEvPKT_PfiPiibfPKf', size of stack frame: 16 bytes
ptxas warning : Local memory used for function '_ZN11trt_edgellm6kernel23topkGatingSoftmaxKernelIfLi4ELi64ELi4ELi16EEEvPKT_PfiPiibfPKf', size of stack frame: 16 bytes
ptxas warning : Local memory used for function '_ZN11trt_edgellm6kernel23topkGatingSoftmaxKernelIfLi4ELi32ELi4ELi16EEEvPKT_PfiPiibfPKf', size of stack frame: 16 bytes
ptxas warning : Local memory used for function '_ZN11trt_edgellm6kernel23topkGatingSoftmaxKernelIfLi4ELi16ELi4ELi16EEEvPKT_PfiPiibfPKf', size of stack frame: 16 bytes
ptxas warning : Local memory used for function '_ZN11trt_edgellm6kernel23topkGatingSoftmaxKernelIfLi4ELi8ELi4ELi16EEEvPKT_PfiPiibfPKf', size of stack frame: 16 bytes
ptxas warning : Local memory used for function '_ZN11trt_edgellm6kernel23topkGatingSoftmaxKernelI13__nv_bfloat16Li8ELi256ELi4ELi16EEEvPKT_PfiPiibfPKf', size of stack frame: 32 bytes
ptxas warning : Local memory used for function '_ZN11trt_edgellm6kernel23topkGatingSoftmaxKernelI13__nv_bfloat16Li8ELi128ELi4ELi16EEEvPKT_PfiPiibfPKf', size of stack frame: 32 bytes
ptxas warning : Local memory used for function '_ZN11trt_edgellm6kernel23topkGatingSoftmaxKernelI13__nv_bfloat16Li8ELi64ELi4ELi16EEEvPKT_PfiPiibfPKf', size of stack frame: 32 bytes
ptxas warning : Local memory used for function '_ZN11trt_edgellm6kernel23topkGatingSoftmaxKernelI13__nv_bfloat16Li8ELi32ELi4ELi16EEEvPKT_PfiPiibfPKf', size of stack frame: 32 bytes
ptxas warning : Local memory used for function '_ZN11trt_edgellm6kernel23topkGatingSoftmaxKernelI13__nv_bfloat16Li8ELi16ELi4ELi16EEEvPKT_PfiPiibfPKf', size of stack frame: 32 bytes
ptxas warning : Local memory used for function '_ZN11trt_edgellm6kernel23topkGatingSoftmaxKernelI6__halfLi8ELi256ELi4ELi16EEEvPKT_PfiPiibfPKf', size of stack frame: 32 bytes
ptxas warning : Local memory used for function '_ZN11trt_edgellm6kernel23topkGatingSoftmaxKernelI6__halfLi8ELi128ELi4ELi16EEEvPKT_PfiPiibfPKf', size of stack frame: 32 bytes
ptxas warning : Local memory used for function '_ZN11trt_edgellm6kernel23topkGatingSoftmaxKernelI6__halfLi8ELi64ELi4ELi16EEEvPKT_PfiPiibfPKf', size of stack frame: 32 bytes
ptxas warning : Local memory used for function '_ZN11trt_edgellm6kernel23topkGatingSoftmaxKernelI6__halfLi8ELi32ELi4ELi16EEEvPKT_PfiPiibfPKf', size of stack frame: 32 bytes
ptxas warning : Local memory used for function '_ZN11trt_edgellm6kernel23topkGatingSoftmaxKernelI6__halfLi8ELi16ELi4ELi16EEEvPKT_PfiPiibfPKf', size of stack frame: 32 bytes
ptxas warning : Local memory used for function '_ZN11trt_edgellm6kernel23topkGatingSoftmaxKernelIfLi8ELi256ELi4ELi16EEEvPKT_PfiPiibfPKf', size of stack frame: 32 bytes
ptxas warning : Local memory used for function '_ZN11trt_edgellm6kernel23topkGatingSoftmaxKernelIfLi4ELi128ELi4ELi16EEEvPKT_PfiPiibfPKf', size of stack frame: 16 bytes
ptxas warning : Local memory used for function '_ZN11trt_edgellm6kernel23topkGatingSoftmaxKernelIfLi4ELi64ELi4ELi16EEEvPKT_PfiPiibfPKf', size of stack frame: 16 bytes
ptxas warning : Local memory used for function '_ZN11trt_edgellm6kernel23topkGatingSoftmaxKernelIfLi4ELi32ELi4ELi16EEEvPKT_PfiPiibfPKf', size of stack frame: 16 bytes
ptxas warning : Local memory used for function '_ZN11trt_edgellm6kernel23topkGatingSoftmaxKernelIfLi4ELi16ELi4ELi16EEEvPKT_PfiPiibfPKf', size of stack frame: 16 bytes
ptxas warning : Local memory used for function '_ZN11trt_edgellm6kernel23topkGatingSoftmaxKernelIfLi4ELi8ELi4ELi16EEEvPKT_PfiPiibfPKf', size of stack frame: 16 bytes
[ 34%] Building CUDA object cpp/CMakeFiles/edgellmCore.dir/kernels/moe/moe_marlin/moeMarlin.cu.o
nvcc warning : Resource usage is not shown as the final resource allocation is not done.
ptxas warning : Local memory used for function '_ZN16marlin_moe_wna166MarlinILl1125899906910725ELl1125899906843648ELl1125899906910725ELl1125899906910725ELi128ELi1ELi8ELi4ELb1ELi4ELi8ELb0EEEvPK4int4S3_PS1_S4_S3_PKfS3_PKtS3_PKiSA_SA_SA_S6_ibiiiiPibbb', size of stack frame: 32 bytes
ptxas warning : Local memory used for function '_ZN16marlin_moe_wna166MarlinILl1125899906910725ELl1125899906843648ELl1125899906910725ELl1125899906910725ELi256ELi1ELi8ELi8ELb1ELi4ELi8ELb0EEEvPK4int4S3_PS1_S4_S3_PKfS3_PKtS3_PKiSA_SA_SA_S6_ibiiiiPibbb', size of stack frame: 32 bytes
ptxas warning : Local memory used for function '_ZN16marlin_moe_wna166MarlinILl1125899906910725ELl1125899906843648ELl1125899906910725ELl1125899906910725ELi128ELi1ELi8ELi4ELb1ELi4ELi4ELb0EEEvPK4int4S3_PS1_S4_S3_PKfS3_PKtS3_PKiSA_SA_SA_S6_ibiiiiPibbb', size of stack frame: 32 bytes
ptxas warning : Local memory used for function '_ZN16marlin_moe_wna166MarlinILl1125899906910725ELl1125899906843648ELl1125899906910725ELl1125899906910725ELi256ELi1ELi8ELi8ELb1ELi4ELi4ELb0EEEvPK4int4S3_PS1_S4_S3_PKfS3_PKtS3_PKiSA_SA_SA_S6_ibiiiiPibbb', size of stack frame: 32 bytes
ptxas warning : Local memory used for function '_ZN16marlin_moe_wna166MarlinILl1125899906910725ELl1125899906843648ELl1125899906910725ELl1125899906910725ELi128ELi1ELi8ELi4ELb1ELi4ELi2ELb0EEEvPK4int4S3_PS1_S4_S3_PKfS3_PKtS3_PKiSA_SA_SA_S6_ibiiiiPibbb', size of stack frame: 32 bytes
ptxas warning : Local memory used for function '_ZN16marlin_moe_wna166MarlinILl1125899906910725ELl1125899906843648ELl1125899906910725ELl1125899906910725ELi256ELi1ELi8ELi8ELb1ELi4ELi2ELb0EEEvPK4int4S3_PS1_S4_S3_PKfS3_PKtS3_PKiSA_SA_SA_S6_ibiiiiPibbb', size of stack frame: 32 bytes
ptxas warning : Local memory used for function '_ZN16marlin_moe_wna166MarlinILl1125899906910725ELl1125899906843648ELl1125899906910725ELl1125899906910725ELi128ELi1ELi8ELi4ELb1ELi4ELin1ELb0EEEvPK4int4S3_PS1_S4_S3_PKfS3_PKtS3_PKiSA_SA_SA_S6_ibiiiiPibbb', size of stack frame: 64 bytes
ptxas warning : Local memory used for function '_ZN16marlin_moe_wna166MarlinILl1125899906910725ELl1125899906843648ELl1125899906910725ELl1125899906910725ELi256ELi1ELi8ELi8ELb1ELi4ELin1ELb0EEEvPK4int4S3_PS1_S4_S3_PKfS3_PKtS3_PKiSA_SA_SA_S6_ibiiiiPibbb', size of stack frame: 64 bytes
ptxas warning : Local memory used for function '_ZN16marlin_moe_wna166MarlinILl1125899906909960ELl562949953487106ELl1125899906909960ELl2814749767172868ELi128ELi1ELi8ELi4ELb1ELi4ELi1ELb0EEEvPK4int4S3_PS1_S4_S3_PKfS3_PKtS3_PKiSA_SA_SA_S6_ibiiiiPibbb', size of stack frame: 32 bytes
ptxas warning : Local memory used for function '_ZN16marlin_moe_wna166MarlinILl1125899906909960ELl562949953487106ELl1125899906909960ELl2814749767172868ELi256ELi1ELi8ELi8ELb1ELi4ELi1ELb0EEEvPK4int4S3_PS1_S4_S3_PKfS3_PKtS3_PKiSA_SA_SA_S6_ibiiiiPibbb', size of stack frame: 32 bytes
ptxas warning : Local memory used for function '_ZN16marlin_moe_wna166MarlinILl1125899906910725ELl562949953487106ELl1125899906910725ELl2814749767172868ELi128ELi1ELi8ELi4ELb1ELi4ELi1ELb0EEEvPK4int4S3_PS1_S4_S3_PKfS3_PKtS3_PKiSA_SA_SA_S6_ibiiiiPibbb', size of stack frame: 32 bytes
ptxas warning : Local memory used for function '_ZN16marlin_moe_wna166MarlinILl1125899906910725ELl562949953487106ELl1125899906910725ELl2814749767172868ELi256ELi1ELi8ELi8ELb1ELi4ELi1ELb0EEEvPK4int4S3_PS1_S4_S3_PKfS3_PKtS3_PKiSA_SA_SA_S6_ibiiiiPibbb', size of stack frame: 32 bytes
ptxas warning : Local memory used for function '_ZN16marlin_moe_wna1619permute_cols_kernelILi64EEEvPK4int4PKiPS1_S5_S5_S5_iii', size of stack frame: 256 bytes
ptxas warning : Local memory used for function '_ZN16marlin_moe_wna1619permute_cols_kernelILi48EEEvPK4int4PKiPS1_S5_S5_S5_iii', size of stack frame: 192 bytes
ptxas warning : Local memory used for function '_ZN16marlin_moe_wna1619permute_cols_kernelILi32EEEvPK4int4PKiPS1_S5_S5_S5_iii', size of stack frame: 128 bytes
ptxas warning : Local memory used for function '_ZN16marlin_moe_wna166MarlinILl1125899906910725ELl1125899906843648ELl1125899906910725ELl1125899906910725ELi128ELi4ELi8ELi4ELb0ELi4ELi8ELb0EEEvPK4int4S3_PS1_S4_S3_PKfS3_PKtS3_PKiSA_SA_SA_S6_ibiiiiPibbb', size of stack frame: 80 bytes
ptxas warning : Registers are spilled to local memory in function '_ZN16marlin_moe_wna166MarlinILl1125899906910725ELl1125899906843648ELl1125899906910725ELl1125899906910725ELi128ELi4ELi8ELi4ELb0ELi4ELi8ELb0EEEvPK4int4S3_PS1_S4_S3_PKfS3_PKtS3_PKiSA_SA_SA_S6_ibiiiiPibbb', 234 bytes spill stores, 202 bytes spill loads
ptxas warning : Local memory used for function '_ZN16marlin_moe_wna166MarlinILl1125899906910725ELl1125899906843648ELl1125899906910725ELl1125899906910725ELi256ELi4ELi16ELi4ELb0ELi4ELi8ELb0EEEvPK4int4S3_PS1_S4_S3_PKfS3_PKtS3_PKiSA_SA_SA_S6_ibiiiiPibbb', size of stack frame: 72 bytes
ptxas warning : Registers are spilled to local memory in function '_ZN16marlin_moe_wna166MarlinILl1125899906910725ELl1125899906843648ELl1125899906910725ELl1125899906910725ELi256ELi4ELi16ELi4ELb0ELi4ELi8ELb0EEEvPK4int4S3_PS1_S4_S3_PKfS3_PKtS3_PKiSA_SA_SA_S6_ibiiiiPibbb', 214 bytes spill stores, 162 bytes spill loads
ptxas warning : Local memory used for function '_ZN16marlin_moe_wna166MarlinILl1125899906910725ELl1125899906843648ELl1125899906910725ELl1125899906910725ELi128ELi1ELi8ELi4ELb1ELi4ELi8ELb0EEEvPK4int4S3_PS1_S4_S3_PKfS3_PKtS3_PKiSA_SA_SA_S6_ibiiiiPibbb', size of stack frame: 32 bytes
ptxas warning : Local memory used for function '_ZN16marlin_moe_wna166MarlinILl1125899906910725ELl1125899906843648ELl1125899906910725ELl1125899906910725ELi256ELi1ELi8ELi8ELb1ELi4ELi8ELb0EEEvPK4int4S3_PS1_S4_S3_PKfS3_PKtS3_PKiSA_SA_SA_S6_ibiiiiPibbb', size of stack frame: 32 bytes
ptxas warning : Local memory used for function '_ZN16marlin_moe_wna166MarlinILl1125899906910725ELl1125899906843648ELl1125899906910725ELl1125899906910725ELi128ELi4ELi8ELi4ELb0ELi4ELi4ELb0EEEvPK4int4S3_PS1_S4_S3_PKfS3_PKtS3_PKiSA_SA_SA_S6_ibiiiiPibbb', size of stack frame: 80 bytes
ptxas warning : Registers are spilled to local memory in function '_ZN16marlin_moe_wna166MarlinILl1125899906910725ELl1125899906843648ELl1125899906910725ELl1125899906910725ELi128ELi4ELi8ELi4ELb0ELi4ELi4ELb0EEEvPK4int4S3_PS1_S4_S3_PKfS3_PKtS3_PKiSA_SA_SA_S6_ibiiiiPibbb', 226 bytes spill stores, 254 bytes spill loads
ptxas warning : Local memory used for function '_ZN16marlin_moe_wna166MarlinILl1125899906910725ELl1125899906843648ELl1125899906910725ELl1125899906910725ELi256ELi4ELi16ELi4ELb0ELi4ELi4ELb0EEEvPK4int4S3_PS1_S4_S3_PKfS3_PKtS3_PKiSA_SA_SA_S6_ibiiiiPibbb', size of stack frame: 72 bytes
ptxas warning : Registers are spilled to local memory in function '_ZN16marlin_moe_wna166MarlinILl1125899906910725ELl1125899906843648ELl1125899906910725ELl1125899906910725ELi256ELi4ELi16ELi4ELb0ELi4ELi4ELb0EEEvPK4int4S3_PS1_S4_S3_PKfS3_PKtS3_PKiSA_SA_SA_S6_ibiiiiPibbb', 218 bytes spill stores, 198 bytes spill loads
ptxas warning : Local memory used for function '_ZN16marlin_moe_wna166MarlinILl1125899906910725ELl1125899906843648ELl1125899906910725ELl1125899906910725ELi128ELi1ELi8ELi4ELb1ELi4ELi4ELb0EEEvPK4int4S3_PS1_S4_S3_PKfS3_PKtS3_PKiSA_SA_SA_S6_ibiiiiPibbb', size of stack frame: 32 bytes
ptxas warning : Local memory used for function '_ZN16marlin_moe_wna166MarlinILl1125899906910725ELl1125899906843648ELl1125899906910725ELl1125899906910725ELi256ELi1ELi8ELi8ELb1ELi4ELi4ELb0EEEvPK4int4S3_PS1_S4_S3_PKfS3_PKtS3_PKiSA_SA_SA_S6_ibiiiiPibbb', size of stack frame: 32 bytes
ptxas warning : Local memory used for function '_ZN16marlin_moe_wna166MarlinILl1125899906910725ELl1125899906843648ELl1125899906910725ELl1125899906910725ELi128ELi4ELi8ELi4ELb0ELi4ELi2ELb0EEEvPK4int4S3_PS1_S4_S3_PKfS3_PKtS3_PKiSA_SA_SA_S6_ibiiiiPibbb', size of stack frame: 80 bytes
ptxas warning : Registers are spilled to local memory in function '_ZN16marlin_moe_wna166MarlinILl1125899906910725ELl1125899906843648ELl1125899906910725ELl1125899906910725ELi128ELi4ELi8ELi4ELb0ELi4ELi2ELb0EEEvPK4int4S3_PS1_S4_S3_PKfS3_PKtS3_PKiSA_SA_SA_S6_ibiiiiPibbb', 226 bytes spill stores, 254 bytes spill loads
ptxas warning : Local memory used for function '_ZN16marlin_moe_wna166MarlinILl1125899906910725ELl1125899906843648ELl1125899906910725ELl1125899906910725ELi256ELi4ELi16ELi4ELb0ELi4ELi2ELb0EEEvPK4int4S3_PS1_S4_S3_PKfS3_PKtS3_PKiSA_SA_SA_S6_ibiiiiPibbb', size of stack frame: 72 bytes
ptxas warning : Registers are spilled to local memory in function '_ZN16marlin_moe_wna166MarlinILl1125899906910725ELl1125899906843648ELl1125899906910725ELl1125899906910725ELi256ELi4ELi16ELi4ELb0ELi4ELi2ELb0EEEvPK4int4S3_PS1_S4_S3_PKfS3_PKtS3_PKiSA_SA_SA_S6_ibiiiiPibbb', 218 bytes spill stores, 198 bytes spill loads
ptxas warning : Local memory used for function '_ZN16marlin_moe_wna166MarlinILl1125899906910725ELl1125899906843648ELl1125899906910725ELl1125899906910725ELi128ELi1ELi8ELi4ELb1ELi4ELi2ELb0EEEvPK4int4S3_PS1_S4_S3_PKfS3_PKtS3_PKiSA_SA_SA_S6_ibiiiiPibbb', size of stack frame: 32 bytes
ptxas warning : Local memory used for function '_ZN16marlin_moe_wna166MarlinILl1125899906910725ELl1125899906843648ELl1125899906910725ELl1125899906910725ELi256ELi1ELi8ELi8ELb1ELi4ELi2ELb0EEEvPK4int4S3_PS1_S4_S3_PKfS3_PKtS3_PKiSA_SA_SA_S6_ibiiiiPibbb', size of stack frame: 32 bytes
ptxas warning : Local memory used for function '_ZN16marlin_moe_wna166MarlinILl1125899906910725ELl1125899906843648ELl1125899906910725ELl1125899906910725ELi128ELi4ELi8ELi4ELb0ELi4ELin1ELb0EEEvPK4int4S3_PS1_S4_S3_PKfS3_PKtS3_PKiSA_SA_SA_S6_ibiiiiPibbb', size of stack frame: 72 bytes
ptxas warning : Registers are spilled to local memory in function '_ZN16marlin_moe_wna166MarlinILl1125899906910725ELl1125899906843648ELl1125899906910725ELl1125899906910725ELi128ELi4ELi8ELi4ELb0ELi4ELin1ELb0EEEvPK4int4S3_PS1_S4_S3_PKfS3_PKtS3_PKiSA_SA_SA_S6_ibiiiiPibbb', 190 bytes spill stores, 150 bytes spill loads
ptxas warning : Local memory used for function '_ZN16marlin_moe_wna166MarlinILl1125899906910725ELl1125899906843648ELl1125899906910725ELl1125899906910725ELi256ELi4ELi16ELi4ELb0ELi4ELin1ELb0EEEvPK4int4S3_PS1_S4_S3_PKfS3_PKtS3_PKiSA_SA_SA_S6_ibiiiiPibbb', size of stack frame: 64 bytes
ptxas warning : Registers are spilled to local memory in function '_ZN16marlin_moe_wna166MarlinILl1125899906910725ELl1125899906843648ELl1125899906910725ELl1125899906910725ELi256ELi4ELi16ELi4ELb0ELi4ELin1ELb0EEEvPK4int4S3_PS1_S4_S3_PKfS3_PKtS3_PKiSA_SA_SA_S6_ibiiiiPibbb', 182 bytes spill stores, 134 bytes spill loads
ptxas warning : Local memory used for function '_ZN16marlin_moe_wna166MarlinILl1125899906910725ELl1125899906843648ELl1125899906910725ELl1125899906910725ELi128ELi1ELi8ELi4ELb1ELi4ELin1ELb0EEEvPK4int4S3_PS1_S4_S3_PKfS3_PKtS3_PKiSA_SA_SA_S6_ibiiiiPibbb', size of stack frame: 64 bytes
ptxas warning : Local memory used for function '_ZN16marlin_moe_wna166MarlinILl1125899906910725ELl1125899906843648ELl1125899906910725ELl1125899906910725ELi256ELi1ELi8ELi8ELb1ELi4ELin1ELb0EEEvPK4int4S3_PS1_S4_S3_PKfS3_PKtS3_PKiSA_SA_SA_S6_ibiiiiPibbb', size of stack frame: 64 bytes
ptxas warning : Local memory used for function '_ZN16marlin_moe_wna166MarlinILl1125899906909960ELl562949953487106ELl1125899906909960ELl2814749767172868ELi128ELi4ELi8ELi4ELb0ELi4ELi1ELb0EEEvPK4int4S3_PS1_S4_S3_PKfS3_PKtS3_PKiSA_SA_SA_S6_ibiiiiPibbb', size of stack frame: 72 bytes
ptxas warning : Registers are spilled to local memory in function '_ZN16marlin_moe_wna166MarlinILl1125899906909960ELl562949953487106ELl1125899906909960ELl2814749767172868ELi128ELi4ELi8ELi4ELb0ELi4ELi1ELb0EEEvPK4int4S3_PS1_S4_S3_PKfS3_PKtS3_PKiSA_SA_SA_S6_ibiiiiPibbb', 206 bytes spill stores, 246 bytes spill loads
ptxas warning : Local memory used for function '_ZN16marlin_moe_wna166MarlinILl1125899906909960ELl562949953487106ELl1125899906909960ELl2814749767172868ELi256ELi4ELi16ELi4ELb0ELi4ELi1ELb0EEEvPK4int4S3_PS1_S4_S3_PKfS3_PKtS3_PKiSA_SA_SA_S6_ibiiiiPibbb', size of stack frame: 64 bytes
ptxas warning : Registers are spilled to local memory in function '_ZN16marlin_moe_wna166MarlinILl1125899906909960ELl562949953487106ELl1125899906909960ELl2814749767172868ELi256ELi4ELi16ELi4ELb0ELi4ELi1ELb0EEEvPK4int4S3_PS1_S4_S3_PKfS3_PKtS3_PKiSA_SA_SA_S6_ibiiiiPibbb', 198 bytes spill stores, 190 bytes spill loads
ptxas warning : Local memory used for function '_ZN16marlin_moe_wna166MarlinILl1125899906909960ELl562949953487106ELl1125899906909960ELl2814749767172868ELi128ELi1ELi8ELi4ELb1ELi4ELi1ELb0EEEvPK4int4S3_PS1_S4_S3_PKfS3_PKtS3_PKiSA_SA_SA_S6_ibiiiiPibbb', size of stack frame: 32 bytes
ptxas warning : Local memory used for function '_ZN16marlin_moe_wna166MarlinILl1125899906909960ELl562949953487106ELl1125899906909960ELl2814749767172868ELi256ELi1ELi8ELi8ELb1ELi4ELi1ELb0EEEvPK4int4S3_PS1_S4_S3_PKfS3_PKtS3_PKiSA_SA_SA_S6_ibiiiiPibbb', size of stack frame: 32 bytes
ptxas warning : Local memory used for function '_ZN16marlin_moe_wna166MarlinILl1125899906910725ELl562949953487106ELl1125899906910725ELl2814749767172868ELi128ELi4ELi8ELi4ELb0ELi4ELi1ELb0EEEvPK4int4S3_PS1_S4_S3_PKfS3_PKtS3_PKiSA_SA_SA_S6_ibiiiiPibbb', size of stack frame: 72 bytes
ptxas warning : Registers are spilled to local memory in function '_ZN16marlin_moe_wna166MarlinILl1125899906910725ELl562949953487106ELl1125899906910725ELl2814749767172868ELi128ELi4ELi8ELi4ELb0ELi4ELi1ELb0EEEvPK4int4S3_PS1_S4_S3_PKfS3_PKtS3_PKiSA_SA_SA_S6_ibiiiiPibbb', 206 bytes spill stores, 246 bytes spill loads
ptxas warning : Local memory used for function '_ZN16marlin_moe_wna166MarlinILl1125899906910725ELl562949953487106ELl1125899906910725ELl2814749767172868ELi256ELi4ELi16ELi4ELb0ELi4ELi1ELb0EEEvPK4int4S3_PS1_S4_S3_PKfS3_PKtS3_PKiSA_SA_SA_S6_ibiiiiPibbb', size of stack frame: 64 bytes
ptxas warning : Registers are spilled to local memory in function '_ZN16marlin_moe_wna166MarlinILl1125899906910725ELl562949953487106ELl1125899906910725ELl2814749767172868ELi256ELi4ELi16ELi4ELb0ELi4ELi1ELb0EEEvPK4int4S3_PS1_S4_S3_PKfS3_PKtS3_PKiSA_SA_SA_S6_ibiiiiPibbb', 198 bytes spill stores, 190 bytes spill loads
ptxas warning : Local memory used for function '_ZN16marlin_moe_wna166MarlinILl1125899906910725ELl562949953487106ELl1125899906910725ELl2814749767172868ELi128ELi1ELi8ELi4ELb1ELi4ELi1ELb0EEEvPK4int4S3_PS1_S4_S3_PKfS3_PKtS3_PKiSA_SA_SA_S6_ibiiiiPibbb', size of stack frame: 32 bytes
ptxas warning : Local memory used for function '_ZN16marlin_moe_wna166MarlinILl1125899906910725ELl562949953487106ELl1125899906910725ELl2814749767172868ELi256ELi1ELi8ELi8ELb1ELi4ELi1ELb0EEEvPK4int4S3_PS1_S4_S3_PKfS3_PKtS3_PKiSA_SA_SA_S6_ibiiiiPibbb', size of stack frame: 32 bytes
ptxas warning : Local memory used for function '_ZN16marlin_moe_wna166MarlinILl1125899906910725ELl1125899906843648ELl1125899906910725ELl1125899906910725ELi128ELi4ELi8ELi4ELb0ELi4ELi8ELb0EEEvPK4int4S3_PS1_S4_S3_PKfS3_PKtS3_PKiSA_SA_SA_S6_ibiiiiPibbb', size of stack frame: 16 bytes
ptxas warning : Registers are spilled to local memory in function '_ZN16marlin_moe_wna166MarlinILl1125899906910725ELl1125899906843648ELl1125899906910725ELl1125899906910725ELi128ELi4ELi8ELi4ELb0ELi4ELi8ELb0EEEvPK4int4S3_PS1_S4_S3_PKfS3_PKtS3_PKiSA_SA_SA_S6_ibiiiiPibbb', 16 bytes spill stores, 12 bytes spill loads
ptxas warning : Local memory used for function '_ZN16marlin_moe_wna166MarlinILl1125899906910725ELl1125899906843648ELl1125899906910725ELl1125899906910725ELi256ELi4ELi16ELi4ELb0ELi4ELi8ELb0EEEvPK4int4S3_PS1_S4_S3_PKfS3_PKtS3_PKiSA_SA_SA_S6_ibiiiiPibbb', size of stack frame: 16 bytes
ptxas warning : Registers are spilled to local memory in function '_ZN16marlin_moe_wna166MarlinILl1125899906910725ELl1125899906843648ELl1125899906910725ELl1125899906910725ELi256ELi4ELi16ELi4ELb0ELi4ELi8ELb0EEEvPK4int4S3_PS1_S4_S3_PKfS3_PKtS3_PKiSA_SA_SA_S6_ibiiiiPibbb', 16 bytes spill stores, 12 bytes spill loads
ptxas warning : Local memory used for function '_ZN16marlin_moe_wna166MarlinILl1125899906910725ELl1125899906843648ELl1125899906910725ELl1125899906910725ELi128ELi1ELi8ELi4ELb1ELi4ELi8ELb0EEEvPK4int4S3_PS1_S4_S3_PKfS3_PKtS3_PKiSA_SA_SA_S6_ibiiiiPibbb', size of stack frame: 32 bytes
ptxas warning : Local memory used for function '_ZN16marlin_moe_wna166MarlinILl1125899906910725ELl1125899906843648ELl1125899906910725ELl1125899906910725ELi256ELi1ELi8ELi8ELb1ELi4ELi8ELb0EEEvPK4int4S3_PS1_S4_S3_PKfS3_PKtS3_PKiSA_SA_SA_S6_ibiiiiPibbb', size of stack frame: 32 bytes
ptxas warning : Local memory used for function '_ZN16marlin_moe_wna166MarlinILl1125899906910725ELl1125899906843648ELl1125899906910725ELl1125899906910725ELi128ELi1ELi8ELi4ELb1ELi4ELi4ELb0EEEvPK4int4S3_PS1_S4_S3_PKfS3_PKtS3_PKiSA_SA_SA_S6_ibiiiiPibbb', size of stack frame: 32 bytes
ptxas warning : Local memory used for function '_ZN16marlin_moe_wna166MarlinILl1125899906910725ELl1125899906843648ELl1125899906910725ELl1125899906910725ELi256ELi1ELi8ELi8ELb1ELi4ELi4ELb0EEEvPK4int4S3_PS1_S4_S3_PKfS3_PKtS3_PKiSA_SA_SA_S6_ibiiiiPibbb', size of stack frame: 32 bytes
ptxas warning : Local memory used for function '_ZN16marlin_moe_wna166MarlinILl1125899906910725ELl1125899906843648ELl1125899906910725ELl1125899906910725ELi128ELi1ELi8ELi4ELb1ELi4ELi2ELb0EEEvPK4int4S3_PS1_S4_S3_PKfS3_PKtS3_PKiSA_SA_SA_S6_ibiiiiPibbb', size of stack frame: 32 bytes
ptxas warning : Local memory used for function '_ZN16marlin_moe_wna166MarlinILl1125899906910725ELl1125899906843648ELl1125899906910725ELl1125899906910725ELi256ELi1ELi8ELi8ELb1ELi4ELi2ELb0EEEvPK4int4S3_PS1_S4_S3_PKfS3_PKtS3_PKiSA_SA_SA_S6_ibiiiiPibbb', size of stack frame: 32 bytes
ptxas warning : Local memory used for function '_ZN16marlin_moe_wna166MarlinILl1125899906910725ELl1125899906843648ELl1125899906910725ELl1125899906910725ELi128ELi1ELi8ELi4ELb1ELi4ELin1ELb0EEEvPK4int4S3_PS1_S4_S3_PKfS3_PKtS3_PKiSA_SA_SA_S6_ibiiiiPibbb', size of stack frame: 64 bytes
ptxas warning : Local memory used for function '_ZN16marlin_moe_wna166MarlinILl1125899906910725ELl1125899906843648ELl1125899906910725ELl1125899906910725ELi256ELi1ELi8ELi8ELb1ELi4ELin1ELb0EEEvPK4int4S3_PS1_S4_S3_PKfS3_PKtS3_PKiSA_SA_SA_S6_ibiiiiPibbb', size of stack frame: 64 bytes
ptxas warning : Local memory used for function '_ZN16marlin_moe_wna166MarlinILl1125899906909960ELl562949953487106ELl1125899906909960ELl2814749767172868ELi128ELi1ELi8ELi4ELb1ELi4ELi1ELb0EEEvPK4int4S3_PS1_S4_S3_PKfS3_PKtS3_PKiSA_SA_SA_S6_ibiiiiPibbb', size of stack frame: 32 bytes
ptxas warning : Local memory used for function '_ZN16marlin_moe_wna166MarlinILl1125899906909960ELl562949953487106ELl1125899906909960ELl2814749767172868ELi256ELi1ELi8ELi8ELb1ELi4ELi1ELb0EEEvPK4int4S3_PS1_S4_S3_PKfS3_PKtS3_PKiSA_SA_SA_S6_ibiiiiPibbb', size of stack frame: 32 bytes
ptxas warning : Local memory used for function '_ZN16marlin_moe_wna166MarlinILl1125899906910725ELl562949953487106ELl1125899906910725ELl2814749767172868ELi128ELi1ELi8ELi4ELb1ELi4ELi1ELb0EEEvPK4int4S3_PS1_S4_S3_PKfS3_PKtS3_PKiSA_SA_SA_S6_ibiiiiPibbb', size of stack frame: 32 bytes
ptxas warning : Local memory used for function '_ZN16marlin_moe_wna166MarlinILl1125899906910725ELl562949953487106ELl1125899906910725ELl2814749767172868ELi256ELi1ELi8ELi8ELb1ELi4ELi1ELb0EEEvPK4int4S3_PS1_S4_S3_PKfS3_PKtS3_PKiSA_SA_SA_S6_ibiiiiPibbb', size of stack frame: 32 bytes
ptxas warning : Local memory used for function '_ZN16marlin_moe_wna1619permute_cols_kernelILi64EEEvPK4int4PKiPS1_S5_S5_S5_iii', size of stack frame: 256 bytes
ptxas warning : Local memory used for function '_ZN16marlin_moe_wna1619permute_cols_kernelILi48EEEvPK4int4PKiPS1_S5_S5_S5_iii', size of stack frame: 192 bytes
ptxas warning : Local memory used for function '_ZN16marlin_moe_wna1619permute_cols_kernelILi32EEEvPK4int4PKiPS1_S5_S5_S5_iii', size of stack frame: 128 bytes
ptxas warning : Local memory used for function '_ZN16marlin_moe_wna166MarlinILl1125899906910725ELl1125899906843648ELl1125899906910725ELl1125899906910725ELi128ELi4ELi8ELi4ELb0ELi4ELi8ELb0EEEvPK4int4S3_PS1_S4_S3_PKfS3_PKtS3_PKiSA_SA_SA_S6_ibiiiiPibbb', size of stack frame: 288 bytes
ptxas warning : Registers are spilled to local memory in function '_ZN16marlin_moe_wna166MarlinILl1125899906910725ELl1125899906843648ELl1125899906910725ELl1125899906910725ELi128ELi4ELi8ELi4ELb0ELi4ELi8ELb0EEEvPK4int4S3_PS1_S4_S3_PKfS3_PKtS3_PKiSA_SA_SA_S6_ibiiiiPibbb', 1766 bytes spill stores, 1166 bytes spill loads
ptxas warning : Local memory used for function '_ZN16marlin_moe_wna166MarlinILl1125899906910725ELl1125899906843648ELl1125899906910725ELl1125899906910725ELi256ELi4ELi16ELi4ELb0ELi4ELi8ELb0EEEvPK4int4S3_PS1_S4_S3_PKfS3_PKtS3_PKiSA_SA_SA_S6_ibiiiiPibbb', size of stack frame: 280 bytes
ptxas warning : Registers are spilled to local memory in function '_ZN16marlin_moe_wna166MarlinILl1125899906910725ELl1125899906843648ELl1125899906910725ELl1125899906910725ELi256ELi4ELi16ELi4ELb0ELi4ELi8ELb0EEEvPK4int4S3_PS1_S4_S3_PKfS3_PKtS3_PKiSA_SA_SA_S6_ibiiiiPibbb', 1758 bytes spill stores, 1142 bytes spill loads
ptxas warning : Local memory used for function '_ZN16marlin_moe_wna166MarlinILl1125899906910725ELl1125899906843648ELl1125899906910725ELl1125899906910725ELi128ELi3ELi8ELi4ELb0ELi4ELi8ELb0EEEvPK4int4S3_PS1_S4_S3_PKfS3_PKtS3_PKiSA_SA_SA_S6_ibiiiiPibbb', size of stack frame: 128 bytes
ptxas warning : Registers are spilled to local memory in function '_ZN16marlin_moe_wna166MarlinILl1125899906910725ELl1125899906843648ELl1125899906910725ELl1125899906910725ELi128ELi3ELi8ELi4ELb0ELi4ELi8ELb0EEEvPK4int4S3_PS1_S4_S3_PKfS3_PKtS3_PKiSA_SA_SA_S6_ibiiiiPibbb', 534 bytes spill stores, 450 bytes spill loads
ptxas warning : Local memory used for function '_ZN16marlin_moe_wna166MarlinILl1125899906910725ELl1125899906843648ELl1125899906910725ELl1125899906910725ELi256ELi3ELi16ELi4ELb0ELi4ELi8ELb0EEEvPK4int4S3_PS1_S4_S3_PKfS3_PKtS3_PKiSA_SA_SA_S6_ibiiiiPibbb', size of stack frame: 128 bytes
ptxas warning : Registers are spilled to local memory in function '_ZN16marlin_moe_wna166MarlinILl1125899906910725ELl1125899906843648ELl1125899906910725ELl1125899906910725ELi256ELi3ELi16ELi4ELb0ELi4ELi8ELb0EEEvPK4int4S3_PS1_S4_S3_PKfS3_PKtS3_PKiSA_SA_SA_S6_ibiiiiPibbb', 530 bytes spill stores, 438 bytes spill loads
ptxas warning : Local memory used for function '_ZN16marlin_moe_wna166MarlinILl1125899906910725ELl1125899906843648ELl1125899906910725ELl1125899906910725ELi128ELi1ELi8ELi4ELb1ELi4ELi8ELb0EEEvPK4int4S3_PS1_S4_S3_PKfS3_PKtS3_PKiSA_SA_SA_S6_ibiiiiPibbb', size of stack frame: 32 bytes
ptxas warning : Local memory used for function '_ZN16marlin_moe_wna166MarlinILl1125899906910725ELl1125899906843648ELl1125899906910725ELl1125899906910725ELi256ELi1ELi8ELi8ELb1ELi4ELi8ELb0EEEvPK4int4S3_PS1_S4_S3_PKfS3_PKtS3_PKiSA_SA_SA_S6_ibiiiiPibbb', size of stack frame: 32 bytes
ptxas warning : Local memory used for function '_ZN16marlin_moe_wna166MarlinILl1125899906910725ELl1125899906843648ELl1125899906910725ELl1125899906910725ELi128ELi4ELi8ELi4ELb0ELi4ELi4ELb0EEEvPK4int4S3_PS1_S4_S3_PKfS3_PKtS3_PKiSA_SA_SA_S6_ibiiiiPibbb', size of stack frame: 288 bytes
ptxas warning : Registers are spilled to local memory in function '_ZN16marlin_moe_wna166MarlinILl1125899906910725ELl1125899906843648ELl1125899906910725ELl1125899906910725ELi128ELi4ELi8ELi4ELb0ELi4ELi4ELb0EEEvPK4int4S3_PS1_S4_S3_PKfS3_PKtS3_PKiSA_SA_SA_S6_ibiiiiPibbb', 1790 bytes spill stores, 1302 bytes spill loads
ptxas warning : Local memory used for function '_ZN16marlin_moe_wna166MarlinILl1125899906910725ELl1125899906843648ELl1125899906910725ELl1125899906910725ELi256ELi4ELi16ELi4ELb0ELi4ELi4ELb0EEEvPK4int4S3_PS1_S4_S3_PKfS3_PKtS3_PKiSA_SA_SA_S6_ibiiiiPibbb', size of stack frame: 280 bytes
ptxas warning : Registers are spilled to local memory in function '_ZN16marlin_moe_wna166MarlinILl1125899906910725ELl1125899906843648ELl1125899906910725ELl1125899906910725ELi256ELi4ELi16ELi4ELb0ELi4ELi4ELb0EEEvPK4int4S3_PS1_S4_S3_PKfS3_PKtS3_PKiSA_SA_SA_S6_ibiiiiPibbb', 1782 bytes spill stores, 1246 bytes spill loads
ptxas warning : Local memory used for function '_ZN16marlin_moe_wna166MarlinILl1125899906910725ELl1125899906843648ELl1125899906910725ELl1125899906910725ELi128ELi3ELi8ELi4ELb0ELi4ELi4ELb0EEEvPK4int4S3_PS1_S4_S3_PKfS3_PKtS3_PKiSA_SA_SA_S6_ibiiiiPibbb', size of stack frame: 128 bytes
ptxas warning : Registers are spilled to local memory in function '_ZN16marlin_moe_wna166MarlinILl1125899906910725ELl1125899906843648ELl1125899906910725ELl1125899906910725ELi128ELi3ELi8ELi4ELb0ELi4ELi4ELb0EEEvPK4int4S3_PS1_S4_S3_PKfS3_PKtS3_PKiSA_SA_SA_S6_ibiiiiPibbb', 514 bytes spill stores, 542 bytes spill loads
ptxas warning : Local memory used for function '_ZN16marlin_moe_wna166MarlinILl1125899906910725ELl1125899906843648ELl1125899906910725ELl1125899906910725ELi256ELi3ELi16ELi4ELb0ELi4ELi4ELb0EEEvPK4int4S3_PS1_S4_S3_PKfS3_PKtS3_PKiSA_SA_SA_S6_ibiiiiPibbb', size of stack frame: 128 bytes
ptxas warning : Registers are spilled to local memory in function '_ZN16marlin_moe_wna166MarlinILl1125899906910725ELl1125899906843648ELl1125899906910725ELl1125899906910725ELi256ELi3ELi16ELi4ELb0ELi4ELi4ELb0EEEvPK4int4S3_PS1_S4_S3_PKfS3_PKtS3_PKiSA_SA_SA_S6_ibiiiiPibbb', 510 bytes spill stores, 514 bytes spill loads
ptxas warning : Local memory used for function '_ZN16marlin_moe_wna166MarlinILl1125899906910725ELl1125899906843648ELl1125899906910725ELl1125899906910725ELi128ELi1ELi8ELi4ELb1ELi4ELi4ELb0EEEvPK4int4S3_PS1_S4_S3_PKfS3_PKtS3_PKiSA_SA_SA_S6_ibiiiiPibbb', size of stack frame: 32 bytes
ptxas warning : Local memory used for function '_ZN16marlin_moe_wna166MarlinILl1125899906910725ELl1125899906843648ELl1125899906910725ELl1125899906910725ELi256ELi1ELi8ELi8ELb1ELi4ELi4ELb0EEEvPK4int4S3_PS1_S4_S3_PKfS3_PKtS3_PKiSA_SA_SA_S6_ibiiiiPibbb', size of stack frame: 32 bytes
ptxas warning : Local memory used for function '_ZN16marlin_moe_wna166MarlinILl1125899906910725ELl1125899906843648ELl1125899906910725ELl1125899906910725ELi128ELi4ELi8ELi4ELb0ELi4ELi2ELb0EEEvPK4int4S3_PS1_S4_S3_PKfS3_PKtS3_PKiSA_SA_SA_S6_ibiiiiPibbb', size of stack frame: 288 bytes
ptxas warning : Registers are spilled to local memory in function '_ZN16marlin_moe_wna166MarlinILl1125899906910725ELl1125899906843648ELl1125899906910725ELl1125899906910725ELi128ELi4ELi8ELi4ELb0ELi4ELi2ELb0EEEvPK4int4S3_PS1_S4_S3_PKfS3_PKtS3_PKiSA_SA_SA_S6_ibiiiiPibbb', 1790 bytes spill stores, 1302 bytes spill loads
ptxas warning : Local memory used for function '_ZN16marlin_moe_wna166MarlinILl1125899906910725ELl1125899906843648ELl1125899906910725ELl1125899906910725ELi256ELi4ELi16ELi4ELb0ELi4ELi2ELb0EEEvPK4int4S3_PS1_S4_S3_PKfS3_PKtS3_PKiSA_SA_SA_S6_ibiiiiPibbb', size of stack frame: 280 bytes
ptxas warning : Registers are spilled to local memory in function '_ZN16marlin_moe_wna166MarlinILl1125899906910725ELl1125899906843648ELl1125899906910725ELl1125899906910725ELi256ELi4ELi16ELi4ELb0ELi4ELi2ELb0EEEvPK4int4S3_PS1_S4_S3_PKfS3_PKtS3_PKiSA_SA_SA_S6_ibiiiiPibbb', 1782 bytes spill stores, 1246 bytes spill loads
ptxas warning : Local memory used for function '_ZN16marlin_moe_wna166MarlinILl1125899906910725ELl1125899906843648ELl1125899906910725ELl1125899906910725ELi128ELi3ELi8ELi4ELb0ELi4ELi2ELb0EEEvPK4int4S3_PS1_S4_S3_PKfS3_PKtS3_PKiSA_SA_SA_S6_ibiiiiPibbb', size of stack frame: 128 bytes
ptxas warning : Registers are spilled to local memory in function '_ZN16marlin_moe_wna166MarlinILl1125899906910725ELl1125899906843648ELl1125899906910725ELl1125899906910725ELi128ELi3ELi8ELi4ELb0ELi4ELi2ELb0EEEvPK4int4S3_PS1_S4_S3_PKfS3_PKtS3_PKiSA_SA_SA_S6_ibiiiiPibbb', 514 bytes spill stores, 542 bytes spill loads
ptxas warning : Local memory used for function '_ZN16marlin_moe_wna166MarlinILl1125899906910725ELl1125899906843648ELl1125899906910725ELl1125899906910725ELi256ELi3ELi16ELi4ELb0ELi4ELi2ELb0EEEvPK4int4S3_PS1_S4_S3_PKfS3_PKtS3_PKiSA_SA_SA_S6_ibiiiiPibbb', size of stack frame: 128 bytes
ptxas warning : Registers are spilled to local memory in function '_ZN16marlin_moe_wna166MarlinILl1125899906910725ELl1125899906843648ELl1125899906910725ELl1125899906910725ELi256ELi3ELi16ELi4ELb0ELi4ELi2ELb0EEEvPK4int4S3_PS1_S4_S3_PKfS3_PKtS3_PKiSA_SA_SA_S6_ibiiiiPibbb', 510 bytes spill stores, 514 bytes spill loads
ptxas warning : Local memory used for function '_ZN16marlin_moe_wna166MarlinILl1125899906910725ELl1125899906843648ELl1125899906910725ELl1125899906910725ELi128ELi1ELi8ELi4ELb1ELi4ELi2ELb0EEEvPK4int4S3_PS1_S4_S3_PKfS3_PKtS3_PKiSA_SA_SA_S6_ibiiiiPibbb', size of stack frame: 32 bytes
ptxas warning : Local memory used for function '_ZN16marlin_moe_wna166MarlinILl1125899906910725ELl1125899906843648ELl1125899906910725ELl1125899906910725ELi256ELi1ELi8ELi8ELb1ELi4ELi2ELb0EEEvPK4int4S3_PS1_S4_S3_PKfS3_PKtS3_PKiSA_SA_SA_S6_ibiiiiPibbb', size of stack frame: 32 bytes
ptxas warning : Local memory used for function '_ZN16marlin_moe_wna166MarlinILl1125899906910725ELl1125899906843648ELl1125899906910725ELl1125899906910725ELi128ELi4ELi8ELi4ELb0ELi4ELin1ELb0EEEvPK4int4S3_PS1_S4_S3_PKfS3_PKtS3_PKiSA_SA_SA_S6_ibiiiiPibbb', size of stack frame: 296 bytes
ptxas warning : Registers are spilled to local memory in function '_ZN16marlin_moe_wna166MarlinILl1125899906910725ELl1125899906843648ELl1125899906910725ELl1125899906910725ELi128ELi4ELi8ELi4ELb0ELi4ELin1ELb0EEEvPK4int4S3_PS1_S4_S3_PKfS3_PKtS3_PKiSA_SA_SA_S6_ibiiiiPibbb', 1866 bytes spill stores, 1170 bytes spill loads
ptxas warning : Local memory used for function '_ZN16marlin_moe_wna166MarlinILl1125899906910725ELl1125899906843648ELl1125899906910725ELl1125899906910725ELi256ELi4ELi16ELi4ELb0ELi4ELin1ELb0EEEvPK4int4S3_PS1_S4_S3_PKfS3_PKtS3_PKiSA_SA_SA_S6_ibiiiiPibbb', size of stack frame: 288 bytes
ptxas warning : Registers are spilled to local memory in function '_ZN16marlin_moe_wna166MarlinILl1125899906910725ELl1125899906843648ELl1125899906910725ELl1125899906910725ELi256ELi4ELi16ELi4ELb0ELi4ELin1ELb0EEEvPK4int4S3_PS1_S4_S3_PKfS3_PKtS3_PKiSA_SA_SA_S6_ibiiiiPibbb', 1858 bytes spill stores, 1154 bytes spill loads
ptxas warning : Local memory used for function '_ZN16marlin_moe_wna166MarlinILl1125899906910725ELl1125899906843648ELl1125899906910725ELl1125899906910725ELi128ELi3ELi8ELi4ELb0ELi4ELin1ELb0EEEvPK4int4S3_PS1_S4_S3_PKfS3_PKtS3_PKiSA_SA_SA_S6_ibiiiiPibbb', size of stack frame: 144 bytes
ptxas warning : Registers are spilled to local memory in function '_ZN16marlin_moe_wna166MarlinILl1125899906910725ELl1125899906843648ELl1125899906910725ELl1125899906910725ELi128ELi3ELi8ELi4ELb0ELi4ELin1ELb0EEEvPK4int4S3_PS1_S4_S3_PKfS3_PKtS3_PKiSA_SA_SA_S6_ibiiiiPibbb', 482 bytes spill stores, 398 bytes spill loads
ptxas warning : Local memory used for function '_ZN16marlin_moe_wna166MarlinILl1125899906910725ELl1125899906843648ELl1125899906910725ELl1125899906910725ELi256ELi3ELi16ELi4ELb0ELi4ELin1ELb0EEEvPK4int4S3_PS1_S4_S3_PKfS3_PKtS3_PKiSA_SA_SA_S6_ibiiiiPibbb', size of stack frame: 136 bytes
ptxas warning : Registers are spilled to local memory in function '_ZN16marlin_moe_wna166MarlinILl1125899906910725ELl1125899906843648ELl1125899906910725ELl1125899906910725ELi256ELi3ELi16ELi4ELb0ELi4ELin1ELb0EEEvPK4int4S3_PS1_S4_S3_PKfS3_PKtS3_PKiSA_SA_SA_S6_ibiiiiPibbb', 478 bytes spill stores, 390 bytes spill loads
ptxas warning : Local memory used for function '_ZN16marlin_moe_wna166MarlinILl1125899906910725ELl1125899906843648ELl1125899906910725ELl1125899906910725ELi128ELi1ELi8ELi4ELb1ELi4ELin1ELb0EEEvPK4int4S3_PS1_S4_S3_PKfS3_PKtS3_PKiSA_SA_SA_S6_ibiiiiPibbb', size of stack frame: 64 bytes
ptxas warning : Local memory used for function '_ZN16marlin_moe_wna166MarlinILl1125899906910725ELl1125899906843648ELl1125899906910725ELl1125899906910725ELi256ELi1ELi8ELi8ELb1ELi4ELin1ELb0EEEvPK4int4S3_PS1_S4_S3_PKfS3_PKtS3_PKiSA_SA_SA_S6_ibiiiiPibbb', size of stack frame: 64 bytes
ptxas warning : Local memory used for function '_ZN16marlin_moe_wna166MarlinILl1125899906909960ELl562949953487106ELl1125899906909960ELl2814749767172868ELi128ELi4ELi8ELi4ELb0ELi4ELi1ELb0EEEvPK4int4S3_PS1_S4_S3_PKfS3_PKtS3_PKiSA_SA_SA_S6_ibiiiiPibbb', size of stack frame: 280 bytes
ptxas warning : Registers are spilled to local memory in function '_ZN16marlin_moe_wna166MarlinILl1125899906909960ELl562949953487106ELl1125899906909960ELl2814749767172868ELi128ELi4ELi8ELi4ELb0ELi4ELi1ELb0EEEvPK4int4S3_PS1_S4_S3_PKfS3_PKtS3_PKiSA_SA_SA_S6_ibiiiiPibbb', 1950 bytes spill stores, 1374 bytes spill loads
ptxas warning : Local memory used for function '_ZN16marlin_moe_wna166MarlinILl1125899906909960ELl562949953487106ELl1125899906909960ELl2814749767172868ELi256ELi4ELi16ELi4ELb0ELi4ELi1ELb0EEEvPK4int4S3_PS1_S4_S3_PKfS3_PKtS3_PKiSA_SA_SA_S6_ibiiiiPibbb', size of stack frame: 272 bytes
ptxas warning : Registers are spilled to local memory in function '_ZN16marlin_moe_wna166MarlinILl1125899906909960ELl562949953487106ELl1125899906909960ELl2814749767172868ELi256ELi4ELi16ELi4ELb0ELi4ELi1ELb0EEEvPK4int4S3_PS1_S4_S3_PKfS3_PKtS3_PKiSA_SA_SA_S6_ibiiiiPibbb', 1942 bytes spill stores, 1318 bytes spill loads
ptxas warning : Local memory used for function '_ZN16marlin_moe_wna166MarlinILl1125899906909960ELl562949953487106ELl1125899906909960ELl2814749767172868ELi128ELi3ELi8ELi4ELb0ELi4ELi1ELb0EEEvPK4int4S3_PS1_S4_S3_PKfS3_PKtS3_PKiSA_SA_SA_S6_ibiiiiPibbb', size of stack frame: 120 bytes
ptxas warning : Registers are spilled to local memory in function '_ZN16marlin_moe_wna166MarlinILl1125899906909960ELl562949953487106ELl1125899906909960ELl2814749767172868ELi128ELi3ELi8ELi4ELb0ELi4ELi1ELb0EEEvPK4int4S3_PS1_S4_S3_PKfS3_PKtS3_PKiSA_SA_SA_S6_ibiiiiPibbb', 586 bytes spill stores, 574 bytes spill loads
ptxas warning : Local memory used for function '_ZN16marlin_moe_wna166MarlinILl1125899906909960ELl562949953487106ELl1125899906909960ELl2814749767172868ELi256ELi3ELi16ELi4ELb0ELi4ELi1ELb0EEEvPK4int4S3_PS1_S4_S3_PKfS3_PKtS3_PKiSA_SA_SA_S6_ibiiiiPibbb', size of stack frame: 120 bytes
ptxas warning : Registers are spilled to local memory in function '_ZN16marlin_moe_wna166MarlinILl1125899906909960ELl562949953487106ELl1125899906909960ELl2814749767172868ELi256ELi3ELi16ELi4ELb0ELi4ELi1ELb0EEEvPK4int4S3_PS1_S4_S3_PKfS3_PKtS3_PKiSA_SA_SA_S6_ibiiiiPibbb', 582 bytes spill stores, 546 bytes spill loads
ptxas warning : Local memory used for function '_ZN16marlin_moe_wna166MarlinILl1125899906909960ELl562949953487106ELl1125899906909960ELl2814749767172868ELi128ELi1ELi8ELi4ELb1ELi4ELi1ELb0EEEvPK4int4S3_PS1_S4_S3_PKfS3_PKtS3_PKiSA_SA_SA_S6_ibiiiiPibbb', size of stack frame: 32 bytes
ptxas warning : Local memory used for function '_ZN16marlin_moe_wna166MarlinILl1125899906909960ELl562949953487106ELl1125899906909960ELl2814749767172868ELi256ELi1ELi8ELi8ELb1ELi4ELi1ELb0EEEvPK4int4S3_PS1_S4_S3_PKfS3_PKtS3_PKiSA_SA_SA_S6_ibiiiiPibbb', size of stack frame: 32 bytes
ptxas warning : Local memory used for function '_ZN16marlin_moe_wna166MarlinILl1125899906910725ELl562949953487106ELl1125899906910725ELl2814749767172868ELi128ELi4ELi8ELi4ELb0ELi4ELi1ELb0EEEvPK4int4S3_PS1_S4_S3_PKfS3_PKtS3_PKiSA_SA_SA_S6_ibiiiiPibbb', size of stack frame: 280 bytes
ptxas warning : Registers are spilled to local memory in function '_ZN16marlin_moe_wna166MarlinILl1125899906910725ELl562949953487106ELl1125899906910725ELl2814749767172868ELi128ELi4ELi8ELi4ELb0ELi4ELi1ELb0EEEvPK4int4S3_PS1_S4_S3_PKfS3_PKtS3_PKiSA_SA_SA_S6_ibiiiiPibbb', 1982 bytes spill stores, 1518 bytes spill loads
ptxas warning : Local memory used for function '_ZN16marlin_moe_wna166MarlinILl1125899906910725ELl562949953487106ELl1125899906910725ELl2814749767172868ELi256ELi4ELi16ELi4ELb0ELi4ELi1ELb0EEEvPK4int4S3_PS1_S4_S3_PKfS3_PKtS3_PKiSA_SA_SA_S6_ibiiiiPibbb', size of stack frame: 272 bytes
ptxas warning : Registers are spilled to local memory in function '_ZN16marlin_moe_wna166MarlinILl1125899906910725ELl562949953487106ELl1125899906910725ELl2814749767172868ELi256ELi4ELi16ELi4ELb0ELi4ELi1ELb0EEEvPK4int4S3_PS1_S4_S3_PKfS3_PKtS3_PKiSA_SA_SA_S6_ibiiiiPibbb', 1974 bytes spill stores, 1462 bytes spill loads
ptxas warning : Local memory used for function '_ZN16marlin_moe_wna166MarlinILl1125899906910725ELl562949953487106ELl1125899906910725ELl2814749767172868ELi128ELi3ELi8ELi4ELb0ELi4ELi1ELb0EEEvPK4int4S3_PS1_S4_S3_PKfS3_PKtS3_PKiSA_SA_SA_S6_ibiiiiPibbb', size of stack frame: 128 bytes
ptxas warning : Registers are spilled to local memory in function '_ZN16marlin_moe_wna166MarlinILl1125899906910725ELl562949953487106ELl1125899906910725ELl2814749767172868ELi128ELi3ELi8ELi4ELb0ELi4ELi1ELb0EEEvPK4int4S3_PS1_S4_S3_PKfS3_PKtS3_PKiSA_SA_SA_S6_ibiiiiPibbb', 594 bytes spill stores, 590 bytes spill loads
ptxas warning : Local memory used for function '_ZN16marlin_moe_wna166MarlinILl1125899906910725ELl562949953487106ELl1125899906910725ELl2814749767172868ELi256ELi3ELi16ELi4ELb0ELi4ELi1ELb0EEEvPK4int4S3_PS1_S4_S3_PKfS3_PKtS3_PKiSA_SA_SA_S6_ibiiiiPibbb', size of stack frame: 120 bytes
ptxas warning : Registers are spilled to local memory in function '_ZN16marlin_moe_wna166MarlinILl1125899906910725ELl562949953487106ELl1125899906910725ELl2814749767172868ELi256ELi3ELi16ELi4ELb0ELi4ELi1ELb0EEEvPK4int4S3_PS1_S4_S3_PKfS3_PKtS3_PKiSA_SA_SA_S6_ibiiiiPibbb', 606 bytes spill stores, 570 bytes spill loads
ptxas warning : Local memory used for function '_ZN16marlin_moe_wna166MarlinILl1125899906910725ELl562949953487106ELl1125899906910725ELl2814749767172868ELi128ELi1ELi8ELi4ELb1ELi4ELi1ELb0EEEvPK4int4S3_PS1_S4_S3_PKfS3_PKtS3_PKiSA_SA_SA_S6_ibiiiiPibbb', size of stack frame: 32 bytes
ptxas warning : Local memory used for function '_ZN16marlin_moe_wna166MarlinILl1125899906910725ELl562949953487106ELl1125899906910725ELl2814749767172868ELi256ELi1ELi8ELi8ELb1ELi4ELi1ELb0EEEvPK4int4S3_PS1_S4_S3_PKfS3_PKtS3_PKiSA_SA_SA_S6_ibiiiiPibbb', size of stack frame: 32 bytes
ptxas warning : Local memory used for function '_ZN16marlin_moe_wna1619permute_cols_kernelILi64EEEvPK4int4PKiPS1_S5_S5_S5_iii', size of stack frame: 256 bytes
ptxas warning : Local memory used for function '_ZN16marlin_moe_wna1619permute_cols_kernelILi48EEEvPK4int4PKiPS1_S5_S5_S5_iii', size of stack frame: 192 bytes
ptxas warning : Local memory used for function '_ZN16marlin_moe_wna1619permute_cols_kernelILi32EEEvPK4int4PKiPS1_S5_S5_S5_iii', size of stack frame: 128 bytes
ptxas warning : Local memory used for function '_ZN16marlin_moe_wna166MarlinILl1125899906910725ELl1125899906843648ELl1125899906910725ELl1125899906910725ELi128ELi4ELi8ELi4ELb0ELi4ELi8ELb0EEEvPK4int4S3_PS1_S4_S3_PKfS3_PKtS3_PKiSA_SA_SA_S6_ibiiiiPibbb', size of stack frame: 288 bytes
ptxas warning : Registers are spilled to local memory in function '_ZN16marlin_moe_wna166MarlinILl1125899906910725ELl1125899906843648ELl1125899906910725ELl1125899906910725ELi128ELi4ELi8ELi4ELb0ELi4ELi8ELb0EEEvPK4int4S3_PS1_S4_S3_PKfS3_PKtS3_PKiSA_SA_SA_S6_ibiiiiPibbb', 1762 bytes spill stores, 1170 bytes spill loads
ptxas warning : Local memory used for function '_ZN16marlin_moe_wna166MarlinILl1125899906910725ELl1125899906843648ELl1125899906910725ELl1125899906910725ELi256ELi4ELi16ELi4ELb0ELi4ELi8ELb0EEEvPK4int4S3_PS1_S4_S3_PKfS3_PKtS3_PKiSA_SA_SA_S6_ibiiiiPibbb', size of stack frame: 280 bytes
ptxas warning : Registers are spilled to local memory in function '_ZN16marlin_moe_wna166MarlinILl1125899906910725ELl1125899906843648ELl1125899906910725ELl1125899906910725ELi256ELi4ELi16ELi4ELb0ELi4ELi8ELb0EEEvPK4int4S3_PS1_S4_S3_PKfS3_PKtS3_PKiSA_SA_SA_S6_ibiiiiPibbb', 1754 bytes spill stores, 1146 bytes spill loads
ptxas warning : Local memory used for function '_ZN16marlin_moe_wna166MarlinILl1125899906910725ELl1125899906843648ELl1125899906910725ELl1125899906910725ELi128ELi3ELi8ELi4ELb0ELi4ELi8ELb0EEEvPK4int4S3_PS1_S4_S3_PKfS3_PKtS3_PKiSA_SA_SA_S6_ibiiiiPibbb', size of stack frame: 128 bytes
ptxas warning : Registers are spilled to local memory in function '_ZN16marlin_moe_wna166MarlinILl1125899906910725ELl1125899906843648ELl1125899906910725ELl1125899906910725ELi128ELi3ELi8ELi4ELb0ELi4ELi8ELb0EEEvPK4int4S3_PS1_S4_S3_PKfS3_PKtS3_PKiSA_SA_SA_S6_ibiiiiPibbb', 502 bytes spill stores, 430 bytes spill loads
ptxas warning : Local memory used for function '_ZN16marlin_moe_wna166MarlinILl1125899906910725ELl1125899906843648ELl1125899906910725ELl1125899906910725ELi256ELi3ELi16ELi4ELb0ELi4ELi8ELb0EEEvPK4int4S3_PS1_S4_S3_PKfS3_PKtS3_PKiSA_SA_SA_S6_ibiiiiPibbb', size of stack frame: 120 bytes
ptxas warning : Registers are spilled to local memory in function '_ZN16marlin_moe_wna166MarlinILl1125899906910725ELl1125899906843648ELl1125899906910725ELl1125899906910725ELi256ELi3ELi16ELi4ELb0ELi4ELi8ELb0EEEvPK4int4S3_PS1_S4_S3_PKfS3_PKtS3_PKiSA_SA_SA_S6_ibiiiiPibbb', 498 bytes spill stores, 418 bytes spill loads
ptxas warning : Local memory used for function '_ZN16marlin_moe_wna166MarlinILl1125899906910725ELl1125899906843648ELl1125899906910725ELl1125899906910725ELi128ELi1ELi8ELi4ELb1ELi4ELi8ELb0EEEvPK4int4S3_PS1_S4_S3_PKfS3_PKtS3_PKiSA_SA_SA_S6_ibiiiiPibbb', size of stack frame: 32 bytes
ptxas warning : Local memory used for function '_ZN16marlin_moe_wna166MarlinILl1125899906910725ELl1125899906843648ELl1125899906910725ELl1125899906910725ELi256ELi1ELi8ELi8ELb1ELi4ELi8ELb0EEEvPK4int4S3_PS1_S4_S3_PKfS3_PKtS3_PKiSA_SA_SA_S6_ibiiiiPibbb', size of stack frame: 32 bytes
ptxas warning : Local memory used for function '_ZN16marlin_moe_wna166MarlinILl1125899906910725ELl1125899906843648ELl1125899906910725ELl1125899906910725ELi128ELi4ELi8ELi4ELb0ELi4ELi4ELb0EEEvPK4int4S3_PS1_S4_S3_PKfS3_PKtS3_PKiSA_SA_SA_S6_ibiiiiPibbb', size of stack frame: 288 bytes
ptxas warning : Registers are spilled to local memory in function '_ZN16marlin_moe_wna166MarlinILl1125899906910725ELl1125899906843648ELl1125899906910725ELl1125899906910725ELi128ELi4ELi8ELi4ELb0ELi4ELi4ELb0EEEvPK4int4S3_PS1_S4_S3_PKfS3_PKtS3_PKiSA_SA_SA_S6_ibiiiiPibbb', 1786 bytes spill stores, 1302 bytes spill loads
ptxas warning : Local memory used for function '_ZN16marlin_moe_wna166MarlinILl1125899906910725ELl1125899906843648ELl1125899906910725ELl1125899906910725ELi256ELi4ELi16ELi4ELb0ELi4ELi4ELb0EEEvPK4int4S3_PS1_S4_S3_PKfS3_PKtS3_PKiSA_SA_SA_S6_ibiiiiPibbb', size of stack frame: 280 bytes
ptxas warning : Registers are spilled to local memory in function '_ZN16marlin_moe_wna166MarlinILl1125899906910725ELl1125899906843648ELl1125899906910725ELl1125899906910725ELi256ELi4ELi16ELi4ELb0ELi4ELi4ELb0EEEvPK4int4S3_PS1_S4_S3_PKfS3_PKtS3_PKiSA_SA_SA_S6_ibiiiiPibbb', 1778 bytes spill stores, 1246 bytes spill loads
ptxas warning : Local memory used for function '_ZN16marlin_moe_wna166MarlinILl1125899906910725ELl1125899906843648ELl1125899906910725ELl1125899906910725ELi128ELi3ELi8ELi4ELb0ELi4ELi4ELb0EEEvPK4int4S3_PS1_S4_S3_PKfS3_PKtS3_PKiSA_SA_SA_S6_ibiiiiPibbb', size of stack frame: 128 bytes
ptxas warning : Registers are spilled to local memory in function '_ZN16marlin_moe_wna166MarlinILl1125899906910725ELl1125899906843648ELl1125899906910725ELl1125899906910725ELi128ELi3ELi8ELi4ELb0ELi4ELi4ELb0EEEvPK4int4S3_PS1_S4_S3_PKfS3_PKtS3_PKiSA_SA_SA_S6_ibiiiiPibbb', 498 bytes spill stores, 526 bytes spill loads
ptxas warning : Local memory used for function '_ZN16marlin_moe_wna166MarlinILl1125899906910725ELl1125899906843648ELl1125899906910725ELl1125899906910725ELi256ELi3ELi16ELi4ELb0ELi4ELi4ELb0EEEvPK4int4S3_PS1_S4_S3_PKfS3_PKtS3_PKiSA_SA_SA_S6_ibiiiiPibbb', size of stack frame: 120 bytes
ptxas warning : Registers are spilled to local memory in function '_ZN16marlin_moe_wna166MarlinILl1125899906910725ELl1125899906843648ELl1125899906910725ELl1125899906910725ELi256ELi3ELi16ELi4ELb0ELi4ELi4ELb0EEEvPK4int4S3_PS1_S4_S3_PKfS3_PKtS3_PKiSA_SA_SA_S6_ibiiiiPibbb', 494 bytes spill stores, 498 bytes spill loads
ptxas warning : Local memory used for function '_ZN16marlin_moe_wna166MarlinILl1125899906910725ELl1125899906843648ELl1125899906910725ELl1125899906910725ELi128ELi1ELi8ELi4ELb1ELi4ELi4ELb0EEEvPK4int4S3_PS1_S4_S3_PKfS3_PKtS3_PKiSA_SA_SA_S6_ibiiiiPibbb', size of stack frame: 32 bytes
ptxas warning : Local memory used for function '_ZN16marlin_moe_wna166MarlinILl1125899906910725ELl1125899906843648ELl1125899906910725ELl1125899906910725ELi256ELi1ELi8ELi8ELb1ELi4ELi4ELb0EEEvPK4int4S3_PS1_S4_S3_PKfS3_PKtS3_PKiSA_SA_SA_S6_ibiiiiPibbb', size of stack frame: 32 bytes
ptxas warning : Local memory used for function '_ZN16marlin_moe_wna166MarlinILl1125899906910725ELl1125899906843648ELl1125899906910725ELl1125899906910725ELi128ELi4ELi8ELi4ELb0ELi4ELi2ELb0EEEvPK4int4S3_PS1_S4_S3_PKfS3_PKtS3_PKiSA_SA_SA_S6_ibiiiiPibbb', size of stack frame: 288 bytes
ptxas warning : Registers are spilled to local memory in function '_ZN16marlin_moe_wna166MarlinILl1125899906910725ELl1125899906843648ELl1125899906910725ELl1125899906910725ELi128ELi4ELi8ELi4ELb0ELi4ELi2ELb0EEEvPK4int4S3_PS1_S4_S3_PKfS3_PKtS3_PKiSA_SA_SA_S6_ibiiiiPibbb', 1786 bytes spill stores, 1302 bytes spill loads
ptxas warning : Local memory used for function '_ZN16marlin_moe_wna166MarlinILl1125899906910725ELl1125899906843648ELl1125899906910725ELl1125899906910725ELi256ELi4ELi16ELi4ELb0ELi4ELi2ELb0EEEvPK4int4S3_PS1_S4_S3_PKfS3_PKtS3_PKiSA_SA_SA_S6_ibiiiiPibbb', size of stack frame: 280 bytes
ptxas warning : Registers are spilled to local memory in function '_ZN16marlin_moe_wna166MarlinILl1125899906910725ELl1125899906843648ELl1125899906910725ELl1125899906910725ELi256ELi4ELi16ELi4ELb0ELi4ELi2ELb0EEEvPK4int4S3_PS1_S4_S3_PKfS3_PKtS3_PKiSA_SA_SA_S6_ibiiiiPibbb', 1778 bytes spill stores, 1246 bytes spill loads
ptxas warning : Local memory used for function '_ZN16marlin_moe_wna166MarlinILl1125899906910725ELl1125899906843648ELl1125899906910725ELl1125899906910725ELi128ELi3ELi8ELi4ELb0ELi4ELi2ELb0EEEvPK4int4S3_PS1_S4_S3_PKfS3_PKtS3_PKiSA_SA_SA_S6_ibiiiiPibbb', size of stack frame: 128 bytes
ptxas warning : Registers are spilled to local memory in function '_ZN16marlin_moe_wna166MarlinILl1125899906910725ELl1125899906843648ELl1125899906910725ELl1125899906910725ELi128ELi3ELi8ELi4ELb0ELi4ELi2ELb0EEEvPK4int4S3_PS1_S4_S3_PKfS3_PKtS3_PKiSA_SA_SA_S6_ibiiiiPibbb', 538 bytes spill stores, 542 bytes spill loads
ptxas warning : Local memory used for function '_ZN16marlin_moe_wna166MarlinILl1125899906910725ELl1125899906843648ELl1125899906910725ELl1125899906910725ELi256ELi3ELi16ELi4ELb0ELi4ELi2ELb0EEEvPK4int4S3_PS1_S4_S3_PKfS3_PKtS3_PKiSA_SA_SA_S6_ibiiiiPibbb', size of stack frame: 120 bytes
ptxas warning : Registers are spilled to local memory in function '_ZN16marlin_moe_wna166MarlinILl1125899906910725ELl1125899906843648ELl1125899906910725ELl1125899906910725ELi256ELi3ELi16ELi4ELb0ELi4ELi2ELb0EEEvPK4int4S3_PS1_S4_S3_PKfS3_PKtS3_PKiSA_SA_SA_S6_ibiiiiPibbb', 494 bytes spill stores, 498 bytes spill loads
ptxas warning : Local memory used for function '_ZN16marlin_moe_wna166MarlinILl1125899906910725ELl1125899906843648ELl1125899906910725ELl1125899906910725ELi128ELi1ELi8ELi4ELb1ELi4ELi2ELb0EEEvPK4int4S3_PS1_S4_S3_PKfS3_PKtS3_PKiSA_SA_SA_S6_ibiiiiPibbb', size of stack frame: 32 bytes
ptxas warning : Local memory used for function '_ZN16marlin_moe_wna166MarlinILl1125899906910725ELl1125899906843648ELl1125899906910725ELl1125899906910725ELi256ELi1ELi8ELi8ELb1ELi4ELi2ELb0EEEvPK4int4S3_PS1_S4_S3_PKfS3_PKtS3_PKiSA_SA_SA_S6_ibiiiiPibbb', size of stack frame: 32 bytes
ptxas warning : Local memory used for function '_ZN16marlin_moe_wna166MarlinILl1125899906910725ELl1125899906843648ELl1125899906910725ELl1125899906910725ELi128ELi4ELi8ELi4ELb0ELi4ELin1ELb0EEEvPK4int4S3_PS1_S4_S3_PKfS3_PKtS3_PKiSA_SA_SA_S6_ibiiiiPibbb', size of stack frame: 304 bytes
ptxas warning : Registers are spilled to local memory in function '_ZN16marlin_moe_wna166MarlinILl1125899906910725ELl1125899906843648ELl1125899906910725ELl1125899906910725ELi128ELi4ELi8ELi4ELb0ELi4ELin1ELb0EEEvPK4int4S3_PS1_S4_S3_PKfS3_PKtS3_PKiSA_SA_SA_S6_ibiiiiPibbb', 1878 bytes spill stores, 1194 bytes spill loads
ptxas warning : Local memory used for function '_ZN16marlin_moe_wna166MarlinILl1125899906910725ELl1125899906843648ELl1125899906910725ELl1125899906910725ELi256ELi4ELi16ELi4ELb0ELi4ELin1ELb0EEEvPK4int4S3_PS1_S4_S3_PKfS3_PKtS3_PKiSA_SA_SA_S6_ibiiiiPibbb', size of stack frame: 296 bytes
ptxas warning : Registers are spilled to local memory in function '_ZN16marlin_moe_wna166MarlinILl1125899906910725ELl1125899906843648ELl1125899906910725ELl1125899906910725ELi256ELi4ELi16ELi4ELb0ELi4ELin1ELb0EEEvPK4int4S3_PS1_S4_S3_PKfS3_PKtS3_PKiSA_SA_SA_S6_ibiiiiPibbb', 1870 bytes spill stores, 1178 bytes spill loads
ptxas warning : Local memory used for function '_ZN16marlin_moe_wna166MarlinILl1125899906910725ELl1125899906843648ELl1125899906910725ELl1125899906910725ELi128ELi3ELi8ELi4ELb0ELi4ELin1ELb0EEEvPK4int4S3_PS1_S4_S3_PKfS3_PKtS3_PKiSA_SA_SA_S6_ibiiiiPibbb', size of stack frame: 144 bytes
ptxas warning : Registers are spilled to local memory in function '_ZN16marlin_moe_wna166MarlinILl1125899906910725ELl1125899906843648ELl1125899906910725ELl1125899906910725ELi128ELi3ELi8ELi4ELb0ELi4ELin1ELb0EEEvPK4int4S3_PS1_S4_S3_PKfS3_PKtS3_PKiSA_SA_SA_S6_ibiiiiPibbb', 518 bytes spill stores, 394 bytes spill loads
ptxas warning : Local memory used for function '_ZN16marlin_moe_wna166MarlinILl1125899906910725ELl1125899906843648ELl1125899906910725ELl1125899906910725ELi256ELi3ELi16ELi4ELb0ELi4ELin1ELb0EEEvPK4int4S3_PS1_S4_S3_PKfS3_PKtS3_PKiSA_SA_SA_S6_ibiiiiPibbb', size of stack frame: 144 bytes
ptxas warning : Registers are spilled to local memory in function '_ZN16marlin_moe_wna166MarlinILl1125899906910725ELl1125899906843648ELl1125899906910725ELl1125899906910725ELi256ELi3ELi16ELi4ELb0ELi4ELin1ELb0EEEvPK4int4S3_PS1_S4_S3_PKfS3_PKtS3_PKiSA_SA_SA_S6_ibiiiiPibbb', 514 bytes spill stores, 386 bytes spill loads
ptxas warning : Local memory used for function '_ZN16marlin_moe_wna166MarlinILl1125899906910725ELl1125899906843648ELl1125899906910725ELl1125899906910725ELi128ELi1ELi8ELi4ELb1ELi4ELin1ELb0EEEvPK4int4S3_PS1_S4_S3_PKfS3_PKtS3_PKiSA_SA_SA_S6_ibiiiiPibbb', size of stack frame: 64 bytes
ptxas warning : Local memory used for function '_ZN16marlin_moe_wna166MarlinILl1125899906910725ELl1125899906843648ELl1125899906910725ELl1125899906910725ELi256ELi1ELi8ELi8ELb1ELi4ELin1ELb0EEEvPK4int4S3_PS1_S4_S3_PKfS3_PKtS3_PKiSA_SA_SA_S6_ibiiiiPibbb', size of stack frame: 64 bytes
ptxas warning : Local memory used for function '_ZN16marlin_moe_wna166MarlinILl1125899906909960ELl562949953487106ELl1125899906909960ELl2814749767172868ELi128ELi4ELi8ELi4ELb0ELi4ELi1ELb0EEEvPK4int4S3_PS1_S4_S3_PKfS3_PKtS3_PKiSA_SA_SA_S6_ibiiiiPibbb', size of stack frame: 272 bytes
ptxas warning : Registers are spilled to local memory in function '_ZN16marlin_moe_wna166MarlinILl1125899906909960ELl562949953487106ELl1125899906909960ELl2814749767172868ELi128ELi4ELi8ELi4ELb0ELi4ELi1ELb0EEEvPK4int4S3_PS1_S4_S3_PKfS3_PKtS3_PKiSA_SA_SA_S6_ibiiiiPibbb', 1950 bytes spill stores, 1374 bytes spill loads
ptxas warning : Local memory used for function '_ZN16marlin_moe_wna166MarlinILl1125899906909960ELl562949953487106ELl1125899906909960ELl2814749767172868ELi256ELi4ELi16ELi4ELb0ELi4ELi1ELb0EEEvPK4int4S3_PS1_S4_S3_PKfS3_PKtS3_PKiSA_SA_SA_S6_ibiiiiPibbb', size of stack frame: 264 bytes
ptxas warning : Registers are spilled to local memory in function '_ZN16marlin_moe_wna166MarlinILl1125899906909960ELl562949953487106ELl1125899906909960ELl2814749767172868ELi256ELi4ELi16ELi4ELb0ELi4ELi1ELb0EEEvPK4int4S3_PS1_S4_S3_PKfS3_PKtS3_PKiSA_SA_SA_S6_ibiiiiPibbb', 1942 bytes spill stores, 1318 bytes spill loads
ptxas warning : Local memory used for function '_ZN16marlin_moe_wna166MarlinILl1125899906909960ELl562949953487106ELl1125899906909960ELl2814749767172868ELi128ELi3ELi8ELi4ELb0ELi4ELi1ELb0EEEvPK4int4S3_PS1_S4_S3_PKfS3_PKtS3_PKiSA_SA_SA_S6_ibiiiiPibbb', size of stack frame: 120 bytes
ptxas warning : Registers are spilled to local memory in function '_ZN16marlin_moe_wna166MarlinILl1125899906909960ELl562949953487106ELl1125899906909960ELl2814749767172868ELi128ELi3ELi8ELi4ELb0ELi4ELi1ELb0EEEvPK4int4S3_PS1_S4_S3_PKfS3_PKtS3_PKiSA_SA_SA_S6_ibiiiiPibbb', 570 bytes spill stores, 558 bytes spill loads
ptxas warning : Local memory used for function '_ZN16marlin_moe_wna166MarlinILl1125899906909960ELl562949953487106ELl1125899906909960ELl2814749767172868ELi256ELi3ELi16ELi4ELb0ELi4ELi1ELb0EEEvPK4int4S3_PS1_S4_S3_PKfS3_PKtS3_PKiSA_SA_SA_S6_ibiiiiPibbb', size of stack frame: 112 bytes
ptxas warning : Registers are spilled to local memory in function '_ZN16marlin_moe_wna166MarlinILl1125899906909960ELl562949953487106ELl1125899906909960ELl2814749767172868ELi256ELi3ELi16ELi4ELb0ELi4ELi1ELb0EEEvPK4int4S3_PS1_S4_S3_PKfS3_PKtS3_PKiSA_SA_SA_S6_ibiiiiPibbb', 566 bytes spill stores, 530 bytes spill loads
ptxas warning : Local memory used for function '_ZN16marlin_moe_wna166MarlinILl1125899906909960ELl562949953487106ELl1125899906909960ELl2814749767172868ELi128ELi1ELi8ELi4ELb1ELi4ELi1ELb0EEEvPK4int4S3_PS1_S4_S3_PKfS3_PKtS3_PKiSA_SA_SA_S6_ibiiiiPibbb', size of stack frame: 32 bytes
ptxas warning : Local memory used for function '_ZN16marlin_moe_wna166MarlinILl1125899906909960ELl562949953487106ELl1125899906909960ELl2814749767172868ELi256ELi1ELi8ELi8ELb1ELi4ELi1ELb0EEEvPK4int4S3_PS1_S4_S3_PKfS3_PKtS3_PKiSA_SA_SA_S6_ibiiiiPibbb', size of stack frame: 32 bytes
ptxas warning : Local memory used for function '_ZN16marlin_moe_wna166MarlinILl1125899906910725ELl562949953487106ELl1125899906910725ELl2814749767172868ELi128ELi4ELi8ELi4ELb0ELi4ELi1ELb0EEEvPK4int4S3_PS1_S4_S3_PKfS3_PKtS3_PKiSA_SA_SA_S6_ibiiiiPibbb', size of stack frame: 280 bytes
ptxas warning : Registers are spilled to local memory in function '_ZN16marlin_moe_wna166MarlinILl1125899906910725ELl562949953487106ELl1125899906910725ELl2814749767172868ELi128ELi4ELi8ELi4ELb0ELi4ELi1ELb0EEEvPK4int4S3_PS1_S4_S3_PKfS3_PKtS3_PKiSA_SA_SA_S6_ibiiiiPibbb', 1982 bytes spill stores, 1518 bytes spill loads
ptxas warning : Local memory used for function '_ZN16marlin_moe_wna166MarlinILl1125899906910725ELl562949953487106ELl1125899906910725ELl2814749767172868ELi256ELi4ELi16ELi4ELb0ELi4ELi1ELb0EEEvPK4int4S3_PS1_S4_S3_PKfS3_PKtS3_PKiSA_SA_SA_S6_ibiiiiPibbb', size of stack frame: 272 bytes
ptxas warning : Registers are spilled to local memory in function '_ZN16marlin_moe_wna166MarlinILl1125899906910725ELl562949953487106ELl1125899906910725ELl2814749767172868ELi256ELi4ELi16ELi4ELb0ELi4ELi1ELb0EEEvPK4int4S3_PS1_S4_S3_PKfS3_PKtS3_PKiSA_SA_SA_S6_ibiiiiPibbb', 1974 bytes spill stores, 1462 bytes spill loads
ptxas warning : Local memory used for function '_ZN16marlin_moe_wna166MarlinILl1125899906910725ELl562949953487106ELl1125899906910725ELl2814749767172868ELi128ELi3ELi8ELi4ELb0ELi4ELi1ELb0EEEvPK4int4S3_PS1_S4_S3_PKfS3_PKtS3_PKiSA_SA_SA_S6_ibiiiiPibbb', size of stack frame: 120 bytes
ptxas warning : Registers are spilled to local memory in function '_ZN16marlin_moe_wna166MarlinILl1125899906910725ELl562949953487106ELl1125899906910725ELl2814749767172868ELi128ELi3ELi8ELi4ELb0ELi4ELi1ELb0EEEvPK4int4S3_PS1_S4_S3_PKfS3_PKtS3_PKiSA_SA_SA_S6_ibiiiiPibbb', 578 bytes spill stores, 574 bytes spill loads
ptxas warning : Local memory used for function '_ZN16marlin_moe_wna166MarlinILl1125899906910725ELl562949953487106ELl1125899906910725ELl2814749767172868ELi256ELi3ELi16ELi4ELb0ELi4ELi1ELb0EEEvPK4int4S3_PS1_S4_S3_PKfS3_PKtS3_PKiSA_SA_SA_S6_ibiiiiPibbb', size of stack frame: 120 bytes
ptxas warning : Registers are spilled to local memory in function '_ZN16marlin_moe_wna166MarlinILl1125899906910725ELl562949953487106ELl1125899906910725ELl2814749767172868ELi256ELi3ELi16ELi4ELb0ELi4ELi1ELb0EEEvPK4int4S3_PS1_S4_S3_PKfS3_PKtS3_PKiSA_SA_SA_S6_ibiiiiPibbb', 574 bytes spill stores, 546 bytes spill loads
ptxas warning : Local memory used for function '_ZN16marlin_moe_wna166MarlinILl1125899906910725ELl562949953487106ELl1125899906910725ELl2814749767172868ELi128ELi1ELi8ELi4ELb1ELi4ELi1ELb0EEEvPK4int4S3_PS1_S4_S3_PKfS3_PKtS3_PKiSA_SA_SA_S6_ibiiiiPibbb', size of stack frame: 32 bytes
ptxas warning : Local memory used for function '_ZN16marlin_moe_wna166MarlinILl1125899906910725ELl562949953487106ELl1125899906910725ELl2814749767172868ELi256ELi1ELi8ELi8ELb1ELi4ELi1ELb0EEEvPK4int4S3_PS1_S4_S3_PKfS3_PKtS3_PKiSA_SA_SA_S6_ibiiiiPibbb', size of stack frame: 32 bytes
ptxas warning : Local memory used for function '_ZN16marlin_moe_wna1619permute_cols_kernelILi64EEEvPK4int4PKiPS1_S5_S5_S5_iii', size of stack frame: 256 bytes
ptxas warning : Local memory used for function '_ZN16marlin_moe_wna1619permute_cols_kernelILi48EEEvPK4int4PKiPS1_S5_S5_S5_iii', size of stack frame: 192 bytes
ptxas warning : Local memory used for function '_ZN16marlin_moe_wna1619permute_cols_kernelILi32EEEvPK4int4PKiPS1_S5_S5_S5_iii', size of stack frame: 128 bytes
ptxas warning : Local memory used for function '_ZN16marlin_moe_wna166MarlinILl1125899906910725ELl1125899906843648ELl1125899906910725ELl1125899906910725ELi128ELi4ELi8ELi4ELb0ELi4ELi8ELb0EEEvPK4int4S3_PS1_S4_S3_PKfS3_PKtS3_PKiSA_SA_SA_S6_ibiiiiPibbb', size of stack frame: 288 bytes
ptxas warning : Registers are spilled to local memory in function '_ZN16marlin_moe_wna166MarlinILl1125899906910725ELl1125899906843648ELl1125899906910725ELl1125899906910725ELi128ELi4ELi8ELi4ELb0ELi4ELi8ELb0EEEvPK4int4S3_PS1_S4_S3_PKfS3_PKtS3_PKiSA_SA_SA_S6_ibiiiiPibbb', 1762 bytes spill stores, 1170 bytes spill loads
ptxas warning : Local memory used for function '_ZN16marlin_moe_wna166MarlinILl1125899906910725ELl1125899906843648ELl1125899906910725ELl1125899906910725ELi256ELi4ELi16ELi4ELb0ELi4ELi8ELb0EEEvPK4int4S3_PS1_S4_S3_PKfS3_PKtS3_PKiSA_SA_SA_S6_ibiiiiPibbb', size of stack frame: 280 bytes
ptxas warning : Registers are spilled to local memory in function '_ZN16marlin_moe_wna166MarlinILl1125899906910725ELl1125899906843648ELl1125899906910725ELl1125899906910725ELi256ELi4ELi16ELi4ELb0ELi4ELi8ELb0EEEvPK4int4S3_PS1_S4_S3_PKfS3_PKtS3_PKiSA_SA_SA_S6_ibiiiiPibbb', 1754 bytes spill stores, 1146 bytes spill loads
ptxas warning : Local memory used for function '_ZN16marlin_moe_wna166MarlinILl1125899906910725ELl1125899906843648ELl1125899906910725ELl1125899906910725ELi128ELi3ELi8ELi4ELb0ELi4ELi8ELb0EEEvPK4int4S3_PS1_S4_S3_PKfS3_PKtS3_PKiSA_SA_SA_S6_ibiiiiPibbb', size of stack frame: 128 bytes
ptxas warning : Registers are spilled to local memory in function '_ZN16marlin_moe_wna166MarlinILl1125899906910725ELl1125899906843648ELl1125899906910725ELl1125899906910725ELi128ELi3ELi8ELi4ELb0ELi4ELi8ELb0EEEvPK4int4S3_PS1_S4_S3_PKfS3_PKtS3_PKiSA_SA_SA_S6_ibiiiiPibbb', 502 bytes spill stores, 430 bytes spill loads
ptxas warning : Local memory used for function '_ZN16marlin_moe_wna166MarlinILl1125899906910725ELl1125899906843648ELl1125899906910725ELl1125899906910725ELi256ELi3ELi16ELi4ELb0ELi4ELi8ELb0EEEvPK4int4S3_PS1_S4_S3_PKfS3_PKtS3_PKiSA_SA_SA_S6_ibiiiiPibbb', size of stack frame: 120 bytes
ptxas warning : Registers are spilled to local memory in function '_ZN16marlin_moe_wna166MarlinILl1125899906910725ELl1125899906843648ELl1125899906910725ELl1125899906910725ELi256ELi3ELi16ELi4ELb0ELi4ELi8ELb0EEEvPK4int4S3_PS1_S4_S3_PKfS3_PKtS3_PKiSA_SA_SA_S6_ibiiiiPibbb', 498 bytes spill stores, 418 bytes spill loads
ptxas warning : Local memory used for function '_ZN16marlin_moe_wna166MarlinILl1125899906910725ELl1125899906843648ELl1125899906910725ELl1125899906910725ELi128ELi1ELi8ELi4ELb1ELi4ELi8ELb0EEEvPK4int4S3_PS1_S4_S3_PKfS3_PKtS3_PKiSA_SA_SA_S6_ibiiiiPibbb', size of stack frame: 32 bytes
ptxas warning : Local memory used for function '_ZN16marlin_moe_wna166MarlinILl1125899906910725ELl1125899906843648ELl1125899906910725ELl1125899906910725ELi256ELi1ELi8ELi8ELb1ELi4ELi8ELb0EEEvPK4int4S3_PS1_S4_S3_PKfS3_PKtS3_PKiSA_SA_SA_S6_ibiiiiPibbb', size of stack frame: 32 bytes
ptxas warning : Local memory used for function '_ZN16marlin_moe_wna166MarlinILl1125899906910725ELl1125899906843648ELl1125899906910725ELl1125899906910725ELi128ELi4ELi8ELi4ELb0ELi4ELi4ELb0EEEvPK4int4S3_PS1_S4_S3_PKfS3_PKtS3_PKiSA_SA_SA_S6_ibiiiiPibbb', size of stack frame: 288 bytes
ptxas warning : Registers are spilled to local memory in function '_ZN16marlin_moe_wna166MarlinILl1125899906910725ELl1125899906843648ELl1125899906910725ELl1125899906910725ELi128ELi4ELi8ELi4ELb0ELi4ELi4ELb0EEEvPK4int4S3_PS1_S4_S3_PKfS3_PKtS3_PKiSA_SA_SA_S6_ibiiiiPibbb', 1786 bytes spill stores, 1302 bytes spill loads
ptxas warning : Local memory used for function '_ZN16marlin_moe_wna166MarlinILl1125899906910725ELl1125899906843648ELl1125899906910725ELl1125899906910725ELi256ELi4ELi16ELi4ELb0ELi4ELi4ELb0EEEvPK4int4S3_PS1_S4_S3_PKfS3_PKtS3_PKiSA_SA_SA_S6_ibiiiiPibbb', size of stack frame: 280 bytes
ptxas warning : Registers are spilled to local memory in function '_ZN16marlin_moe_wna166MarlinILl1125899906910725ELl1125899906843648ELl1125899906910725ELl1125899906910725ELi256ELi4ELi16ELi4ELb0ELi4ELi4ELb0EEEvPK4int4S3_PS1_S4_S3_PKfS3_PKtS3_PKiSA_SA_SA_S6_ibiiiiPibbb', 1778 bytes spill stores, 1246 bytes spill loads
ptxas warning : Local memory used for function '_ZN16marlin_moe_wna166MarlinILl1125899906910725ELl1125899906843648ELl1125899906910725ELl1125899906910725ELi128ELi3ELi8ELi4ELb0ELi4ELi4ELb0EEEvPK4int4S3_PS1_S4_S3_PKfS3_PKtS3_PKiSA_SA_SA_S6_ibiiiiPibbb', size of stack frame: 128 bytes
ptxas warning : Registers are spilled to local memory in function '_ZN16marlin_moe_wna166MarlinILl1125899906910725ELl1125899906843648ELl1125899906910725ELl1125899906910725ELi128ELi3ELi8ELi4ELb0ELi4ELi4ELb0EEEvPK4int4S3_PS1_S4_S3_PKfS3_PKtS3_PKiSA_SA_SA_S6_ibiiiiPibbb', 498 bytes spill stores, 526 bytes spill loads
ptxas warning : Local memory used for function '_ZN16marlin_moe_wna166MarlinILl1125899906910725ELl1125899906843648ELl1125899906910725ELl1125899906910725ELi256ELi3ELi16ELi4ELb0ELi4ELi4ELb0EEEvPK4int4S3_PS1_S4_S3_PKfS3_PKtS3_PKiSA_SA_SA_S6_ibiiiiPibbb', size of stack frame: 120 bytes
ptxas warning : Registers are spilled to local memory in function '_ZN16marlin_moe_wna166MarlinILl1125899906910725ELl1125899906843648ELl1125899906910725ELl1125899906910725ELi256ELi3ELi16ELi4ELb0ELi4ELi4ELb0EEEvPK4int4S3_PS1_S4_S3_PKfS3_PKtS3_PKiSA_SA_SA_S6_ibiiiiPibbb', 494 bytes spill stores, 498 bytes spill loads
ptxas warning : Local memory used for function '_ZN16marlin_moe_wna166MarlinILl1125899906910725ELl1125899906843648ELl1125899906910725ELl1125899906910725ELi128ELi1ELi8ELi4ELb1ELi4ELi4ELb0EEEvPK4int4S3_PS1_S4_S3_PKfS3_PKtS3_PKiSA_SA_SA_S6_ibiiiiPibbb', size of stack frame: 32 bytes
ptxas warning : Local memory used for function '_ZN16marlin_moe_wna166MarlinILl1125899906910725ELl1125899906843648ELl1125899906910725ELl1125899906910725ELi256ELi1ELi8ELi8ELb1ELi4ELi4ELb0EEEvPK4int4S3_PS1_S4_S3_PKfS3_PKtS3_PKiSA_SA_SA_S6_ibiiiiPibbb', size of stack frame: 32 bytes
ptxas warning : Local memory used for function '_ZN16marlin_moe_wna166MarlinILl1125899906910725ELl1125899906843648ELl1125899906910725ELl1125899906910725ELi128ELi4ELi8ELi4ELb0ELi4ELi2ELb0EEEvPK4int4S3_PS1_S4_S3_PKfS3_PKtS3_PKiSA_SA_SA_S6_ibiiiiPibbb', size of stack frame: 288 bytes
ptxas warning : Registers are spilled to local memory in function '_ZN16marlin_moe_wna166MarlinILl1125899906910725ELl1125899906843648ELl1125899906910725ELl1125899906910725ELi128ELi4ELi8ELi4ELb0ELi4ELi2ELb0EEEvPK4int4S3_PS1_S4_S3_PKfS3_PKtS3_PKiSA_SA_SA_S6_ibiiiiPibbb', 1786 bytes spill stores, 1302 bytes spill loads
ptxas warning : Local memory used for function '_ZN16marlin_moe_wna166MarlinILl1125899906910725ELl1125899906843648ELl1125899906910725ELl1125899906910725ELi256ELi4ELi16ELi4ELb0ELi4ELi2ELb0EEEvPK4int4S3_PS1_S4_S3_PKfS3_PKtS3_PKiSA_SA_SA_S6_ibiiiiPibbb', size of stack frame: 280 bytes
ptxas warning : Registers are spilled to local memory in function '_ZN16marlin_moe_wna166MarlinILl1125899906910725ELl1125899906843648ELl1125899906910725ELl1125899906910725ELi256ELi4ELi16ELi4ELb0ELi4ELi2ELb0EEEvPK4int4S3_PS1_S4_S3_PKfS3_PKtS3_PKiSA_SA_SA_S6_ibiiiiPibbb', 1778 bytes spill stores, 1246 bytes spill loads
ptxas warning : Local memory used for function '_ZN16marlin_moe_wna166MarlinILl1125899906910725ELl1125899906843648ELl1125899906910725ELl1125899906910725ELi128ELi3ELi8ELi4ELb0ELi4ELi2ELb0EEEvPK4int4S3_PS1_S4_S3_PKfS3_PKtS3_PKiSA_SA_SA_S6_ibiiiiPibbb', size of stack frame: 128 bytes
ptxas warning : Registers are spilled to local memory in function '_ZN16marlin_moe_wna166MarlinILl1125899906910725ELl1125899906843648ELl1125899906910725ELl1125899906910725ELi128ELi3ELi8ELi4ELb0ELi4ELi2ELb0EEEvPK4int4S3_PS1_S4_S3_PKfS3_PKtS3_PKiSA_SA_SA_S6_ibiiiiPibbb', 538 bytes spill stores, 542 bytes spill loads
ptxas warning : Local memory used for function '_ZN16marlin_moe_wna166MarlinILl1125899906910725ELl1125899906843648ELl1125899906910725ELl1125899906910725ELi256ELi3ELi16ELi4ELb0ELi4ELi2ELb0EEEvPK4int4S3_PS1_S4_S3_PKfS3_PKtS3_PKiSA_SA_SA_S6_ibiiiiPibbb', size of stack frame: 120 bytes
ptxas warning : Registers are spilled to local memory in function '_ZN16marlin_moe_wna166MarlinILl1125899906910725ELl1125899906843648ELl1125899906910725ELl1125899906910725ELi256ELi3ELi16ELi4ELb0ELi4ELi2ELb0EEEvPK4int4S3_PS1_S4_S3_PKfS3_PKtS3_PKiSA_SA_SA_S6_ibiiiiPibbb', 494 bytes spill stores, 498 bytes spill loads
ptxas warning : Local memory used for function '_ZN16marlin_moe_wna166MarlinILl1125899906910725ELl1125899906843648ELl1125899906910725ELl1125899906910725ELi128ELi1ELi8ELi4ELb1ELi4ELi2ELb0EEEvPK4int4S3_PS1_S4_S3_PKfS3_PKtS3_PKiSA_SA_SA_S6_ibiiiiPibbb', size of stack frame: 32 bytes
ptxas warning : Local memory used for function '_ZN16marlin_moe_wna166MarlinILl1125899906910725ELl1125899906843648ELl1125899906910725ELl1125899906910725ELi256ELi1ELi8ELi8ELb1ELi4ELi2ELb0EEEvPK4int4S3_PS1_S4_S3_PKfS3_PKtS3_PKiSA_SA_SA_S6_ibiiiiPibbb', size of stack frame: 32 bytes
ptxas warning : Local memory used for function '_ZN16marlin_moe_wna166MarlinILl1125899906910725ELl1125899906843648ELl1125899906910725ELl1125899906910725ELi128ELi4ELi8ELi4ELb0ELi4ELin1ELb0EEEvPK4int4S3_PS1_S4_S3_PKfS3_PKtS3_PKiSA_SA_SA_S6_ibiiiiPibbb', size of stack frame: 304 bytes
ptxas warning : Registers are spilled to local memory in function '_ZN16marlin_moe_wna166MarlinILl1125899906910725ELl1125899906843648ELl1125899906910725ELl1125899906910725ELi128ELi4ELi8ELi4ELb0ELi4ELin1ELb0EEEvPK4int4S3_PS1_S4_S3_PKfS3_PKtS3_PKiSA_SA_SA_S6_ibiiiiPibbb', 1878 bytes spill stores, 1194 bytes spill loads
ptxas warning : Local memory used for function '_ZN16marlin_moe_wna166MarlinILl1125899906910725ELl1125899906843648ELl1125899906910725ELl1125899906910725ELi256ELi4ELi16ELi4ELb0ELi4ELin1ELb0EEEvPK4int4S3_PS1_S4_S3_PKfS3_PKtS3_PKiSA_SA_SA_S6_ibiiiiPibbb', size of stack frame: 296 bytes
ptxas warning : Registers are spilled to local memory in function '_ZN16marlin_moe_wna166MarlinILl1125899906910725ELl1125899906843648ELl1125899906910725ELl1125899906910725ELi256ELi4ELi16ELi4ELb0ELi4ELin1ELb0EEEvPK4int4S3_PS1_S4_S3_PKfS3_PKtS3_PKiSA_SA_SA_S6_ibiiiiPibbb', 1870 bytes spill stores, 1178 bytes spill loads
ptxas warning : Local memory used for function '_ZN16marlin_moe_wna166MarlinILl1125899906910725ELl1125899906843648ELl1125899906910725ELl1125899906910725ELi128ELi3ELi8ELi4ELb0ELi4ELin1ELb0EEEvPK4int4S3_PS1_S4_S3_PKfS3_PKtS3_PKiSA_SA_SA_S6_ibiiiiPibbb', size of stack frame: 144 bytes
ptxas warning : Registers are spilled to local memory in function '_ZN16marlin_moe_wna166MarlinILl1125899906910725ELl1125899906843648ELl1125899906910725ELl1125899906910725ELi128ELi3ELi8ELi4ELb0ELi4ELin1ELb0EEEvPK4int4S3_PS1_S4_S3_PKfS3_PKtS3_PKiSA_SA_SA_S6_ibiiiiPibbb', 518 bytes spill stores, 394 bytes spill loads
ptxas warning : Local memory used for function '_ZN16marlin_moe_wna166MarlinILl1125899906910725ELl1125899906843648ELl1125899906910725ELl1125899906910725ELi256ELi3ELi16ELi4ELb0ELi4ELin1ELb0EEEvPK4int4S3_PS1_S4_S3_PKfS3_PKtS3_PKiSA_SA_SA_S6_ibiiiiPibbb', size of stack frame: 144 bytes
ptxas warning : Registers are spilled to local memory in function '_ZN16marlin_moe_wna166MarlinILl1125899906910725ELl1125899906843648ELl1125899906910725ELl1125899906910725ELi256ELi3ELi16ELi4ELb0ELi4ELin1ELb0EEEvPK4int4S3_PS1_S4_S3_PKfS3_PKtS3_PKiSA_SA_SA_S6_ibiiiiPibbb', 514 bytes spill stores, 386 bytes spill loads
ptxas warning : Local memory used for function '_ZN16marlin_moe_wna166MarlinILl1125899906910725ELl1125899906843648ELl1125899906910725ELl1125899906910725ELi128ELi1ELi8ELi4ELb1ELi4ELin1ELb0EEEvPK4int4S3_PS1_S4_S3_PKfS3_PKtS3_PKiSA_SA_SA_S6_ibiiiiPibbb', size of stack frame: 64 bytes
ptxas warning : Local memory used for function '_ZN16marlin_moe_wna166MarlinILl1125899906910725ELl1125899906843648ELl1125899906910725ELl1125899906910725ELi256ELi1ELi8ELi8ELb1ELi4ELin1ELb0EEEvPK4int4S3_PS1_S4_S3_PKfS3_PKtS3_PKiSA_SA_SA_S6_ibiiiiPibbb', size of stack frame: 64 bytes
ptxas warning : Local memory used for function '_ZN16marlin_moe_wna166MarlinILl1125899906909960ELl562949953487106ELl1125899906909960ELl2814749767172868ELi128ELi4ELi8ELi4ELb0ELi4ELi1ELb0EEEvPK4int4S3_PS1_S4_S3_PKfS3_PKtS3_PKiSA_SA_SA_S6_ibiiiiPibbb', size of stack frame: 272 bytes
ptxas warning : Registers are spilled to local memory in function '_ZN16marlin_moe_wna166MarlinILl1125899906909960ELl562949953487106ELl1125899906909960ELl2814749767172868ELi128ELi4ELi8ELi4ELb0ELi4ELi1ELb0EEEvPK4int4S3_PS1_S4_S3_PKfS3_PKtS3_PKiSA_SA_SA_S6_ibiiiiPibbb', 1950 bytes spill stores, 1374 bytes spill loads
ptxas warning : Local memory used for function '_ZN16marlin_moe_wna166MarlinILl1125899906909960ELl562949953487106ELl1125899906909960ELl2814749767172868ELi256ELi4ELi16ELi4ELb0ELi4ELi1ELb0EEEvPK4int4S3_PS1_S4_S3_PKfS3_PKtS3_PKiSA_SA_SA_S6_ibiiiiPibbb', size of stack frame: 264 bytes
ptxas warning : Registers are spilled to local memory in function '_ZN16marlin_moe_wna166MarlinILl1125899906909960ELl562949953487106ELl1125899906909960ELl2814749767172868ELi256ELi4ELi16ELi4ELb0ELi4ELi1ELb0EEEvPK4int4S3_PS1_S4_S3_PKfS3_PKtS3_PKiSA_SA_SA_S6_ibiiiiPibbb', 1942 bytes spill stores, 1318 bytes spill loads
ptxas warning : Local memory used for function '_ZN16marlin_moe_wna166MarlinILl1125899906909960ELl562949953487106ELl1125899906909960ELl2814749767172868ELi128ELi3ELi8ELi4ELb0ELi4ELi1ELb0EEEvPK4int4S3_PS1_S4_S3_PKfS3_PKtS3_PKiSA_SA_SA_S6_ibiiiiPibbb', size of stack frame: 120 bytes
ptxas warning : Registers are spilled to local memory in function '_ZN16marlin_moe_wna166MarlinILl1125899906909960ELl562949953487106ELl1125899906909960ELl2814749767172868ELi128ELi3ELi8ELi4ELb0ELi4ELi1ELb0EEEvPK4int4S3_PS1_S4_S3_PKfS3_PKtS3_PKiSA_SA_SA_S6_ibiiiiPibbb', 570 bytes spill stores, 558 bytes spill loads
ptxas warning : Local memory used for function '_ZN16marlin_moe_wna166MarlinILl1125899906909960ELl562949953487106ELl1125899906909960ELl2814749767172868ELi256ELi3ELi16ELi4ELb0ELi4ELi1ELb0EEEvPK4int4S3_PS1_S4_S3_PKfS3_PKtS3_PKiSA_SA_SA_S6_ibiiiiPibbb', size of stack frame: 112 bytes
ptxas warning : Registers are spilled to local memory in function '_ZN16marlin_moe_wna166MarlinILl1125899906909960ELl562949953487106ELl1125899906909960ELl2814749767172868ELi256ELi3ELi16ELi4ELb0ELi4ELi1ELb0EEEvPK4int4S3_PS1_S4_S3_PKfS3_PKtS3_PKiSA_SA_SA_S6_ibiiiiPibbb', 566 bytes spill stores, 530 bytes spill loads
ptxas warning : Local memory used for function '_ZN16marlin_moe_wna166MarlinILl1125899906909960ELl562949953487106ELl1125899906909960ELl2814749767172868ELi128ELi1ELi8ELi4ELb1ELi4ELi1ELb0EEEvPK4int4S3_PS1_S4_S3_PKfS3_PKtS3_PKiSA_SA_SA_S6_ibiiiiPibbb', size of stack frame: 32 bytes
ptxas warning : Local memory used for function '_ZN16marlin_moe_wna166MarlinILl1125899906909960ELl562949953487106ELl1125899906909960ELl2814749767172868ELi256ELi1ELi8ELi8ELb1ELi4ELi1ELb0EEEvPK4int4S3_PS1_S4_S3_PKfS3_PKtS3_PKiSA_SA_SA_S6_ibiiiiPibbb', size of stack frame: 32 bytes
ptxas warning : Local memory used for function '_ZN16marlin_moe_wna166MarlinILl1125899906910725ELl562949953487106ELl1125899906910725ELl2814749767172868ELi128ELi4ELi8ELi4ELb0ELi4ELi1ELb0EEEvPK4int4S3_PS1_S4_S3_PKfS3_PKtS3_PKiSA_SA_SA_S6_ibiiiiPibbb', size of stack frame: 280 bytes
ptxas warning : Registers are spilled to local memory in function '_ZN16marlin_moe_wna166MarlinILl1125899906910725ELl562949953487106ELl1125899906910725ELl2814749767172868ELi128ELi4ELi8ELi4ELb0ELi4ELi1ELb0EEEvPK4int4S3_PS1_S4_S3_PKfS3_PKtS3_PKiSA_SA_SA_S6_ibiiiiPibbb', 1982 bytes spill stores, 1518 bytes spill loads
ptxas warning : Local memory used for function '_ZN16marlin_moe_wna166MarlinILl1125899906910725ELl562949953487106ELl1125899906910725ELl2814749767172868ELi256ELi4ELi16ELi4ELb0ELi4ELi1ELb0EEEvPK4int4S3_PS1_S4_S3_PKfS3_PKtS3_PKiSA_SA_SA_S6_ibiiiiPibbb', size of stack frame: 272 bytes
ptxas warning : Registers are spilled to local memory in function '_ZN16marlin_moe_wna166MarlinILl1125899906910725ELl562949953487106ELl1125899906910725ELl2814749767172868ELi256ELi4ELi16ELi4ELb0ELi4ELi1ELb0EEEvPK4int4S3_PS1_S4_S3_PKfS3_PKtS3_PKiSA_SA_SA_S6_ibiiiiPibbb', 1974 bytes spill stores, 1462 bytes spill loads
ptxas warning : Local memory used for function '_ZN16marlin_moe_wna166MarlinILl1125899906910725ELl562949953487106ELl1125899906910725ELl2814749767172868ELi128ELi3ELi8ELi4ELb0ELi4ELi1ELb0EEEvPK4int4S3_PS1_S4_S3_PKfS3_PKtS3_PKiSA_SA_SA_S6_ibiiiiPibbb', size of stack frame: 120 bytes
ptxas warning : Registers are spilled to local memory in function '_ZN16marlin_moe_wna166MarlinILl1125899906910725ELl562949953487106ELl1125899906910725ELl2814749767172868ELi128ELi3ELi8ELi4ELb0ELi4ELi1ELb0EEEvPK4int4S3_PS1_S4_S3_PKfS3_PKtS3_PKiSA_SA_SA_S6_ibiiiiPibbb', 578 bytes spill stores, 574 bytes spill loads
ptxas warning : Local memory used for function '_ZN16marlin_moe_wna166MarlinILl1125899906910725ELl562949953487106ELl1125899906910725ELl2814749767172868ELi256ELi3ELi16ELi4ELb0ELi4ELi1ELb0EEEvPK4int4S3_PS1_S4_S3_PKfS3_PKtS3_PKiSA_SA_SA_S6_ibiiiiPibbb', size of stack frame: 120 bytes
ptxas warning : Registers are spilled to local memory in function '_ZN16marlin_moe_wna166MarlinILl1125899906910725ELl562949953487106ELl1125899906910725ELl2814749767172868ELi256ELi3ELi16ELi4ELb0ELi4ELi1ELb0EEEvPK4int4S3_PS1_S4_S3_PKfS3_PKtS3_PKiSA_SA_SA_S6_ibiiiiPibbb', 574 bytes spill stores, 546 bytes spill loads
ptxas warning : Local memory used for function '_ZN16marlin_moe_wna166MarlinILl1125899906910725ELl562949953487106ELl1125899906910725ELl2814749767172868ELi128ELi1ELi8ELi4ELb1ELi4ELi1ELb0EEEvPK4int4S3_PS1_S4_S3_PKfS3_PKtS3_PKiSA_SA_SA_S6_ibiiiiPibbb', size of stack frame: 32 bytes
ptxas warning : Local memory used for function '_ZN16marlin_moe_wna166MarlinILl1125899906910725ELl562949953487106ELl1125899906910725ELl2814749767172868ELi256ELi1ELi8ELi8ELb1ELi4ELi1ELb0EEEvPK4int4S3_PS1_S4_S3_PKfS3_PKtS3_PKiSA_SA_SA_S6_ibiiiiPibbb', size of stack frame: 32 bytes
[ 34%] Building CUDA object cpp/CMakeFiles/edgellmCore.dir/kernels/multiDeviceKernels/scaleConvert.cu.o
nvcc warning : Resource usage is not shown as the final resource allocation is not done.
ptxas /tmp/tmpxft_000ce2d6_00000000-11_scaleConvert.compute_80.ptx, line 124; warning : Program is doing double precision computations.
ptxas /tmp/tmpxft_000ce2d6_00000000-11_scaleConvert.compute_80.ptx, line 124; warning : Program is doing double precision computations.
ptxas /tmp/tmpxft_000ce2d6_00000000-11_scaleConvert.compute_80.ptx, line 124; warning : Program is doing double precision computations.
ptxas /tmp/tmpxft_000ce2d6_00000000-11_scaleConvert.compute_80.ptx, line 124; warning : Program is doing double precision computations.
ptxas /tmp/tmpxft_000ce2d6_00000000-11_scaleConvert.compute_80.ptx, line 444; warning : Program is doing double precision computations.
ptxas /tmp/tmpxft_000ce2d6_00000000-11_scaleConvert.compute_80.ptx, line 444; warning : Program is doing double precision computations.
ptxas /tmp/tmpxft_000ce2d6_00000000-11_scaleConvert.compute_80.ptx, line 444; warning : Program is doing double precision computations.
ptxas /tmp/tmpxft_000ce2d6_00000000-11_scaleConvert.compute_80.ptx, line 444; warning : Program is doing double precision computations.
ptxas /tmp/tmpxft_000ce2d6_00000000-10_scaleConvert.compute_86.ptx, line 124; warning : Program is doing double precision computations.
ptxas /tmp/tmpxft_000ce2d6_00000000-10_scaleConvert.compute_86.ptx, line 124; warning : Program is doing double precision computations.
ptxas /tmp/tmpxft_000ce2d6_00000000-10_scaleConvert.compute_86.ptx, line 124; warning : Program is doing double precision computations.
ptxas /tmp/tmpxft_000ce2d6_00000000-10_scaleConvert.compute_86.ptx, line 124; warning : Program is doing double precision computations.
ptxas /tmp/tmpxft_000ce2d6_00000000-10_scaleConvert.compute_86.ptx, line 444; warning : Program is doing double precision computations.
ptxas /tmp/tmpxft_000ce2d6_00000000-10_scaleConvert.compute_86.ptx, line 444; warning : Program is doing double precision computations.
ptxas /tmp/tmpxft_000ce2d6_00000000-10_scaleConvert.compute_86.ptx, line 444; warning : Program is doing double precision computations.
ptxas /tmp/tmpxft_000ce2d6_00000000-10_scaleConvert.compute_86.ptx, line 444; warning : Program is doing double precision computations.
[ 36%] Building CUDA object cpp/CMakeFiles/edgellmCore.dir/kernels/posEncoding/applyRopeWriteKV.cu.o
nvcc warning : Resource usage is not shown as the final resource allocation is not done.
ptxas /tmp/tmpxft_000ce330_00000000-10_applyRopeWriteKV.compute_86.ptx, line 1278; warning : Program is doing double precision computations.
ptxas /tmp/tmpxft_000ce330_00000000-10_applyRopeWriteKV.compute_86.ptx, line 1278; warning : Program is doing double precision computations.
ptxas /tmp/tmpxft_000ce330_00000000-10_applyRopeWriteKV.compute_86.ptx, line 1278; warning : Program is doing double precision computations.
ptxas /tmp/tmpxft_000ce330_00000000-10_applyRopeWriteKV.compute_86.ptx, line 1278; warning : Program is doing double precision computations.
ptxas /tmp/tmpxft_000ce330_00000000-10_applyRopeWriteKV.compute_86.ptx, line 1610; warning : Program is doing double precision computations.
ptxas /tmp/tmpxft_000ce330_00000000-10_applyRopeWriteKV.compute_86.ptx, line 1610; warning : Program is doing double precision computations.
ptxas /tmp/tmpxft_000ce330_00000000-10_applyRopeWriteKV.compute_86.ptx, line 1610; warning : Program is doing double precision computations.
ptxas /tmp/tmpxft_000ce330_00000000-10_applyRopeWriteKV.compute_86.ptx, line 1610; warning : Program is doing double precision computations.
ptxas /tmp/tmpxft_000ce330_00000000-10_applyRopeWriteKV.compute_86.ptx, line 1728; warning : Program is doing double precision computations.
ptxas /tmp/tmpxft_000ce330_00000000-10_applyRopeWriteKV.compute_86.ptx, line 1728; warning : Program is doing double precision computations.
ptxas /tmp/tmpxft_000ce330_00000000-10_applyRopeWriteKV.compute_86.ptx, line 1728; warning : Program is doing double precision computations.
ptxas /tmp/tmpxft_000ce330_00000000-10_applyRopeWriteKV.compute_86.ptx, line 1728; warning : Program is doing double precision computations.
ptxas /tmp/tmpxft_000ce330_00000000-10_applyRopeWriteKV.compute_86.ptx, line 1846; warning : Program is doing double precision computations.
ptxas /tmp/tmpxft_000ce330_00000000-10_applyRopeWriteKV.compute_86.ptx, line 1846; warning : Program is doing double precision computations.
ptxas /tmp/tmpxft_000ce330_00000000-10_applyRopeWriteKV.compute_86.ptx, line 1846; warning : Program is doing double precision computations.
ptxas /tmp/tmpxft_000ce330_00000000-10_applyRopeWriteKV.compute_86.ptx, line 1846; warning : Program is doing double precision computations.
ptxas /tmp/tmpxft_000ce330_00000000-10_applyRopeWriteKV.compute_86.ptx, line 1966; warning : Program is doing double precision computations.
ptxas /tmp/tmpxft_000ce330_00000000-10_applyRopeWriteKV.compute_86.ptx, line 1966; warning : Program is doing double precision computations.
ptxas /tmp/tmpxft_000ce330_00000000-10_applyRopeWriteKV.compute_86.ptx, line 1966; warning : Program is doing double precision computations.
ptxas /tmp/tmpxft_000ce330_00000000-10_applyRopeWriteKV.compute_86.ptx, line 1966; warning : Program is doing double precision computations.
ptxas /tmp/tmpxft_000ce330_00000000-10_applyRopeWriteKV.compute_86.ptx, line 2082; warning : Program is doing double precision computations.
ptxas /tmp/tmpxft_000ce330_00000000-10_applyRopeWriteKV.compute_86.ptx, line 2082; warning : Program is doing double precision computations.
ptxas /tmp/tmpxft_000ce330_00000000-10_applyRopeWriteKV.compute_86.ptx, line 2082; warning : Program is doing double precision computations.
ptxas /tmp/tmpxft_000ce330_00000000-10_applyRopeWriteKV.compute_86.ptx, line 2082; warning : Program is doing double precision computations.
ptxas /tmp/tmpxft_000ce330_00000000-10_applyRopeWriteKV.compute_86.ptx, line 2200; warning : Program is doing double precision computations.
ptxas /tmp/tmpxft_000ce330_00000000-10_applyRopeWriteKV.compute_86.ptx, line 2200; warning : Program is doing double precision computations.
ptxas /tmp/tmpxft_000ce330_00000000-10_applyRopeWriteKV.compute_86.ptx, line 2200; warning : Program is doing double precision computations.
ptxas /tmp/tmpxft_000ce330_00000000-10_applyRopeWriteKV.compute_86.ptx, line 2200; warning : Program is doing double precision computations.
ptxas /tmp/tmpxft_000ce330_00000000-10_applyRopeWriteKV.compute_86.ptx, line 2318; warning : Program is doing double precision computations.
ptxas /tmp/tmpxft_000ce330_00000000-10_applyRopeWriteKV.compute_86.ptx, line 2318; warning : Program is doing double precision computations.
ptxas /tmp/tmpxft_000ce330_00000000-10_applyRopeWriteKV.compute_86.ptx, line 2318; warning : Program is doing double precision computations.
ptxas /tmp/tmpxft_000ce330_00000000-10_applyRopeWriteKV.compute_86.ptx, line 2318; warning : Program is doing double precision computations.
ptxas /tmp/tmpxft_000ce330_00000000-10_applyRopeWriteKV.compute_86.ptx, line 2485; warning : Program is doing double precision computations.
ptxas /tmp/tmpxft_000ce330_00000000-10_applyRopeWriteKV.compute_86.ptx, line 2485; warning : Program is doing double precision computations.
ptxas /tmp/tmpxft_000ce330_00000000-10_applyRopeWriteKV.compute_86.ptx, line 2485; warning : Program is doing double precision computations.
ptxas /tmp/tmpxft_000ce330_00000000-10_applyRopeWriteKV.compute_86.ptx, line 2485; warning : Program is doing double precision computations.
ptxas /tmp/tmpxft_000ce330_00000000-10_applyRopeWriteKV.compute_86.ptx, line 2602; warning : Program is doing double precision computations.
ptxas /tmp/tmpxft_000ce330_00000000-10_applyRopeWriteKV.compute_86.ptx, line 2602; warning : Program is doing double precision computations.
ptxas /tmp/tmpxft_000ce330_00000000-10_applyRopeWriteKV.compute_86.ptx, line 2602; warning : Program is doing double precision computations.
ptxas /tmp/tmpxft_000ce330_00000000-10_applyRopeWriteKV.compute_86.ptx, line 2602; warning : Program is doing double precision computations.
ptxas /tmp/tmpxft_000ce330_00000000-10_applyRopeWriteKV.compute_86.ptx, line 2720; warning : Program is doing double precision computations.
ptxas /tmp/tmpxft_000ce330_00000000-10_applyRopeWriteKV.compute_86.ptx, line 2720; warning : Program is doing double precision computations.
ptxas /tmp/tmpxft_000ce330_00000000-10_applyRopeWriteKV.compute_86.ptx, line 2720; warning : Program is doing double precision computations.
ptxas /tmp/tmpxft_000ce330_00000000-10_applyRopeWriteKV.compute_86.ptx, line 2720; warning : Program is doing double precision computations.
ptxas /tmp/tmpxft_000ce330_00000000-10_applyRopeWriteKV.compute_86.ptx, line 2838; warning : Program is doing double precision computations.
ptxas /tmp/tmpxft_000ce330_00000000-10_applyRopeWriteKV.compute_86.ptx, line 2838; warning : Program is doing double precision computations.
ptxas /tmp/tmpxft_000ce330_00000000-10_applyRopeWriteKV.compute_86.ptx, line 2838; warning : Program is doing double precision computations.
ptxas /tmp/tmpxft_000ce330_00000000-10_applyRopeWriteKV.compute_86.ptx, line 2838; warning : Program is doing double precision computations.
ptxas /tmp/tmpxft_000ce330_00000000-10_applyRopeWriteKV.compute_86.ptx, line 2958; warning : Program is doing double precision computations.
ptxas /tmp/tmpxft_000ce330_00000000-10_applyRopeWriteKV.compute_86.ptx, line 2958; warning : Program is doing double precision computations.
ptxas /tmp/tmpxft_000ce330_00000000-10_applyRopeWriteKV.compute_86.ptx, line 2958; warning : Program is doing double precision computations.
ptxas /tmp/tmpxft_000ce330_00000000-10_applyRopeWriteKV.compute_86.ptx, line 2958; warning : Program is doing double precision computations.
ptxas /tmp/tmpxft_000ce330_00000000-10_applyRopeWriteKV.compute_86.ptx, line 3074; warning : Program is doing double precision computations.
ptxas /tmp/tmpxft_000ce330_00000000-10_applyRopeWriteKV.compute_86.ptx, line 3074; warning : Program is doing double precision computations.
ptxas /tmp/tmpxft_000ce330_00000000-10_applyRopeWriteKV.compute_86.ptx, line 3074; warning : Program is doing double precision computations.
ptxas /tmp/tmpxft_000ce330_00000000-10_applyRopeWriteKV.compute_86.ptx, line 3074; warning : Program is doing double precision computations.
ptxas /tmp/tmpxft_000ce330_00000000-10_applyRopeWriteKV.compute_86.ptx, line 3192; warning : Program is doing double precision computations.
ptxas /tmp/tmpxft_000ce330_00000000-10_applyRopeWriteKV.compute_86.ptx, line 3192; warning : Program is doing double precision computations.
ptxas /tmp/tmpxft_000ce330_00000000-10_applyRopeWriteKV.compute_86.ptx, line 3192; warning : Program is doing double precision computations.
ptxas /tmp/tmpxft_000ce330_00000000-10_applyRopeWriteKV.compute_86.ptx, line 3192; warning : Program is doing double precision computations.
ptxas /tmp/tmpxft_000ce330_00000000-10_applyRopeWriteKV.compute_86.ptx, line 3310; warning : Program is doing double precision computations.
ptxas /tmp/tmpxft_000ce330_00000000-10_applyRopeWriteKV.compute_86.ptx, line 3310; warning : Program is doing double precision computations.
ptxas /tmp/tmpxft_000ce330_00000000-10_applyRopeWriteKV.compute_86.ptx, line 3310; warning : Program is doing double precision computations.
ptxas /tmp/tmpxft_000ce330_00000000-10_applyRopeWriteKV.compute_86.ptx, line 3310; warning : Program is doing double precision computations.
ptxas /tmp/tmpxft_000ce330_00000000-10_applyRopeWriteKV.compute_86.ptx, line 3797; warning : Program is doing double precision computations.
ptxas /tmp/tmpxft_000ce330_00000000-10_applyRopeWriteKV.compute_86.ptx, line 3797; warning : Program is doing double precision computations.
ptxas /tmp/tmpxft_000ce330_00000000-10_applyRopeWriteKV.compute_86.ptx, line 3797; warning : Program is doing double precision computations.
ptxas /tmp/tmpxft_000ce330_00000000-10_applyRopeWriteKV.compute_86.ptx, line 3797; warning : Program is doing double precision computations.
ptxas /tmp/tmpxft_000ce330_00000000-10_applyRopeWriteKV.compute_86.ptx, line 4232; warning : Program is doing double precision computations.
ptxas /tmp/tmpxft_000ce330_00000000-10_applyRopeWriteKV.compute_86.ptx, line 4232; warning : Program is doing double precision computations.
ptxas /tmp/tmpxft_000ce330_00000000-10_applyRopeWriteKV.compute_86.ptx, line 4232; warning : Program is doing double precision computations.
ptxas /tmp/tmpxft_000ce330_00000000-10_applyRopeWriteKV.compute_86.ptx, line 4232; warning : Program is doing double precision computations.
ptxas /tmp/tmpxft_000ce330_00000000-10_applyRopeWriteKV.compute_86.ptx, line 4350; warning : Program is doing double precision computations.
ptxas /tmp/tmpxft_000ce330_00000000-10_applyRopeWriteKV.compute_86.ptx, line 4350; warning : Program is doing double precision computations.
ptxas /tmp/tmpxft_000ce330_00000000-10_applyRopeWriteKV.compute_86.ptx, line 4350; warning : Program is doing double precision computations.
ptxas /tmp/tmpxft_000ce330_00000000-10_applyRopeWriteKV.compute_86.ptx, line 4350; warning : Program is doing double precision computations.
ptxas /tmp/tmpxft_000ce330_00000000-10_applyRopeWriteKV.compute_86.ptx, line 4468; warning : Program is doing double precision computations.
ptxas /tmp/tmpxft_000ce330_00000000-10_applyRopeWriteKV.compute_86.ptx, line 4468; warning : Program is doing double precision computations.
ptxas /tmp/tmpxft_000ce330_00000000-10_applyRopeWriteKV.compute_86.ptx, line 4468; warning : Program is doing double precision computations.
ptxas /tmp/tmpxft_000ce330_00000000-10_applyRopeWriteKV.compute_86.ptx, line 4468; warning : Program is doing double precision computations.
ptxas /tmp/tmpxft_000ce330_00000000-10_applyRopeWriteKV.compute_86.ptx, line 4588; warning : Program is doing double precision computations.
ptxas /tmp/tmpxft_000ce330_00000000-10_applyRopeWriteKV.compute_86.ptx, line 4588; warning : Program is doing double precision computations.
ptxas /tmp/tmpxft_000ce330_00000000-10_applyRopeWriteKV.compute_86.ptx, line 4588; warning : Program is doing double precision computations.
ptxas /tmp/tmpxft_000ce330_00000000-10_applyRopeWriteKV.compute_86.ptx, line 4588; warning : Program is doing double precision computations.
ptxas /tmp/tmpxft_000ce330_00000000-10_applyRopeWriteKV.compute_86.ptx, line 4704; warning : Program is doing double precision computations.
ptxas /tmp/tmpxft_000ce330_00000000-10_applyRopeWriteKV.compute_86.ptx, line 4704; warning : Program is doing double precision computations.
ptxas /tmp/tmpxft_000ce330_00000000-10_applyRopeWriteKV.compute_86.ptx, line 4704; warning : Program is doing double precision computations.
ptxas /tmp/tmpxft_000ce330_00000000-10_applyRopeWriteKV.compute_86.ptx, line 4704; warning : Program is doing double precision computations.
ptxas /tmp/tmpxft_000ce330_00000000-10_applyRopeWriteKV.compute_86.ptx, line 4822; warning : Program is doing double precision computations.
ptxas /tmp/tmpxft_000ce330_00000000-10_applyRopeWriteKV.compute_86.ptx, line 4822; warning : Program is doing double precision computations.
ptxas /tmp/tmpxft_000ce330_00000000-10_applyRopeWriteKV.compute_86.ptx, line 4822; warning : Program is doing double precision computations.
ptxas /tmp/tmpxft_000ce330_00000000-10_applyRopeWriteKV.compute_86.ptx, line 4822; warning : Program is doing double precision computations.
ptxas /tmp/tmpxft_000ce330_00000000-10_applyRopeWriteKV.compute_86.ptx, line 4940; warning : Program is doing double precision computations.
ptxas /tmp/tmpxft_000ce330_00000000-10_applyRopeWriteKV.compute_86.ptx, line 4940; warning : Program is doing double precision computations.
ptxas /tmp/tmpxft_000ce330_00000000-10_applyRopeWriteKV.compute_86.ptx, line 4940; warning : Program is doing double precision computations.
ptxas /tmp/tmpxft_000ce330_00000000-10_applyRopeWriteKV.compute_86.ptx, line 4940; warning : Program is doing double precision computations.
ptxas /tmp/tmpxft_000ce330_00000000-10_applyRopeWriteKV.compute_86.ptx, line 5428; warning : Program is doing double precision computations.
ptxas /tmp/tmpxft_000ce330_00000000-10_applyRopeWriteKV.compute_86.ptx, line 5428; warning : Program is doing double precision computations.
ptxas /tmp/tmpxft_000ce330_00000000-10_applyRopeWriteKV.compute_86.ptx, line 5428; warning : Program is doing double precision computations.
ptxas /tmp/tmpxft_000ce330_00000000-10_applyRopeWriteKV.compute_86.ptx, line 5428; warning : Program is doing double precision computations.
ptxas /tmp/tmpxft_000ce330_00000000-10_applyRopeWriteKV.compute_86.ptx, line 5777; warning : Program is doing double precision computations.
ptxas /tmp/tmpxft_000ce330_00000000-10_applyRopeWriteKV.compute_86.ptx, line 5777; warning : Program is doing double precision computations.
ptxas /tmp/tmpxft_000ce330_00000000-10_applyRopeWriteKV.compute_86.ptx, line 5777; warning : Program is doing double precision computations.
ptxas /tmp/tmpxft_000ce330_00000000-10_applyRopeWriteKV.compute_86.ptx, line 5777; warning : Program is doing double precision computations.
ptxas /tmp/tmpxft_000ce330_00000000-10_applyRopeWriteKV.compute_86.ptx, line 5900; warning : Program is doing double precision computations.
ptxas /tmp/tmpxft_000ce330_00000000-10_applyRopeWriteKV.compute_86.ptx, line 5900; warning : Program is doing double precision computations.
ptxas /tmp/tmpxft_000ce330_00000000-10_applyRopeWriteKV.compute_86.ptx, line 5900; warning : Program is doing double precision computations.
ptxas /tmp/tmpxft_000ce330_00000000-10_applyRopeWriteKV.compute_86.ptx, line 5900; warning : Program is doing double precision computations.
ptxas /tmp/tmpxft_000ce330_00000000-10_applyRopeWriteKV.compute_86.ptx, line 6018; warning : Program is doing double precision computations.
ptxas /tmp/tmpxft_000ce330_00000000-10_applyRopeWriteKV.compute_86.ptx, line 6018; warning : Program is doing double precision computations.
ptxas /tmp/tmpxft_000ce330_00000000-10_applyRopeWriteKV.compute_86.ptx, line 6018; warning : Program is doing double precision computations.
ptxas /tmp/tmpxft_000ce330_00000000-10_applyRopeWriteKV.compute_86.ptx, line 6018; warning : Program is doing double precision computations.
ptxas /tmp/tmpxft_000ce330_00000000-10_applyRopeWriteKV.compute_86.ptx, line 6136; warning : Program is doing double precision computations.
ptxas /tmp/tmpxft_000ce330_00000000-10_applyRopeWriteKV.compute_86.ptx, line 6136; warning : Program is doing double precision computations.
ptxas /tmp/tmpxft_000ce330_00000000-10_applyRopeWriteKV.compute_86.ptx, line 6136; warning : Program is doing double precision computations.
ptxas /tmp/tmpxft_000ce330_00000000-10_applyRopeWriteKV.compute_86.ptx, line 6136; warning : Program is doing double precision computations.
ptxas /tmp/tmpxft_000ce330_00000000-10_applyRopeWriteKV.compute_86.ptx, line 6256; warning : Program is doing double precision computations.
ptxas /tmp/tmpxft_000ce330_00000000-10_applyRopeWriteKV.compute_86.ptx, line 6256; warning : Program is doing double precision computations.
ptxas /tmp/tmpxft_000ce330_00000000-10_applyRopeWriteKV.compute_86.ptx, line 6256; warning : Program is doing double precision computations.
ptxas /tmp/tmpxft_000ce330_00000000-10_applyRopeWriteKV.compute_86.ptx, line 6256; warning : Program is doing double precision computations.
ptxas /tmp/tmpxft_000ce330_00000000-10_applyRopeWriteKV.compute_86.ptx, line 6372; warning : Program is doing double precision computations.
ptxas /tmp/tmpxft_000ce330_00000000-10_applyRopeWriteKV.compute_86.ptx, line 6372; warning : Program is doing double precision computations.
ptxas /tmp/tmpxft_000ce330_00000000-10_applyRopeWriteKV.compute_86.ptx, line 6372; warning : Program is doing double precision computations.
ptxas /tmp/tmpxft_000ce330_00000000-10_applyRopeWriteKV.compute_86.ptx, line 6372; warning : Program is doing double precision computations.
ptxas /tmp/tmpxft_000ce330_00000000-10_applyRopeWriteKV.compute_86.ptx, line 6490; warning : Program is doing double precision computations.
ptxas /tmp/tmpxft_000ce330_00000000-10_applyRopeWriteKV.compute_86.ptx, line 6490; warning : Program is doing double precision computations.
ptxas /tmp/tmpxft_000ce330_00000000-10_applyRopeWriteKV.compute_86.ptx, line 6490; warning : Program is doing double precision computations.
ptxas /tmp/tmpxft_000ce330_00000000-10_applyRopeWriteKV.compute_86.ptx, line 6490; warning : Program is doing double precision computations.
ptxas /tmp/tmpxft_000ce330_00000000-10_applyRopeWriteKV.compute_86.ptx, line 6608; warning : Program is doing double precision computations.
ptxas /tmp/tmpxft_000ce330_00000000-10_applyRopeWriteKV.compute_86.ptx, line 6608; warning : Program is doing double precision computations.
ptxas /tmp/tmpxft_000ce330_00000000-10_applyRopeWriteKV.compute_86.ptx, line 6608; warning : Program is doing double precision computations.
ptxas /tmp/tmpxft_000ce330_00000000-10_applyRopeWriteKV.compute_86.ptx, line 6608; warning : Program is doing double precision computations.
ptxas /tmp/tmpxft_000ce330_00000000-10_applyRopeWriteKV.compute_86.ptx, line 6768; warning : Program is doing double precision computations.
ptxas /tmp/tmpxft_000ce330_00000000-10_applyRopeWriteKV.compute_86.ptx, line 6768; warning : Program is doing double precision computations.
ptxas /tmp/tmpxft_000ce330_00000000-10_applyRopeWriteKV.compute_86.ptx, line 6768; warning : Program is doing double precision computations.
ptxas /tmp/tmpxft_000ce330_00000000-10_applyRopeWriteKV.compute_86.ptx, line 6768; warning : Program is doing double precision computations.
ptxas /tmp/tmpxft_000ce330_00000000-10_applyRopeWriteKV.compute_86.ptx, line 6886; warning : Program is doing double precision computations.
ptxas /tmp/tmpxft_000ce330_00000000-10_applyRopeWriteKV.compute_86.ptx, line 6886; warning : Program is doing double precision computations.
ptxas /tmp/tmpxft_000ce330_00000000-10_applyRopeWriteKV.compute_86.ptx, line 6886; warning : Program is doing double precision computations.
ptxas /tmp/tmpxft_000ce330_00000000-10_applyRopeWriteKV.compute_86.ptx, line 6886; warning : Program is doing double precision computations.
ptxas /tmp/tmpxft_000ce330_00000000-10_applyRopeWriteKV.compute_86.ptx, line 7004; warning : Program is doing double precision computations.
ptxas /tmp/tmpxft_000ce330_00000000-10_applyRopeWriteKV.compute_86.ptx, line 7004; warning : Program is doing double precision computations.
ptxas /tmp/tmpxft_000ce330_00000000-10_applyRopeWriteKV.compute_86.ptx, line 7004; warning : Program is doing double precision computations.
ptxas /tmp/tmpxft_000ce330_00000000-10_applyRopeWriteKV.compute_86.ptx, line 7004; warning : Program is doing double precision computations.
ptxas /tmp/tmpxft_000ce330_00000000-10_applyRopeWriteKV.compute_86.ptx, line 7124; warning : Program is doing double precision computations.
ptxas /tmp/tmpxft_000ce330_00000000-10_applyRopeWriteKV.compute_86.ptx, line 7124; warning : Program is doing double precision computations.
ptxas /tmp/tmpxft_000ce330_00000000-10_applyRopeWriteKV.compute_86.ptx, line 7124; warning : Program is doing double precision computations.
ptxas /tmp/tmpxft_000ce330_00000000-10_applyRopeWriteKV.compute_86.ptx, line 7124; warning : Program is doing double precision computations.
ptxas /tmp/tmpxft_000ce330_00000000-10_applyRopeWriteKV.compute_86.ptx, line 7240; warning : Program is doing double precision computations.
ptxas /tmp/tmpxft_000ce330_00000000-10_applyRopeWriteKV.compute_86.ptx, line 7240; warning : Program is doing double precision computations.
ptxas /tmp/tmpxft_000ce330_00000000-10_applyRopeWriteKV.compute_86.ptx, line 7240; warning : Program is doing double precision computations.
ptxas /tmp/tmpxft_000ce330_00000000-10_applyRopeWriteKV.compute_86.ptx, line 7240; warning : Program is doing double precision computations.
ptxas /tmp/tmpxft_000ce330_00000000-10_applyRopeWriteKV.compute_86.ptx, line 7358; warning : Program is doing double precision computations.
ptxas /tmp/tmpxft_000ce330_00000000-10_applyRopeWriteKV.compute_86.ptx, line 7358; warning : Program is doing double precision computations.
ptxas /tmp/tmpxft_000ce330_00000000-10_applyRopeWriteKV.compute_86.ptx, line 7358; warning : Program is doing double precision computations.
ptxas /tmp/tmpxft_000ce330_00000000-10_applyRopeWriteKV.compute_86.ptx, line 7358; warning : Program is doing double precision computations.
ptxas /tmp/tmpxft_000ce330_00000000-10_applyRopeWriteKV.compute_86.ptx, line 7476; warning : Program is doing double precision computations.
ptxas /tmp/tmpxft_000ce330_00000000-10_applyRopeWriteKV.compute_86.ptx, line 7476; warning : Program is doing double precision computations.
ptxas /tmp/tmpxft_000ce330_00000000-10_applyRopeWriteKV.compute_86.ptx, line 7476; warning : Program is doing double precision computations.
ptxas /tmp/tmpxft_000ce330_00000000-10_applyRopeWriteKV.compute_86.ptx, line 7476; warning : Program is doing double precision computations.
ptxas /tmp/tmpxft_000ce330_00000000-10_applyRopeWriteKV.compute_86.ptx, line 7643; warning : Program is doing double precision computations.
ptxas /tmp/tmpxft_000ce330_00000000-10_applyRopeWriteKV.compute_86.ptx, line 7643; warning : Program is doing double precision computations.
ptxas /tmp/tmpxft_000ce330_00000000-10_applyRopeWriteKV.compute_86.ptx, line 7643; warning : Program is doing double precision computations.
ptxas /tmp/tmpxft_000ce330_00000000-10_applyRopeWriteKV.compute_86.ptx, line 7643; warning : Program is doing double precision computations.
ptxas /tmp/tmpxft_000ce330_00000000-10_applyRopeWriteKV.compute_86.ptx, line 7760; warning : Program is doing double precision computations.
ptxas /tmp/tmpxft_000ce330_00000000-10_applyRopeWriteKV.compute_86.ptx, line 7760; warning : Program is doing double precision computations.
ptxas /tmp/tmpxft_000ce330_00000000-10_applyRopeWriteKV.compute_86.ptx, line 7760; warning : Program is doing double precision computations.
ptxas /tmp/tmpxft_000ce330_00000000-10_applyRopeWriteKV.compute_86.ptx, line 7760; warning : Program is doing double precision computations.
ptxas /tmp/tmpxft_000ce330_00000000-10_applyRopeWriteKV.compute_86.ptx, line 7878; warning : Program is doing double precision computations.
ptxas /tmp/tmpxft_000ce330_00000000-10_applyRopeWriteKV.compute_86.ptx, line 7878; warning : Program is doing double precision computations.
ptxas /tmp/tmpxft_000ce330_00000000-10_applyRopeWriteKV.compute_86.ptx, line 7878; warning : Program is doing double precision computations.
ptxas /tmp/tmpxft_000ce330_00000000-10_applyRopeWriteKV.compute_86.ptx, line 7878; warning : Program is doing double precision computations.
ptxas /tmp/tmpxft_000ce330_00000000-10_applyRopeWriteKV.compute_86.ptx, line 7996; warning : Program is doing double precision computations.
ptxas /tmp/tmpxft_000ce330_00000000-10_applyRopeWriteKV.compute_86.ptx, line 7996; warning : Program is doing double precision computations.
ptxas /tmp/tmpxft_000ce330_00000000-10_applyRopeWriteKV.compute_86.ptx, line 7996; warning : Program is doing double precision computations.
ptxas /tmp/tmpxft_000ce330_00000000-10_applyRopeWriteKV.compute_86.ptx, line 7996; warning : Program is doing double precision computations.
ptxas /tmp/tmpxft_000ce330_00000000-10_applyRopeWriteKV.compute_86.ptx, line 8116; warning : Program is doing double precision computations.
ptxas /tmp/tmpxft_000ce330_00000000-10_applyRopeWriteKV.compute_86.ptx, line 8116; warning : Program is doing double precision computations.
ptxas /tmp/tmpxft_000ce330_00000000-10_applyRopeWriteKV.compute_86.ptx, line 8116; warning : Program is doing double precision computations.
ptxas /tmp/tmpxft_000ce330_00000000-10_applyRopeWriteKV.compute_86.ptx, line 8116; warning : Program is doing double precision computations.
ptxas /tmp/tmpxft_000ce330_00000000-10_applyRopeWriteKV.compute_86.ptx, line 8232; warning : Program is doing double precision computations.
ptxas /tmp/tmpxft_000ce330_00000000-10_applyRopeWriteKV.compute_86.ptx, line 8232; warning : Program is doing double precision computations.
ptxas /tmp/tmpxft_000ce330_00000000-10_applyRopeWriteKV.compute_86.ptx, line 8232; warning : Program is doing double precision computations.
ptxas /tmp/tmpxft_000ce330_00000000-10_applyRopeWriteKV.compute_86.ptx, line 8232; warning : Program is doing double precision computations.
ptxas /tmp/tmpxft_000ce330_00000000-10_applyRopeWriteKV.compute_86.ptx, line 8350; warning : Program is doing double precision computations.
ptxas /tmp/tmpxft_000ce330_00000000-10_applyRopeWriteKV.compute_86.ptx, line 8350; warning : Program is doing double precision computations.
ptxas /tmp/tmpxft_000ce330_00000000-10_applyRopeWriteKV.compute_86.ptx, line 8350; warning : Program is doing double precision computations.
ptxas /tmp/tmpxft_000ce330_00000000-10_applyRopeWriteKV.compute_86.ptx, line 8350; warning : Program is doing double precision computations.
ptxas /tmp/tmpxft_000ce330_00000000-10_applyRopeWriteKV.compute_86.ptx, line 8468; warning : Program is doing double precision computations.
ptxas /tmp/tmpxft_000ce330_00000000-10_applyRopeWriteKV.compute_86.ptx, line 8468; warning : Program is doing double precision computations.
ptxas /tmp/tmpxft_000ce330_00000000-10_applyRopeWriteKV.compute_86.ptx, line 8468; warning : Program is doing double precision computations.
ptxas /tmp/tmpxft_000ce330_00000000-10_applyRopeWriteKV.compute_86.ptx, line 8468; warning : Program is doing double precision computations.
ptxas /tmp/tmpxft_000ce330_00000000-10_applyRopeWriteKV.compute_86.ptx, line 10207; warning : Program is doing double precision computations.
ptxas /tmp/tmpxft_000ce330_00000000-10_applyRopeWriteKV.compute_86.ptx, line 10207; warning : Program is doing double precision computations.
ptxas /tmp/tmpxft_000ce330_00000000-10_applyRopeWriteKV.compute_86.ptx, line 10207; warning : Program is doing double precision computations.
ptxas /tmp/tmpxft_000ce330_00000000-10_applyRopeWriteKV.compute_86.ptx, line 10207; warning : Program is doing double precision computations.
ptxas /tmp/tmpxft_000ce330_00000000-10_applyRopeWriteKV.compute_86.ptx, line 11102; warning : Program is doing double precision computations.
ptxas /tmp/tmpxft_000ce330_00000000-10_applyRopeWriteKV.compute_86.ptx, line 11102; warning : Program is doing double precision computations.
ptxas /tmp/tmpxft_000ce330_00000000-10_applyRopeWriteKV.compute_86.ptx, line 11102; warning : Program is doing double precision computations.
ptxas /tmp/tmpxft_000ce330_00000000-10_applyRopeWriteKV.compute_86.ptx, line 11102; warning : Program is doing double precision computations.
ptxas /tmp/tmpxft_000ce330_00000000-10_applyRopeWriteKV.compute_86.ptx, line 11220; warning : Program is doing double precision computations.
ptxas /tmp/tmpxft_000ce330_00000000-10_applyRopeWriteKV.compute_86.ptx, line 11220; warning : Program is doing double precision computations.
ptxas /tmp/tmpxft_000ce330_00000000-10_applyRopeWriteKV.compute_86.ptx, line 11220; warning : Program is doing double precision computations.
ptxas /tmp/tmpxft_000ce330_00000000-10_applyRopeWriteKV.compute_86.ptx, line 11220; warning : Program is doing double precision computations.
ptxas /tmp/tmpxft_000ce330_00000000-10_applyRopeWriteKV.compute_86.ptx, line 11338; warning : Program is doing double precision computations.
ptxas /tmp/tmpxft_000ce330_00000000-10_applyRopeWriteKV.compute_86.ptx, line 11338; warning : Program is doing double precision computations.
ptxas /tmp/tmpxft_000ce330_00000000-10_applyRopeWriteKV.compute_86.ptx, line 11338; warning : Program is doing double precision computations.
ptxas /tmp/tmpxft_000ce330_00000000-10_applyRopeWriteKV.compute_86.ptx, line 11338; warning : Program is doing double precision computations.
ptxas /tmp/tmpxft_000ce330_00000000-10_applyRopeWriteKV.compute_86.ptx, line 11458; warning : Program is doing double precision computations.
ptxas /tmp/tmpxft_000ce330_00000000-10_applyRopeWriteKV.compute_86.ptx, line 11458; warning : Program is doing double precision computations.
ptxas /tmp/tmpxft_000ce330_00000000-10_applyRopeWriteKV.compute_86.ptx, line 11458; warning : Program is doing double precision computations.
ptxas /tmp/tmpxft_000ce330_00000000-10_applyRopeWriteKV.compute_86.ptx, line 11458; warning : Program is doing double precision computations.
ptxas /tmp/tmpxft_000ce330_00000000-10_applyRopeWriteKV.compute_86.ptx, line 11574; warning : Program is doing double precision computations.
ptxas /tmp/tmpxft_000ce330_00000000-10_applyRopeWriteKV.compute_86.ptx, line 11574; warning : Program is doing double precision computations.
ptxas /tmp/tmpxft_000ce330_00000000-10_applyRopeWriteKV.compute_86.ptx, line 11574; warning : Program is doing double precision computations.
ptxas /tmp/tmpxft_000ce330_00000000-10_applyRopeWriteKV.compute_86.ptx, line 11574; warning : Program is doing double precision computations.
ptxas /tmp/tmpxft_000ce330_00000000-10_applyRopeWriteKV.compute_86.ptx, line 11692; warning : Program is doing double precision computations.
ptxas /tmp/tmpxft_000ce330_00000000-10_applyRopeWriteKV.compute_86.ptx, line 11692; warning : Program is doing double precision computations.
ptxas /tmp/tmpxft_000ce330_00000000-10_applyRopeWriteKV.compute_86.ptx, line 11692; warning : Program is doing double precision computations.
ptxas /tmp/tmpxft_000ce330_00000000-10_applyRopeWriteKV.compute_86.ptx, line 11692; warning : Program is doing double precision computations.
ptxas /tmp/tmpxft_000ce330_00000000-10_applyRopeWriteKV.compute_86.ptx, line 11810; warning : Program is doing double precision computations.
ptxas /tmp/tmpxft_000ce330_00000000-10_applyRopeWriteKV.compute_86.ptx, line 11810; warning : Program is doing double precision computations.
ptxas /tmp/tmpxft_000ce330_00000000-10_applyRopeWriteKV.compute_86.ptx, line 11810; warning : Program is doing double precision computations.
ptxas /tmp/tmpxft_000ce330_00000000-10_applyRopeWriteKV.compute_86.ptx, line 11810; warning : Program is doing double precision computations.
ptxas /tmp/tmpxft_000ce330_00000000-10_applyRopeWriteKV.compute_86.ptx, line 13551; warning : Program is doing double precision computations.
ptxas /tmp/tmpxft_000ce330_00000000-10_applyRopeWriteKV.compute_86.ptx, line 13551; warning : Program is doing double precision computations.
ptxas /tmp/tmpxft_000ce330_00000000-10_applyRopeWriteKV.compute_86.ptx, line 13551; warning : Program is doing double precision computations.
ptxas /tmp/tmpxft_000ce330_00000000-10_applyRopeWriteKV.compute_86.ptx, line 13551; warning : Program is doing double precision computations.
ptxas /tmp/tmpxft_000ce330_00000000-10_applyRopeWriteKV.compute_86.ptx, line 14146; warning : Program is doing double precision computations.
ptxas /tmp/tmpxft_000ce330_00000000-10_applyRopeWriteKV.compute_86.ptx, line 14146; warning : Program is doing double precision computations.
ptxas /tmp/tmpxft_000ce330_00000000-10_applyRopeWriteKV.compute_86.ptx, line 14146; warning : Program is doing double precision computations.
ptxas /tmp/tmpxft_000ce330_00000000-10_applyRopeWriteKV.compute_86.ptx, line 14146; warning : Program is doing double precision computations.
ptxas /tmp/tmpxft_000ce330_00000000-10_applyRopeWriteKV.compute_86.ptx, line 14486; warning : Program is doing double precision computations.
ptxas /tmp/tmpxft_000ce330_00000000-10_applyRopeWriteKV.compute_86.ptx, line 14486; warning : Program is doing double precision computations.
ptxas /tmp/tmpxft_000ce330_00000000-10_applyRopeWriteKV.compute_86.ptx, line 14486; warning : Program is doing double precision computations.
ptxas /tmp/tmpxft_000ce330_00000000-10_applyRopeWriteKV.compute_86.ptx, line 14486; warning : Program is doing double precision computations.
ptxas /tmp/tmpxft_000ce330_00000000-10_applyRopeWriteKV.compute_86.ptx, line 14604; warning : Program is doing double precision computations.
ptxas /tmp/tmpxft_000ce330_00000000-10_applyRopeWriteKV.compute_86.ptx, line 14604; warning : Program is doing double precision computations.
ptxas /tmp/tmpxft_000ce330_00000000-10_applyRopeWriteKV.compute_86.ptx, line 14604; warning : Program is doing double precision computations.
ptxas /tmp/tmpxft_000ce330_00000000-10_applyRopeWriteKV.compute_86.ptx, line 14604; warning : Program is doing double precision computations.
ptxas /tmp/tmpxft_000ce330_00000000-10_applyRopeWriteKV.compute_86.ptx, line 14722; warning : Program is doing double precision computations.
ptxas /tmp/tmpxft_000ce330_00000000-10_applyRopeWriteKV.compute_86.ptx, line 14722; warning : Program is doing double precision computations.
ptxas /tmp/tmpxft_000ce330_00000000-10_applyRopeWriteKV.compute_86.ptx, line 14722; warning : Program is doing double precision computations.
ptxas /tmp/tmpxft_000ce330_00000000-10_applyRopeWriteKV.compute_86.ptx, line 14722; warning : Program is doing double precision computations.
ptxas /tmp/tmpxft_000ce330_00000000-10_applyRopeWriteKV.compute_86.ptx, line 14842; warning : Program is doing double precision computations.
ptxas /tmp/tmpxft_000ce330_00000000-10_applyRopeWriteKV.compute_86.ptx, line 14842; warning : Program is doing double precision computations.
ptxas /tmp/tmpxft_000ce330_00000000-10_applyRopeWriteKV.compute_86.ptx, line 14842; warning : Program is doing double precision computations.
ptxas /tmp/tmpxft_000ce330_00000000-10_applyRopeWriteKV.compute_86.ptx, line 14842; warning : Program is doing double precision computations.
ptxas /tmp/tmpxft_000ce330_00000000-10_applyRopeWriteKV.compute_86.ptx, line 14958; warning : Program is doing double precision computations.
ptxas /tmp/tmpxft_000ce330_00000000-10_applyRopeWriteKV.compute_86.ptx, line 14958; warning : Program is doing double precision computations.
ptxas /tmp/tmpxft_000ce330_00000000-10_applyRopeWriteKV.compute_86.ptx, line 14958; warning : Program is doing double precision computations.
ptxas /tmp/tmpxft_000ce330_00000000-10_applyRopeWriteKV.compute_86.ptx, line 14958; warning : Program is doing double precision computations.
ptxas /tmp/tmpxft_000ce330_00000000-10_applyRopeWriteKV.compute_86.ptx, line 15076; warning : Program is doing double precision computations.
ptxas /tmp/tmpxft_000ce330_00000000-10_applyRopeWriteKV.compute_86.ptx, line 15076; warning : Program is doing double precision computations.
ptxas /tmp/tmpxft_000ce330_00000000-10_applyRopeWriteKV.compute_86.ptx, line 15076; warning : Program is doing double precision computations.
ptxas /tmp/tmpxft_000ce330_00000000-10_applyRopeWriteKV.compute_86.ptx, line 15076; warning : Program is doing double precision computations.
ptxas /tmp/tmpxft_000ce330_00000000-10_applyRopeWriteKV.compute_86.ptx, line 15194; warning : Program is doing double precision computations.
ptxas /tmp/tmpxft_000ce330_00000000-10_applyRopeWriteKV.compute_86.ptx, line 15194; warning : Program is doing double precision computations.
ptxas /tmp/tmpxft_000ce330_00000000-10_applyRopeWriteKV.compute_86.ptx, line 15194; warning : Program is doing double precision computations.
ptxas /tmp/tmpxft_000ce330_00000000-10_applyRopeWriteKV.compute_86.ptx, line 15194; warning : Program is doing double precision computations.
ptxas /tmp/tmpxft_000ce330_00000000-10_applyRopeWriteKV.compute_86.ptx, line 15356; warning : Program is doing double precision computations.
ptxas /tmp/tmpxft_000ce330_00000000-10_applyRopeWriteKV.compute_86.ptx, line 15356; warning : Program is doing double precision computations.
ptxas /tmp/tmpxft_000ce330_00000000-10_applyRopeWriteKV.compute_86.ptx, line 15356; warning : Program is doing double precision computations.
ptxas /tmp/tmpxft_000ce330_00000000-10_applyRopeWriteKV.compute_86.ptx, line 15356; warning : Program is doing double precision computations.
ptxas /tmp/tmpxft_000ce330_00000000-10_applyRopeWriteKV.compute_86.ptx, line 15474; warning : Program is doing double precision computations.
ptxas /tmp/tmpxft_000ce330_00000000-10_applyRopeWriteKV.compute_86.ptx, line 15474; warning : Program is doing double precision computations.
ptxas /tmp/tmpxft_000ce330_00000000-10_applyRopeWriteKV.compute_86.ptx, line 15474; warning : Program is doing double precision computations.
ptxas /tmp/tmpxft_000ce330_00000000-10_applyRopeWriteKV.compute_86.ptx, line 15474; warning : Program is doing double precision computations.
ptxas /tmp/tmpxft_000ce330_00000000-10_applyRopeWriteKV.compute_86.ptx, line 15592; warning : Program is doing double precision computations.
ptxas /tmp/tmpxft_000ce330_00000000-10_applyRopeWriteKV.compute_86.ptx, line 15592; warning : Program is doing double precision computations.
ptxas /tmp/tmpxft_000ce330_00000000-10_applyRopeWriteKV.compute_86.ptx, line 15592; warning : Program is doing double precision computations.
ptxas /tmp/tmpxft_000ce330_00000000-10_applyRopeWriteKV.compute_86.ptx, line 15592; warning : Program is doing double precision computations.
ptxas /tmp/tmpxft_000ce330_00000000-10_applyRopeWriteKV.compute_86.ptx, line 15712; warning : Program is doing double precision computations.
ptxas /tmp/tmpxft_000ce330_00000000-10_applyRopeWriteKV.compute_86.ptx, line 15712; warning : Program is doing double precision computations.
ptxas /tmp/tmpxft_000ce330_00000000-10_applyRopeWriteKV.compute_86.ptx, line 15712; warning : Program is doing double precision computations.
ptxas /tmp/tmpxft_000ce330_00000000-10_applyRopeWriteKV.compute_86.ptx, line 15712; warning : Program is doing double precision computations.
ptxas /tmp/tmpxft_000ce330_00000000-10_applyRopeWriteKV.compute_86.ptx, line 15828; warning : Program is doing double precision computations.
ptxas /tmp/tmpxft_000ce330_00000000-10_applyRopeWriteKV.compute_86.ptx, line 15828; warning : Program is doing double precision computations.
ptxas /tmp/tmpxft_000ce330_00000000-10_applyRopeWriteKV.compute_86.ptx, line 15828; warning : Program is doing double precision computations.
ptxas /tmp/tmpxft_000ce330_00000000-10_applyRopeWriteKV.compute_86.ptx, line 15828; warning : Program is doing double precision computations.
ptxas /tmp/tmpxft_000ce330_00000000-10_applyRopeWriteKV.compute_86.ptx, line 15946; warning : Program is doing double precision computations.
ptxas /tmp/tmpxft_000ce330_00000000-10_applyRopeWriteKV.compute_86.ptx, line 15946; warning : Program is doing double precision computations.
ptxas /tmp/tmpxft_000ce330_00000000-10_applyRopeWriteKV.compute_86.ptx, line 15946; warning : Program is doing double precision computations.
ptxas /tmp/tmpxft_000ce330_00000000-10_applyRopeWriteKV.compute_86.ptx, line 15946; warning : Program is doing double precision computations.
ptxas /tmp/tmpxft_000ce330_00000000-10_applyRopeWriteKV.compute_86.ptx, line 16064; warning : Program is doing double precision computations.
ptxas /tmp/tmpxft_000ce330_00000000-10_applyRopeWriteKV.compute_86.ptx, line 16064; warning : Program is doing double precision computations.
ptxas /tmp/tmpxft_000ce330_00000000-10_applyRopeWriteKV.compute_86.ptx, line 16064; warning : Program is doing double precision computations.
ptxas /tmp/tmpxft_000ce330_00000000-10_applyRopeWriteKV.compute_86.ptx, line 16064; warning : Program is doing double precision computations.
ptxas /tmp/tmpxft_000ce330_00000000-10_applyRopeWriteKV.compute_86.ptx, line 16233; warning : Program is doing double precision computations.
ptxas /tmp/tmpxft_000ce330_00000000-10_applyRopeWriteKV.compute_86.ptx, line 16233; warning : Program is doing double precision computations.
ptxas /tmp/tmpxft_000ce330_00000000-10_applyRopeWriteKV.compute_86.ptx, line 16233; warning : Program is doing double precision computations.
ptxas /tmp/tmpxft_000ce330_00000000-10_applyRopeWriteKV.compute_86.ptx, line 16233; warning : Program is doing double precision computations.
ptxas /tmp/tmpxft_000ce330_00000000-10_applyRopeWriteKV.compute_86.ptx, line 16350; warning : Program is doing double precision computations.
ptxas /tmp/tmpxft_000ce330_00000000-10_applyRopeWriteKV.compute_86.ptx, line 16350; warning : Program is doing double precision computations.
ptxas /tmp/tmpxft_000ce330_00000000-10_applyRopeWriteKV.compute_86.ptx, line 16350; warning : Program is doing double precision computations.
ptxas /tmp/tmpxft_000ce330_00000000-10_applyRopeWriteKV.compute_86.ptx, line 16350; warning : Program is doing double precision computations.
ptxas /tmp/tmpxft_000ce330_00000000-10_applyRopeWriteKV.compute_86.ptx, line 16468; warning : Program is doing double precision computations.
ptxas /tmp/tmpxft_000ce330_00000000-10_applyRopeWriteKV.compute_86.ptx, line 16468; warning : Program is doing double precision computations.
ptxas /tmp/tmpxft_000ce330_00000000-10_applyRopeWriteKV.compute_86.ptx, line 16468; warning : Program is doing double precision computations.
ptxas /tmp/tmpxft_000ce330_00000000-10_applyRopeWriteKV.compute_86.ptx, line 16468; warning : Program is doing double precision computations.
ptxas /tmp/tmpxft_000ce330_00000000-10_applyRopeWriteKV.compute_86.ptx, line 16586; warning : Program is doing double precision computations.
ptxas /tmp/tmpxft_000ce330_00000000-10_applyRopeWriteKV.compute_86.ptx, line 16586; warning : Program is doing double precision computations.
ptxas /tmp/tmpxft_000ce330_00000000-10_applyRopeWriteKV.compute_86.ptx, line 16586; warning : Program is doing double precision computations.
ptxas /tmp/tmpxft_000ce330_00000000-10_applyRopeWriteKV.compute_86.ptx, line 16586; warning : Program is doing double precision computations.
ptxas /tmp/tmpxft_000ce330_00000000-10_applyRopeWriteKV.compute_86.ptx, line 16706; warning : Program is doing double precision computations.
ptxas /tmp/tmpxft_000ce330_00000000-10_applyRopeWriteKV.compute_86.ptx, line 16706; warning : Program is doing double precision computations.
ptxas /tmp/tmpxft_000ce330_00000000-10_applyRopeWriteKV.compute_86.ptx, line 16706; warning : Program is doing double precision computations.
ptxas /tmp/tmpxft_000ce330_00000000-10_applyRopeWriteKV.compute_86.ptx, line 16706; warning : Program is doing double precision computations.
ptxas /tmp/tmpxft_000ce330_00000000-10_applyRopeWriteKV.compute_86.ptx, line 16822; warning : Program is doing double precision computations.
ptxas /tmp/tmpxft_000ce330_00000000-10_applyRopeWriteKV.compute_86.ptx, line 16822; warning : Program is doing double precision computations.
ptxas /tmp/tmpxft_000ce330_00000000-10_applyRopeWriteKV.compute_86.ptx, line 16822; warning : Program is doing double precision computations.
ptxas /tmp/tmpxft_000ce330_00000000-10_applyRopeWriteKV.compute_86.ptx, line 16822; warning : Program is doing double precision computations.
ptxas /tmp/tmpxft_000ce330_00000000-10_applyRopeWriteKV.compute_86.ptx, line 16940; warning : Program is doing double precision computations.
ptxas /tmp/tmpxft_000ce330_00000000-10_applyRopeWriteKV.compute_86.ptx, line 16940; warning : Program is doing double precision computations.
ptxas /tmp/tmpxft_000ce330_00000000-10_applyRopeWriteKV.compute_86.ptx, line 16940; warning : Program is doing double precision computations.
ptxas /tmp/tmpxft_000ce330_00000000-10_applyRopeWriteKV.compute_86.ptx, line 16940; warning : Program is doing double precision computations.
ptxas /tmp/tmpxft_000ce330_00000000-10_applyRopeWriteKV.compute_86.ptx, line 17058; warning : Program is doing double precision computations.
ptxas /tmp/tmpxft_000ce330_00000000-10_applyRopeWriteKV.compute_86.ptx, line 17058; warning : Program is doing double precision computations.
ptxas /tmp/tmpxft_000ce330_00000000-10_applyRopeWriteKV.compute_86.ptx, line 17058; warning : Program is doing double precision computations.
ptxas /tmp/tmpxft_000ce330_00000000-10_applyRopeWriteKV.compute_86.ptx, line 17058; warning : Program is doing double precision computations.
ptxas /tmp/tmpxft_000ce330_00000000-11_applyRopeWriteKV.compute_80.ptx, line 1278; warning : Program is doing double precision computations.
ptxas /tmp/tmpxft_000ce330_00000000-11_applyRopeWriteKV.compute_80.ptx, line 1278; warning : Program is doing double precision computations.
ptxas /tmp/tmpxft_000ce330_00000000-11_applyRopeWriteKV.compute_80.ptx, line 1278; warning : Program is doing double precision computations.
ptxas /tmp/tmpxft_000ce330_00000000-11_applyRopeWriteKV.compute_80.ptx, line 1278; warning : Program is doing double precision computations.
ptxas /tmp/tmpxft_000ce330_00000000-11_applyRopeWriteKV.compute_80.ptx, line 1610; warning : Program is doing double precision computations.
ptxas /tmp/tmpxft_000ce330_00000000-11_applyRopeWriteKV.compute_80.ptx, line 1610; warning : Program is doing double precision computations.
ptxas /tmp/tmpxft_000ce330_00000000-11_applyRopeWriteKV.compute_80.ptx, line 1610; warning : Program is doing double precision computations.
ptxas /tmp/tmpxft_000ce330_00000000-11_applyRopeWriteKV.compute_80.ptx, line 1610; warning : Program is doing double precision computations.
ptxas /tmp/tmpxft_000ce330_00000000-11_applyRopeWriteKV.compute_80.ptx, line 1728; warning : Program is doing double precision computations.
ptxas /tmp/tmpxft_000ce330_00000000-11_applyRopeWriteKV.compute_80.ptx, line 1728; warning : Program is doing double precision computations.
ptxas /tmp/tmpxft_000ce330_00000000-11_applyRopeWriteKV.compute_80.ptx, line 1728; warning : Program is doing double precision computations.
ptxas /tmp/tmpxft_000ce330_00000000-11_applyRopeWriteKV.compute_80.ptx, line 1728; warning : Program is doing double precision computations.
ptxas /tmp/tmpxft_000ce330_00000000-11_applyRopeWriteKV.compute_80.ptx, line 1846; warning : Program is doing double precision computations.
ptxas /tmp/tmpxft_000ce330_00000000-11_applyRopeWriteKV.compute_80.ptx, line 1846; warning : Program is doing double precision computations.
ptxas /tmp/tmpxft_000ce330_00000000-11_applyRopeWriteKV.compute_80.ptx, line 1846; warning : Program is doing double precision computations.
ptxas /tmp/tmpxft_000ce330_00000000-11_applyRopeWriteKV.compute_80.ptx, line 1846; warning : Program is doing double precision computations.
ptxas /tmp/tmpxft_000ce330_00000000-11_applyRopeWriteKV.compute_80.ptx, line 1966; warning : Program is doing double precision computations.
ptxas /tmp/tmpxft_000ce330_00000000-11_applyRopeWriteKV.compute_80.ptx, line 1966; warning : Program is doing double precision computations.
ptxas /tmp/tmpxft_000ce330_00000000-11_applyRopeWriteKV.compute_80.ptx, line 1966; warning : Program is doing double precision computations.
ptxas /tmp/tmpxft_000ce330_00000000-11_applyRopeWriteKV.compute_80.ptx, line 1966; warning : Program is doing double precision computations.
ptxas /tmp/tmpxft_000ce330_00000000-11_applyRopeWriteKV.compute_80.ptx, line 2082; warning : Program is doing double precision computations.
ptxas /tmp/tmpxft_000ce330_00000000-11_applyRopeWriteKV.compute_80.ptx, line 2082; warning : Program is doing double precision computations.
ptxas /tmp/tmpxft_000ce330_00000000-11_applyRopeWriteKV.compute_80.ptx, line 2082; warning : Program is doing double precision computations.
ptxas /tmp/tmpxft_000ce330_00000000-11_applyRopeWriteKV.compute_80.ptx, line 2082; warning : Program is doing double precision computations.
ptxas /tmp/tmpxft_000ce330_00000000-11_applyRopeWriteKV.compute_80.ptx, line 2200; warning : Program is doing double precision computations.
ptxas /tmp/tmpxft_000ce330_00000000-11_applyRopeWriteKV.compute_80.ptx, line 2200; warning : Program is doing double precision computations.
ptxas /tmp/tmpxft_000ce330_00000000-11_applyRopeWriteKV.compute_80.ptx, line 2200; warning : Program is doing double precision computations.
ptxas /tmp/tmpxft_000ce330_00000000-11_applyRopeWriteKV.compute_80.ptx, line 2200; warning : Program is doing double precision computations.
ptxas /tmp/tmpxft_000ce330_00000000-11_applyRopeWriteKV.compute_80.ptx, line 2318; warning : Program is doing double precision computations.
ptxas /tmp/tmpxft_000ce330_00000000-11_applyRopeWriteKV.compute_80.ptx, line 2318; warning : Program is doing double precision computations.
ptxas /tmp/tmpxft_000ce330_00000000-11_applyRopeWriteKV.compute_80.ptx, line 2318; warning : Program is doing double precision computations.
ptxas /tmp/tmpxft_000ce330_00000000-11_applyRopeWriteKV.compute_80.ptx, line 2318; warning : Program is doing double precision computations.
ptxas /tmp/tmpxft_000ce330_00000000-11_applyRopeWriteKV.compute_80.ptx, line 2485; warning : Program is doing double precision computations.
ptxas /tmp/tmpxft_000ce330_00000000-11_applyRopeWriteKV.compute_80.ptx, line 2485; warning : Program is doing double precision computations.
ptxas /tmp/tmpxft_000ce330_00000000-11_applyRopeWriteKV.compute_80.ptx, line 2485; warning : Program is doing double precision computations.
ptxas /tmp/tmpxft_000ce330_00000000-11_applyRopeWriteKV.compute_80.ptx, line 2485; warning : Program is doing double precision computations.
ptxas /tmp/tmpxft_000ce330_00000000-11_applyRopeWriteKV.compute_80.ptx, line 2602; warning : Program is doing double precision computations.
ptxas /tmp/tmpxft_000ce330_00000000-11_applyRopeWriteKV.compute_80.ptx, line 2602; warning : Program is doing double precision computations.
ptxas /tmp/tmpxft_000ce330_00000000-11_applyRopeWriteKV.compute_80.ptx, line 2602; warning : Program is doing double precision computations.
ptxas /tmp/tmpxft_000ce330_00000000-11_applyRopeWriteKV.compute_80.ptx, line 2602; warning : Program is doing double precision computations.
ptxas /tmp/tmpxft_000ce330_00000000-11_applyRopeWriteKV.compute_80.ptx, line 2720; warning : Program is doing double precision computations.
ptxas /tmp/tmpxft_000ce330_00000000-11_applyRopeWriteKV.compute_80.ptx, line 2720; warning : Program is doing double precision computations.
ptxas /tmp/tmpxft_000ce330_00000000-11_applyRopeWriteKV.compute_80.ptx, line 2720; warning : Program is doing double precision computations.
ptxas /tmp/tmpxft_000ce330_00000000-11_applyRopeWriteKV.compute_80.ptx, line 2720; warning : Program is doing double precision computations.
ptxas /tmp/tmpxft_000ce330_00000000-11_applyRopeWriteKV.compute_80.ptx, line 2838; warning : Program is doing double precision computations.
ptxas /tmp/tmpxft_000ce330_00000000-11_applyRopeWriteKV.compute_80.ptx, line 2838; warning : Program is doing double precision computations.
ptxas /tmp/tmpxft_000ce330_00000000-11_applyRopeWriteKV.compute_80.ptx, line 2838; warning : Program is doing double precision computations.
ptxas /tmp/tmpxft_000ce330_00000000-11_applyRopeWriteKV.compute_80.ptx, line 2838; warning : Program is doing double precision computations.
ptxas /tmp/tmpxft_000ce330_00000000-11_applyRopeWriteKV.compute_80.ptx, line 2958; warning : Program is doing double precision computations.
ptxas /tmp/tmpxft_000ce330_00000000-11_applyRopeWriteKV.compute_80.ptx, line 2958; warning : Program is doing double precision computations.
ptxas /tmp/tmpxft_000ce330_00000000-11_applyRopeWriteKV.compute_80.ptx, line 2958; warning : Program is doing double precision computations.
ptxas /tmp/tmpxft_000ce330_00000000-11_applyRopeWriteKV.compute_80.ptx, line 2958; warning : Program is doing double precision computations.
ptxas /tmp/tmpxft_000ce330_00000000-11_applyRopeWriteKV.compute_80.ptx, line 3074; warning : Program is doing double precision computations.
ptxas /tmp/tmpxft_000ce330_00000000-11_applyRopeWriteKV.compute_80.ptx, line 3074; warning : Program is doing double precision computations.
ptxas /tmp/tmpxft_000ce330_00000000-11_applyRopeWriteKV.compute_80.ptx, line 3074; warning : Program is doing double precision computations.
ptxas /tmp/tmpxft_000ce330_00000000-11_applyRopeWriteKV.compute_80.ptx, line 3074; warning : Program is doing double precision computations.
ptxas /tmp/tmpxft_000ce330_00000000-11_applyRopeWriteKV.compute_80.ptx, line 3192; warning : Program is doing double precision computations.
ptxas /tmp/tmpxft_000ce330_00000000-11_applyRopeWriteKV.compute_80.ptx, line 3192; warning : Program is doing double precision computations.
ptxas /tmp/tmpxft_000ce330_00000000-11_applyRopeWriteKV.compute_80.ptx, line 3192; warning : Program is doing double precision computations.
ptxas /tmp/tmpxft_000ce330_00000000-11_applyRopeWriteKV.compute_80.ptx, line 3192; warning : Program is doing double precision computations.
ptxas /tmp/tmpxft_000ce330_00000000-11_applyRopeWriteKV.compute_80.ptx, line 3310; warning : Program is doing double precision computations.
ptxas /tmp/tmpxft_000ce330_00000000-11_applyRopeWriteKV.compute_80.ptx, line 3310; warning : Program is doing double precision computations.
ptxas /tmp/tmpxft_000ce330_00000000-11_applyRopeWriteKV.compute_80.ptx, line 3310; warning : Program is doing double precision computations.
ptxas /tmp/tmpxft_000ce330_00000000-11_applyRopeWriteKV.compute_80.ptx, line 3310; warning : Program is doing double precision computations.
ptxas /tmp/tmpxft_000ce330_00000000-11_applyRopeWriteKV.compute_80.ptx, line 3797; warning : Program is doing double precision computations.
ptxas /tmp/tmpxft_000ce330_00000000-11_applyRopeWriteKV.compute_80.ptx, line 3797; warning : Program is doing double precision computations.
ptxas /tmp/tmpxft_000ce330_00000000-11_applyRopeWriteKV.compute_80.ptx, line 3797; warning : Program is doing double precision computations.
ptxas /tmp/tmpxft_000ce330_00000000-11_applyRopeWriteKV.compute_80.ptx, line 3797; warning : Program is doing double precision computations.
ptxas /tmp/tmpxft_000ce330_00000000-11_applyRopeWriteKV.compute_80.ptx, line 4232; warning : Program is doing double precision computations.
ptxas /tmp/tmpxft_000ce330_00000000-11_applyRopeWriteKV.compute_80.ptx, line 4232; warning : Program is doing double precision computations.
ptxas /tmp/tmpxft_000ce330_00000000-11_applyRopeWriteKV.compute_80.ptx, line 4232; warning : Program is doing double precision computations.
ptxas /tmp/tmpxft_000ce330_00000000-11_applyRopeWriteKV.compute_80.ptx, line 4232; warning : Program is doing double precision computations.
ptxas /tmp/tmpxft_000ce330_00000000-11_applyRopeWriteKV.compute_80.ptx, line 4350; warning : Program is doing double precision computations.
ptxas /tmp/tmpxft_000ce330_00000000-11_applyRopeWriteKV.compute_80.ptx, line 4350; warning : Program is doing double precision computations.
ptxas /tmp/tmpxft_000ce330_00000000-11_applyRopeWriteKV.compute_80.ptx, line 4350; warning : Program is doing double precision computations.
ptxas /tmp/tmpxft_000ce330_00000000-11_applyRopeWriteKV.compute_80.ptx, line 4350; warning : Program is doing double precision computations.
ptxas /tmp/tmpxft_000ce330_00000000-11_applyRopeWriteKV.compute_80.ptx, line 4468; warning : Program is doing double precision computations.
ptxas /tmp/tmpxft_000ce330_00000000-11_applyRopeWriteKV.compute_80.ptx, line 4468; warning : Program is doing double precision computations.
ptxas /tmp/tmpxft_000ce330_00000000-11_applyRopeWriteKV.compute_80.ptx, line 4468; warning : Program is doing double precision computations.
ptxas /tmp/tmpxft_000ce330_00000000-11_applyRopeWriteKV.compute_80.ptx, line 4468; warning : Program is doing double precision computations.
ptxas /tmp/tmpxft_000ce330_00000000-11_applyRopeWriteKV.compute_80.ptx, line 4588; warning : Program is doing double precision computations.
ptxas /tmp/tmpxft_000ce330_00000000-11_applyRopeWriteKV.compute_80.ptx, line 4588; warning : Program is doing double precision computations.
ptxas /tmp/tmpxft_000ce330_00000000-11_applyRopeWriteKV.compute_80.ptx, line 4588; warning : Program is doing double precision computations.
ptxas /tmp/tmpxft_000ce330_00000000-11_applyRopeWriteKV.compute_80.ptx, line 4588; warning : Program is doing double precision computations.
ptxas /tmp/tmpxft_000ce330_00000000-11_applyRopeWriteKV.compute_80.ptx, line 4704; warning : Program is doing double precision computations.
ptxas /tmp/tmpxft_000ce330_00000000-11_applyRopeWriteKV.compute_80.ptx, line 4704; warning : Program is doing double precision computations.
ptxas /tmp/tmpxft_000ce330_00000000-11_applyRopeWriteKV.compute_80.ptx, line 4704; warning : Program is doing double precision computations.
ptxas /tmp/tmpxft_000ce330_00000000-11_applyRopeWriteKV.compute_80.ptx, line 4704; warning : Program is doing double precision computations.
ptxas /tmp/tmpxft_000ce330_00000000-11_applyRopeWriteKV.compute_80.ptx, line 4822; warning : Program is doing double precision computations.
ptxas /tmp/tmpxft_000ce330_00000000-11_applyRopeWriteKV.compute_80.ptx, line 4822; warning : Program is doing double precision computations.
ptxas /tmp/tmpxft_000ce330_00000000-11_applyRopeWriteKV.compute_80.ptx, line 4822; warning : Program is doing double precision computations.
ptxas /tmp/tmpxft_000ce330_00000000-11_applyRopeWriteKV.compute_80.ptx, line 4822; warning : Program is doing double precision computations.
ptxas /tmp/tmpxft_000ce330_00000000-11_applyRopeWriteKV.compute_80.ptx, line 4940; warning : Program is doing double precision computations.
ptxas /tmp/tmpxft_000ce330_00000000-11_applyRopeWriteKV.compute_80.ptx, line 4940; warning : Program is doing double precision computations.
ptxas /tmp/tmpxft_000ce330_00000000-11_applyRopeWriteKV.compute_80.ptx, line 4940; warning : Program is doing double precision computations.
ptxas /tmp/tmpxft_000ce330_00000000-11_applyRopeWriteKV.compute_80.ptx, line 4940; warning : Program is doing double precision computations.
ptxas /tmp/tmpxft_000ce330_00000000-11_applyRopeWriteKV.compute_80.ptx, line 5428; warning : Program is doing double precision computations.
ptxas /tmp/tmpxft_000ce330_00000000-11_applyRopeWriteKV.compute_80.ptx, line 5428; warning : Program is doing double precision computations.
ptxas /tmp/tmpxft_000ce330_00000000-11_applyRopeWriteKV.compute_80.ptx, line 5428; warning : Program is doing double precision computations.
ptxas /tmp/tmpxft_000ce330_00000000-11_applyRopeWriteKV.compute_80.ptx, line 5428; warning : Program is doing double precision computations.
ptxas /tmp/tmpxft_000ce330_00000000-11_applyRopeWriteKV.compute_80.ptx, line 5777; warning : Program is doing double precision computations.
ptxas /tmp/tmpxft_000ce330_00000000-11_applyRopeWriteKV.compute_80.ptx, line 5777; warning : Program is doing double precision computations.
ptxas /tmp/tmpxft_000ce330_00000000-11_applyRopeWriteKV.compute_80.ptx, line 5777; warning : Program is doing double precision computations.
ptxas /tmp/tmpxft_000ce330_00000000-11_applyRopeWriteKV.compute_80.ptx, line 5777; warning : Program is doing double precision computations.
ptxas /tmp/tmpxft_000ce330_00000000-11_applyRopeWriteKV.compute_80.ptx, line 5900; warning : Program is doing double precision computations.
ptxas /tmp/tmpxft_000ce330_00000000-11_applyRopeWriteKV.compute_80.ptx, line 5900; warning : Program is doing double precision computations.
ptxas /tmp/tmpxft_000ce330_00000000-11_applyRopeWriteKV.compute_80.ptx, line 5900; warning : Program is doing double precision computations.
ptxas /tmp/tmpxft_000ce330_00000000-11_applyRopeWriteKV.compute_80.ptx, line 5900; warning : Program is doing double precision computations.
ptxas /tmp/tmpxft_000ce330_00000000-11_applyRopeWriteKV.compute_80.ptx, line 6018; warning : Program is doing double precision computations.
ptxas /tmp/tmpxft_000ce330_00000000-11_applyRopeWriteKV.compute_80.ptx, line 6018; warning : Program is doing double precision computations.
ptxas /tmp/tmpxft_000ce330_00000000-11_applyRopeWriteKV.compute_80.ptx, line 6018; warning : Program is doing double precision computations.
ptxas /tmp/tmpxft_000ce330_00000000-11_applyRopeWriteKV.compute_80.ptx, line 6018; warning : Program is doing double precision computations.
ptxas /tmp/tmpxft_000ce330_00000000-11_applyRopeWriteKV.compute_80.ptx, line 6136; warning : Program is doing double precision computations.
ptxas /tmp/tmpxft_000ce330_00000000-11_applyRopeWriteKV.compute_80.ptx, line 6136; warning : Program is doing double precision computations.
ptxas /tmp/tmpxft_000ce330_00000000-11_applyRopeWriteKV.compute_80.ptx, line 6136; warning : Program is doing double precision computations.
ptxas /tmp/tmpxft_000ce330_00000000-11_applyRopeWriteKV.compute_80.ptx, line 6136; warning : Program is doing double precision computations.
ptxas /tmp/tmpxft_000ce330_00000000-11_applyRopeWriteKV.compute_80.ptx, line 6256; warning : Program is doing double precision computations.
ptxas /tmp/tmpxft_000ce330_00000000-11_applyRopeWriteKV.compute_80.ptx, line 6256; warning : Program is doing double precision computations.
ptxas /tmp/tmpxft_000ce330_00000000-11_applyRopeWriteKV.compute_80.ptx, line 6256; warning : Program is doing double precision computations.
ptxas /tmp/tmpxft_000ce330_00000000-11_applyRopeWriteKV.compute_80.ptx, line 6256; warning : Program is doing double precision computations.
ptxas /tmp/tmpxft_000ce330_00000000-11_applyRopeWriteKV.compute_80.ptx, line 6372; warning : Program is doing double precision computations.
ptxas /tmp/tmpxft_000ce330_00000000-11_applyRopeWriteKV.compute_80.ptx, line 6372; warning : Program is doing double precision computations.
ptxas /tmp/tmpxft_000ce330_00000000-11_applyRopeWriteKV.compute_80.ptx, line 6372; warning : Program is doing double precision computations.
ptxas /tmp/tmpxft_000ce330_00000000-11_applyRopeWriteKV.compute_80.ptx, line 6372; warning : Program is doing double precision computations.
ptxas /tmp/tmpxft_000ce330_00000000-11_applyRopeWriteKV.compute_80.ptx, line 6490; warning : Program is doing double precision computations.
ptxas /tmp/tmpxft_000ce330_00000000-11_applyRopeWriteKV.compute_80.ptx, line 6490; warning : Program is doing double precision computations.
ptxas /tmp/tmpxft_000ce330_00000000-11_applyRopeWriteKV.compute_80.ptx, line 6490; warning : Program is doing double precision computations.
ptxas /tmp/tmpxft_000ce330_00000000-11_applyRopeWriteKV.compute_80.ptx, line 6490; warning : Program is doing double precision computations.
ptxas /tmp/tmpxft_000ce330_00000000-11_applyRopeWriteKV.compute_80.ptx, line 6608; warning : Program is doing double precision computations.
ptxas /tmp/tmpxft_000ce330_00000000-11_applyRopeWriteKV.compute_80.ptx, line 6608; warning : Program is doing double precision computations.
ptxas /tmp/tmpxft_000ce330_00000000-11_applyRopeWriteKV.compute_80.ptx, line 6608; warning : Program is doing double precision computations.
ptxas /tmp/tmpxft_000ce330_00000000-11_applyRopeWriteKV.compute_80.ptx, line 6608; warning : Program is doing double precision computations.
ptxas /tmp/tmpxft_000ce330_00000000-11_applyRopeWriteKV.compute_80.ptx, line 6768; warning : Program is doing double precision computations.
ptxas /tmp/tmpxft_000ce330_00000000-11_applyRopeWriteKV.compute_80.ptx, line 6768; warning : Program is doing double precision computations.
ptxas /tmp/tmpxft_000ce330_00000000-11_applyRopeWriteKV.compute_80.ptx, line 6768; warning : Program is doing double precision computations.
ptxas /tmp/tmpxft_000ce330_00000000-11_applyRopeWriteKV.compute_80.ptx, line 6768; warning : Program is doing double precision computations.
ptxas /tmp/tmpxft_000ce330_00000000-11_applyRopeWriteKV.compute_80.ptx, line 6886; warning : Program is doing double precision computations.
ptxas /tmp/tmpxft_000ce330_00000000-11_applyRopeWriteKV.compute_80.ptx, line 6886; warning : Program is doing double precision computations.
ptxas /tmp/tmpxft_000ce330_00000000-11_applyRopeWriteKV.compute_80.ptx, line 6886; warning : Program is doing double precision computations.
ptxas /tmp/tmpxft_000ce330_00000000-11_applyRopeWriteKV.compute_80.ptx, line 6886; warning : Program is doing double precision computations.
ptxas /tmp/tmpxft_000ce330_00000000-11_applyRopeWriteKV.compute_80.ptx, line 7004; warning : Program is doing double precision computations.
ptxas /tmp/tmpxft_000ce330_00000000-11_applyRopeWriteKV.compute_80.ptx, line 7004; warning : Program is doing double precision computations.
ptxas /tmp/tmpxft_000ce330_00000000-11_applyRopeWriteKV.compute_80.ptx, line 7004; warning : Program is doing double precision computations.
ptxas /tmp/tmpxft_000ce330_00000000-11_applyRopeWriteKV.compute_80.ptx, line 7004; warning : Program is doing double precision computations.
ptxas /tmp/tmpxft_000ce330_00000000-11_applyRopeWriteKV.compute_80.ptx, line 7124; warning : Program is doing double precision computations.
ptxas /tmp/tmpxft_000ce330_00000000-11_applyRopeWriteKV.compute_80.ptx, line 7124; warning : Program is doing double precision computations.
ptxas /tmp/tmpxft_000ce330_00000000-11_applyRopeWriteKV.compute_80.ptx, line 7124; warning : Program is doing double precision computations.
ptxas /tmp/tmpxft_000ce330_00000000-11_applyRopeWriteKV.compute_80.ptx, line 7124; warning : Program is doing double precision computations.
ptxas /tmp/tmpxft_000ce330_00000000-11_applyRopeWriteKV.compute_80.ptx, line 7240; warning : Program is doing double precision computations.
ptxas /tmp/tmpxft_000ce330_00000000-11_applyRopeWriteKV.compute_80.ptx, line 7240; warning : Program is doing double precision computations.
ptxas /tmp/tmpxft_000ce330_00000000-11_applyRopeWriteKV.compute_80.ptx, line 7240; warning : Program is doing double precision computations.
ptxas /tmp/tmpxft_000ce330_00000000-11_applyRopeWriteKV.compute_80.ptx, line 7240; warning : Program is doing double precision computations.
ptxas /tmp/tmpxft_000ce330_00000000-11_applyRopeWriteKV.compute_80.ptx, line 7358; warning : Program is doing double precision computations.
ptxas /tmp/tmpxft_000ce330_00000000-11_applyRopeWriteKV.compute_80.ptx, line 7358; warning : Program is doing double precision computations.
ptxas /tmp/tmpxft_000ce330_00000000-11_applyRopeWriteKV.compute_80.ptx, line 7358; warning : Program is doing double precision computations.
ptxas /tmp/tmpxft_000ce330_00000000-11_applyRopeWriteKV.compute_80.ptx, line 7358; warning : Program is doing double precision computations.
ptxas /tmp/tmpxft_000ce330_00000000-11_applyRopeWriteKV.compute_80.ptx, line 7476; warning : Program is doing double precision computations.
ptxas /tmp/tmpxft_000ce330_00000000-11_applyRopeWriteKV.compute_80.ptx, line 7476; warning : Program is doing double precision computations.
ptxas /tmp/tmpxft_000ce330_00000000-11_applyRopeWriteKV.compute_80.ptx, line 7476; warning : Program is doing double precision computations.
ptxas /tmp/tmpxft_000ce330_00000000-11_applyRopeWriteKV.compute_80.ptx, line 7476; warning : Program is doing double precision computations.
ptxas /tmp/tmpxft_000ce330_00000000-11_applyRopeWriteKV.compute_80.ptx, line 7643; warning : Program is doing double precision computations.
ptxas /tmp/tmpxft_000ce330_00000000-11_applyRopeWriteKV.compute_80.ptx, line 7643; warning : Program is doing double precision computations.
ptxas /tmp/tmpxft_000ce330_00000000-11_applyRopeWriteKV.compute_80.ptx, line 7643; warning : Program is doing double precision computations.
ptxas /tmp/tmpxft_000ce330_00000000-11_applyRopeWriteKV.compute_80.ptx, line 7643; warning : Program is doing double precision computations.
ptxas /tmp/tmpxft_000ce330_00000000-11_applyRopeWriteKV.compute_80.ptx, line 7760; warning : Program is doing double precision computations.
ptxas /tmp/tmpxft_000ce330_00000000-11_applyRopeWriteKV.compute_80.ptx, line 7760; warning : Program is doing double precision computations.
ptxas /tmp/tmpxft_000ce330_00000000-11_applyRopeWriteKV.compute_80.ptx, line 7760; warning : Program is doing double precision computations.
ptxas /tmp/tmpxft_000ce330_00000000-11_applyRopeWriteKV.compute_80.ptx, line 7760; warning : Program is doing double precision computations.
ptxas /tmp/tmpxft_000ce330_00000000-11_applyRopeWriteKV.compute_80.ptx, line 7878; warning : Program is doing double precision computations.
ptxas /tmp/tmpxft_000ce330_00000000-11_applyRopeWriteKV.compute_80.ptx, line 7878; warning : Program is doing double precision computations.
ptxas /tmp/tmpxft_000ce330_00000000-11_applyRopeWriteKV.compute_80.ptx, line 7878; warning : Program is doing double precision computations.
ptxas /tmp/tmpxft_000ce330_00000000-11_applyRopeWriteKV.compute_80.ptx, line 7878; warning : Program is doing double precision computations.
ptxas /tmp/tmpxft_000ce330_00000000-11_applyRopeWriteKV.compute_80.ptx, line 7996; warning : Program is doing double precision computations.
ptxas /tmp/tmpxft_000ce330_00000000-11_applyRopeWriteKV.compute_80.ptx, line 7996; warning : Program is doing double precision computations.
ptxas /tmp/tmpxft_000ce330_00000000-11_applyRopeWriteKV.compute_80.ptx, line 7996; warning : Program is doing double precision computations.
ptxas /tmp/tmpxft_000ce330_00000000-11_applyRopeWriteKV.compute_80.ptx, line 7996; warning : Program is doing double precision computations.
ptxas /tmp/tmpxft_000ce330_00000000-11_applyRopeWriteKV.compute_80.ptx, line 8116; warning : Program is doing double precision computations.
ptxas /tmp/tmpxft_000ce330_00000000-11_applyRopeWriteKV.compute_80.ptx, line 8116; warning : Program is doing double precision computations.
ptxas /tmp/tmpxft_000ce330_00000000-11_applyRopeWriteKV.compute_80.ptx, line 8116; warning : Program is doing double precision computations.
ptxas /tmp/tmpxft_000ce330_00000000-11_applyRopeWriteKV.compute_80.ptx, line 8116; warning : Program is doing double precision computations.
ptxas /tmp/tmpxft_000ce330_00000000-11_applyRopeWriteKV.compute_80.ptx, line 8232; warning : Program is doing double precision computations.
ptxas /tmp/tmpxft_000ce330_00000000-11_applyRopeWriteKV.compute_80.ptx, line 8232; warning : Program is doing double precision computations.
ptxas /tmp/tmpxft_000ce330_00000000-11_applyRopeWriteKV.compute_80.ptx, line 8232; warning : Program is doing double precision computations.
ptxas /tmp/tmpxft_000ce330_00000000-11_applyRopeWriteKV.compute_80.ptx, line 8232; warning : Program is doing double precision computations.
ptxas /tmp/tmpxft_000ce330_00000000-11_applyRopeWriteKV.compute_80.ptx, line 8350; warning : Program is doing double precision computations.
ptxas /tmp/tmpxft_000ce330_00000000-11_applyRopeWriteKV.compute_80.ptx, line 8350; warning : Program is doing double precision computations.
ptxas /tmp/tmpxft_000ce330_00000000-11_applyRopeWriteKV.compute_80.ptx, line 8350; warning : Program is doing double precision computations.
ptxas /tmp/tmpxft_000ce330_00000000-11_applyRopeWriteKV.compute_80.ptx, line 8350; warning : Program is doing double precision computations.
ptxas /tmp/tmpxft_000ce330_00000000-11_applyRopeWriteKV.compute_80.ptx, line 8468; warning : Program is doing double precision computations.
ptxas /tmp/tmpxft_000ce330_00000000-11_applyRopeWriteKV.compute_80.ptx, line 8468; warning : Program is doing double precision computations.
ptxas /tmp/tmpxft_000ce330_00000000-11_applyRopeWriteKV.compute_80.ptx, line 8468; warning : Program is doing double precision computations.
ptxas /tmp/tmpxft_000ce330_00000000-11_applyRopeWriteKV.compute_80.ptx, line 8468; warning : Program is doing double precision computations.
ptxas /tmp/tmpxft_000ce330_00000000-11_applyRopeWriteKV.compute_80.ptx, line 10207; warning : Program is doing double precision computations.
ptxas /tmp/tmpxft_000ce330_00000000-11_applyRopeWriteKV.compute_80.ptx, line 10207; warning : Program is doing double precision computations.
ptxas /tmp/tmpxft_000ce330_00000000-11_applyRopeWriteKV.compute_80.ptx, line 10207; warning : Program is doing double precision computations.
ptxas /tmp/tmpxft_000ce330_00000000-11_applyRopeWriteKV.compute_80.ptx, line 10207; warning : Program is doing double precision computations.
ptxas /tmp/tmpxft_000ce330_00000000-11_applyRopeWriteKV.compute_80.ptx, line 11102; warning : Program is doing double precision computations.
ptxas /tmp/tmpxft_000ce330_00000000-11_applyRopeWriteKV.compute_80.ptx, line 11102; warning : Program is doing double precision computations.
ptxas /tmp/tmpxft_000ce330_00000000-11_applyRopeWriteKV.compute_80.ptx, line 11102; warning : Program is doing double precision computations.
ptxas /tmp/tmpxft_000ce330_00000000-11_applyRopeWriteKV.compute_80.ptx, line 11102; warning : Program is doing double precision computations.
ptxas /tmp/tmpxft_000ce330_00000000-11_applyRopeWriteKV.compute_80.ptx, line 11220; warning : Program is doing double precision computations.
ptxas /tmp/tmpxft_000ce330_00000000-11_applyRopeWriteKV.compute_80.ptx, line 11220; warning : Program is doing double precision computations.
ptxas /tmp/tmpxft_000ce330_00000000-11_applyRopeWriteKV.compute_80.ptx, line 11220; warning : Program is doing double precision computations.
ptxas /tmp/tmpxft_000ce330_00000000-11_applyRopeWriteKV.compute_80.ptx, line 11220; warning : Program is doing double precision computations.
ptxas /tmp/tmpxft_000ce330_00000000-11_applyRopeWriteKV.compute_80.ptx, line 11338; warning : Program is doing double precision computations.
ptxas /tmp/tmpxft_000ce330_00000000-11_applyRopeWriteKV.compute_80.ptx, line 11338; warning : Program is doing double precision computations.
ptxas /tmp/tmpxft_000ce330_00000000-11_applyRopeWriteKV.compute_80.ptx, line 11338; warning : Program is doing double precision computations.
ptxas /tmp/tmpxft_000ce330_00000000-11_applyRopeWriteKV.compute_80.ptx, line 11338; warning : Program is doing double precision computations.
ptxas /tmp/tmpxft_000ce330_00000000-11_applyRopeWriteKV.compute_80.ptx, line 11458; warning : Program is doing double precision computations.
ptxas /tmp/tmpxft_000ce330_00000000-11_applyRopeWriteKV.compute_80.ptx, line 11458; warning : Program is doing double precision computations.
ptxas /tmp/tmpxft_000ce330_00000000-11_applyRopeWriteKV.compute_80.ptx, line 11458; warning : Program is doing double precision computations.
ptxas /tmp/tmpxft_000ce330_00000000-11_applyRopeWriteKV.compute_80.ptx, line 11458; warning : Program is doing double precision computations.
ptxas /tmp/tmpxft_000ce330_00000000-11_applyRopeWriteKV.compute_80.ptx, line 11574; warning : Program is doing double precision computations.
ptxas /tmp/tmpxft_000ce330_00000000-11_applyRopeWriteKV.compute_80.ptx, line 11574; warning : Program is doing double precision computations.
ptxas /tmp/tmpxft_000ce330_00000000-11_applyRopeWriteKV.compute_80.ptx, line 11574; warning : Program is doing double precision computations.
ptxas /tmp/tmpxft_000ce330_00000000-11_applyRopeWriteKV.compute_80.ptx, line 11574; warning : Program is doing double precision computations.
ptxas /tmp/tmpxft_000ce330_00000000-11_applyRopeWriteKV.compute_80.ptx, line 11692; warning : Program is doing double precision computations.
ptxas /tmp/tmpxft_000ce330_00000000-11_applyRopeWriteKV.compute_80.ptx, line 11692; warning : Program is doing double precision computations.
ptxas /tmp/tmpxft_000ce330_00000000-11_applyRopeWriteKV.compute_80.ptx, line 11692; warning : Program is doing double precision computations.
ptxas /tmp/tmpxft_000ce330_00000000-11_applyRopeWriteKV.compute_80.ptx, line 11692; warning : Program is doing double precision computations.
ptxas /tmp/tmpxft_000ce330_00000000-11_applyRopeWriteKV.compute_80.ptx, line 11810; warning : Program is doing double precision computations.
ptxas /tmp/tmpxft_000ce330_00000000-11_applyRopeWriteKV.compute_80.ptx, line 11810; warning : Program is doing double precision computations.
ptxas /tmp/tmpxft_000ce330_00000000-11_applyRopeWriteKV.compute_80.ptx, line 11810; warning : Program is doing double precision computations.
ptxas /tmp/tmpxft_000ce330_00000000-11_applyRopeWriteKV.compute_80.ptx, line 11810; warning : Program is doing double precision computations.
ptxas /tmp/tmpxft_000ce330_00000000-11_applyRopeWriteKV.compute_80.ptx, line 13551; warning : Program is doing double precision computations.
ptxas /tmp/tmpxft_000ce330_00000000-11_applyRopeWriteKV.compute_80.ptx, line 13551; warning : Program is doing double precision computations.
ptxas /tmp/tmpxft_000ce330_00000000-11_applyRopeWriteKV.compute_80.ptx, line 13551; warning : Program is doing double precision computations.
ptxas /tmp/tmpxft_000ce330_00000000-11_applyRopeWriteKV.compute_80.ptx, line 13551; warning : Program is doing double precision computations.
ptxas /tmp/tmpxft_000ce330_00000000-11_applyRopeWriteKV.compute_80.ptx, line 14146; warning : Program is doing double precision computations.
ptxas /tmp/tmpxft_000ce330_00000000-11_applyRopeWriteKV.compute_80.ptx, line 14146; warning : Program is doing double precision computations.
ptxas /tmp/tmpxft_000ce330_00000000-11_applyRopeWriteKV.compute_80.ptx, line 14146; warning : Program is doing double precision computations.
ptxas /tmp/tmpxft_000ce330_00000000-11_applyRopeWriteKV.compute_80.ptx, line 14146; warning : Program is doing double precision computations.
ptxas /tmp/tmpxft_000ce330_00000000-11_applyRopeWriteKV.compute_80.ptx, line 14486; warning : Program is doing double precision computations.
ptxas /tmp/tmpxft_000ce330_00000000-11_applyRopeWriteKV.compute_80.ptx, line 14486; warning : Program is doing double precision computations.
ptxas /tmp/tmpxft_000ce330_00000000-11_applyRopeWriteKV.compute_80.ptx, line 14486; warning : Program is doing double precision computations.
ptxas /tmp/tmpxft_000ce330_00000000-11_applyRopeWriteKV.compute_80.ptx, line 14486; warning : Program is doing double precision computations.
ptxas /tmp/tmpxft_000ce330_00000000-11_applyRopeWriteKV.compute_80.ptx, line 14604; warning : Program is doing double precision computations.
ptxas /tmp/tmpxft_000ce330_00000000-11_applyRopeWriteKV.compute_80.ptx, line 14604; warning : Program is doing double precision computations.
ptxas /tmp/tmpxft_000ce330_00000000-11_applyRopeWriteKV.compute_80.ptx, line 14604; warning : Program is doing double precision computations.
ptxas /tmp/tmpxft_000ce330_00000000-11_applyRopeWriteKV.compute_80.ptx, line 14604; warning : Program is doing double precision computations.
ptxas /tmp/tmpxft_000ce330_00000000-11_applyRopeWriteKV.compute_80.ptx, line 14722; warning : Program is doing double precision computations.
ptxas /tmp/tmpxft_000ce330_00000000-11_applyRopeWriteKV.compute_80.ptx, line 14722; warning : Program is doing double precision computations.
ptxas /tmp/tmpxft_000ce330_00000000-11_applyRopeWriteKV.compute_80.ptx, line 14722; warning : Program is doing double precision computations.
ptxas /tmp/tmpxft_000ce330_00000000-11_applyRopeWriteKV.compute_80.ptx, line 14722; warning : Program is doing double precision computations.
ptxas /tmp/tmpxft_000ce330_00000000-11_applyRopeWriteKV.compute_80.ptx, line 14842; warning : Program is doing double precision computations.
ptxas /tmp/tmpxft_000ce330_00000000-11_applyRopeWriteKV.compute_80.ptx, line 14842; warning : Program is doing double precision computations.
ptxas /tmp/tmpxft_000ce330_00000000-11_applyRopeWriteKV.compute_80.ptx, line 14842; warning : Program is doing double precision computations.
ptxas /tmp/tmpxft_000ce330_00000000-11_applyRopeWriteKV.compute_80.ptx, line 14842; warning : Program is doing double precision computations.
ptxas /tmp/tmpxft_000ce330_00000000-11_applyRopeWriteKV.compute_80.ptx, line 14958; warning : Program is doing double precision computations.
ptxas /tmp/tmpxft_000ce330_00000000-11_applyRopeWriteKV.compute_80.ptx, line 14958; warning : Program is doing double precision computations.
ptxas /tmp/tmpxft_000ce330_00000000-11_applyRopeWriteKV.compute_80.ptx, line 14958; warning : Program is doing double precision computations.
ptxas /tmp/tmpxft_000ce330_00000000-11_applyRopeWriteKV.compute_80.ptx, line 14958; warning : Program is doing double precision computations.
ptxas /tmp/tmpxft_000ce330_00000000-11_applyRopeWriteKV.compute_80.ptx, line 15076; warning : Program is doing double precision computations.
ptxas /tmp/tmpxft_000ce330_00000000-11_applyRopeWriteKV.compute_80.ptx, line 15076; warning : Program is doing double precision computations.
ptxas /tmp/tmpxft_000ce330_00000000-11_applyRopeWriteKV.compute_80.ptx, line 15076; warning : Program is doing double precision computations.
ptxas /tmp/tmpxft_000ce330_00000000-11_applyRopeWriteKV.compute_80.ptx, line 15076; warning : Program is doing double precision computations.
ptxas /tmp/tmpxft_000ce330_00000000-11_applyRopeWriteKV.compute_80.ptx, line 15194; warning : Program is doing double precision computations.
ptxas /tmp/tmpxft_000ce330_00000000-11_applyRopeWriteKV.compute_80.ptx, line 15194; warning : Program is doing double precision computations.
ptxas /tmp/tmpxft_000ce330_00000000-11_applyRopeWriteKV.compute_80.ptx, line 15194; warning : Program is doing double precision computations.
ptxas /tmp/tmpxft_000ce330_00000000-11_applyRopeWriteKV.compute_80.ptx, line 15194; warning : Program is doing double precision computations.
ptxas /tmp/tmpxft_000ce330_00000000-11_applyRopeWriteKV.compute_80.ptx, line 15356; warning : Program is doing double precision computations.
ptxas /tmp/tmpxft_000ce330_00000000-11_applyRopeWriteKV.compute_80.ptx, line 15356; warning : Program is doing double precision computations.
ptxas /tmp/tmpxft_000ce330_00000000-11_applyRopeWriteKV.compute_80.ptx, line 15356; warning : Program is doing double precision computations.
ptxas /tmp/tmpxft_000ce330_00000000-11_applyRopeWriteKV.compute_80.ptx, line 15356; warning : Program is doing double precision computations.
ptxas /tmp/tmpxft_000ce330_00000000-11_applyRopeWriteKV.compute_80.ptx, line 15474; warning : Program is doing double precision computations.
ptxas /tmp/tmpxft_000ce330_00000000-11_applyRopeWriteKV.compute_80.ptx, line 15474; warning : Program is doing double precision computations.
ptxas /tmp/tmpxft_000ce330_00000000-11_applyRopeWriteKV.compute_80.ptx, line 15474; warning : Program is doing double precision computations.
ptxas /tmp/tmpxft_000ce330_00000000-11_applyRopeWriteKV.compute_80.ptx, line 15474; warning : Program is doing double precision computations.
ptxas /tmp/tmpxft_000ce330_00000000-11_applyRopeWriteKV.compute_80.ptx, line 15592; warning : Program is doing double precision computations.
ptxas /tmp/tmpxft_000ce330_00000000-11_applyRopeWriteKV.compute_80.ptx, line 15592; warning : Program is doing double precision computations.
ptxas /tmp/tmpxft_000ce330_00000000-11_applyRopeWriteKV.compute_80.ptx, line 15592; warning : Program is doing double precision computations.
ptxas /tmp/tmpxft_000ce330_00000000-11_applyRopeWriteKV.compute_80.ptx, line 15592; warning : Program is doing double precision computations.
ptxas /tmp/tmpxft_000ce330_00000000-11_applyRopeWriteKV.compute_80.ptx, line 15712; warning : Program is doing double precision computations.
ptxas /tmp/tmpxft_000ce330_00000000-11_applyRopeWriteKV.compute_80.ptx, line 15712; warning : Program is doing double precision computations.
ptxas /tmp/tmpxft_000ce330_00000000-11_applyRopeWriteKV.compute_80.ptx, line 15712; warning : Program is doing double precision computations.
ptxas /tmp/tmpxft_000ce330_00000000-11_applyRopeWriteKV.compute_80.ptx, line 15712; warning : Program is doing double precision computations.
ptxas /tmp/tmpxft_000ce330_00000000-11_applyRopeWriteKV.compute_80.ptx, line 15828; warning : Program is doing double precision computations.
ptxas /tmp/tmpxft_000ce330_00000000-11_applyRopeWriteKV.compute_80.ptx, line 15828; warning : Program is doing double precision computations.
ptxas /tmp/tmpxft_000ce330_00000000-11_applyRopeWriteKV.compute_80.ptx, line 15828; warning : Program is doing double precision computations.
ptxas /tmp/tmpxft_000ce330_00000000-11_applyRopeWriteKV.compute_80.ptx, line 15828; warning : Program is doing double precision computations.
ptxas /tmp/tmpxft_000ce330_00000000-11_applyRopeWriteKV.compute_80.ptx, line 15946; warning : Program is doing double precision computations.
ptxas /tmp/tmpxft_000ce330_00000000-11_applyRopeWriteKV.compute_80.ptx, line 15946; warning : Program is doing double precision computations.
ptxas /tmp/tmpxft_000ce330_00000000-11_applyRopeWriteKV.compute_80.ptx, line 15946; warning : Program is doing double precision computations.
ptxas /tmp/tmpxft_000ce330_00000000-11_applyRopeWriteKV.compute_80.ptx, line 15946; warning : Program is doing double precision computations.
ptxas /tmp/tmpxft_000ce330_00000000-11_applyRopeWriteKV.compute_80.ptx, line 16064; warning : Program is doing double precision computations.
ptxas /tmp/tmpxft_000ce330_00000000-11_applyRopeWriteKV.compute_80.ptx, line 16064; warning : Program is doing double precision computations.
ptxas /tmp/tmpxft_000ce330_00000000-11_applyRopeWriteKV.compute_80.ptx, line 16064; warning : Program is doing double precision computations.
ptxas /tmp/tmpxft_000ce330_00000000-11_applyRopeWriteKV.compute_80.ptx, line 16064; warning : Program is doing double precision computations.
ptxas /tmp/tmpxft_000ce330_00000000-11_applyRopeWriteKV.compute_80.ptx, line 16233; warning : Program is doing double precision computations.
ptxas /tmp/tmpxft_000ce330_00000000-11_applyRopeWriteKV.compute_80.ptx, line 16233; warning : Program is doing double precision computations.
ptxas /tmp/tmpxft_000ce330_00000000-11_applyRopeWriteKV.compute_80.ptx, line 16233; warning : Program is doing double precision computations.
ptxas /tmp/tmpxft_000ce330_00000000-11_applyRopeWriteKV.compute_80.ptx, line 16233; warning : Program is doing double precision computations.
ptxas /tmp/tmpxft_000ce330_00000000-11_applyRopeWriteKV.compute_80.ptx, line 16350; warning : Program is doing double precision computations.
ptxas /tmp/tmpxft_000ce330_00000000-11_applyRopeWriteKV.compute_80.ptx, line 16350; warning : Program is doing double precision computations.
ptxas /tmp/tmpxft_000ce330_00000000-11_applyRopeWriteKV.compute_80.ptx, line 16350; warning : Program is doing double precision computations.
ptxas /tmp/tmpxft_000ce330_00000000-11_applyRopeWriteKV.compute_80.ptx, line 16350; warning : Program is doing double precision computations.
ptxas /tmp/tmpxft_000ce330_00000000-11_applyRopeWriteKV.compute_80.ptx, line 16468; warning : Program is doing double precision computations.
ptxas /tmp/tmpxft_000ce330_00000000-11_applyRopeWriteKV.compute_80.ptx, line 16468; warning : Program is doing double precision computations.
ptxas /tmp/tmpxft_000ce330_00000000-11_applyRopeWriteKV.compute_80.ptx, line 16468; warning : Program is doing double precision computations.
ptxas /tmp/tmpxft_000ce330_00000000-11_applyRopeWriteKV.compute_80.ptx, line 16468; warning : Program is doing double precision computations.
ptxas /tmp/tmpxft_000ce330_00000000-11_applyRopeWriteKV.compute_80.ptx, line 16586; warning : Program is doing double precision computations.
ptxas /tmp/tmpxft_000ce330_00000000-11_applyRopeWriteKV.compute_80.ptx, line 16586; warning : Program is doing double precision computations.
ptxas /tmp/tmpxft_000ce330_00000000-11_applyRopeWriteKV.compute_80.ptx, line 16586; warning : Program is doing double precision computations.
ptxas /tmp/tmpxft_000ce330_00000000-11_applyRopeWriteKV.compute_80.ptx, line 16586; warning : Program is doing double precision computations.
ptxas /tmp/tmpxft_000ce330_00000000-11_applyRopeWriteKV.compute_80.ptx, line 16706; warning : Program is doing double precision computations.
ptxas /tmp/tmpxft_000ce330_00000000-11_applyRopeWriteKV.compute_80.ptx, line 16706; warning : Program is doing double precision computations.
ptxas /tmp/tmpxft_000ce330_00000000-11_applyRopeWriteKV.compute_80.ptx, line 16706; warning : Program is doing double precision computations.
ptxas /tmp/tmpxft_000ce330_00000000-11_applyRopeWriteKV.compute_80.ptx, line 16706; warning : Program is doing double precision computations.
ptxas /tmp/tmpxft_000ce330_00000000-11_applyRopeWriteKV.compute_80.ptx, line 16822; warning : Program is doing double precision computations.
ptxas /tmp/tmpxft_000ce330_00000000-11_applyRopeWriteKV.compute_80.ptx, line 16822; warning : Program is doing double precision computations.
ptxas /tmp/tmpxft_000ce330_00000000-11_applyRopeWriteKV.compute_80.ptx, line 16822; warning : Program is doing double precision computations.
ptxas /tmp/tmpxft_000ce330_00000000-11_applyRopeWriteKV.compute_80.ptx, line 16822; warning : Program is doing double precision computations.
ptxas /tmp/tmpxft_000ce330_00000000-11_applyRopeWriteKV.compute_80.ptx, line 16940; warning : Program is doing double precision computations.
ptxas /tmp/tmpxft_000ce330_00000000-11_applyRopeWriteKV.compute_80.ptx, line 16940; warning : Program is doing double precision computations.
ptxas /tmp/tmpxft_000ce330_00000000-11_applyRopeWriteKV.compute_80.ptx, line 16940; warning : Program is doing double precision computations.
ptxas /tmp/tmpxft_000ce330_00000000-11_applyRopeWriteKV.compute_80.ptx, line 16940; warning : Program is doing double precision computations.
ptxas /tmp/tmpxft_000ce330_00000000-11_applyRopeWriteKV.compute_80.ptx, line 17058; warning : Program is doing double precision computations.
ptxas /tmp/tmpxft_000ce330_00000000-11_applyRopeWriteKV.compute_80.ptx, line 17058; warning : Program is doing double precision computations.
ptxas /tmp/tmpxft_000ce330_00000000-11_applyRopeWriteKV.compute_80.ptx, line 17058; warning : Program is doing double precision computations.
ptxas /tmp/tmpxft_000ce330_00000000-11_applyRopeWriteKV.compute_80.ptx, line 17058; warning : Program is doing double precision computations.
[ 36%] Building CUDA object cpp/CMakeFiles/edgellmCore.dir/kernels/posEncoding/initializeCosSinCache.cu.o
nvcc warning : Resource usage is not shown as the final resource allocation is not done.
[ 36%] Building CUDA object cpp/CMakeFiles/edgellmCore.dir/kernels/preprocessKernels/audioFbankKernels.cu.o
nvcc warning : Resource usage is not shown as the final resource allocation is not done.
[ 37%] Building CUDA object cpp/CMakeFiles/edgellmCore.dir/kernels/preprocessKernels/imageUtilKernels.cu.o
nvcc warning : Resource usage is not shown as the final resource allocation is not done.
[ 37%] Building CUDA object cpp/CMakeFiles/edgellmCore.dir/kernels/speculative/batchEvictKernels.cu.o
nvcc warning : Resource usage is not shown as the final resource allocation is not done.
[ 37%] Building CUDA object cpp/CMakeFiles/edgellmCore.dir/kernels/speculative/ddtreeKernels.cu.o
nvcc warning : Resource usage is not shown as the final resource allocation is not done.
ptxas warning : Local memory used for function '__nv_static_38__f7430e96_16_ddtreeKernels_cu_d5803bab__ZN11trt_edgellm6kernel49_GLOBAL__N__f7430e96_16_ddtreeKernels_cu_d5803bab28selectDDTreeCandidatesKernelEPKfPiPfiiii', size of stack frame: 64 bytes
ptxas warning : Local memory used for function '__nv_static_38__f7430e96_16_ddtreeKernels_cu_d5803bab__ZN11trt_edgellm6kernel49_GLOBAL__N__f7430e96_16_ddtreeKernels_cu_d5803bab28selectDDTreeCandidatesKernelEPKfPiPfiiii', size of stack frame: 64 bytes
ptxas warning : Local memory used for function '__nv_static_38__f7430e96_16_ddtreeKernels_cu_d5803bab__ZN11trt_edgellm6kernel49_GLOBAL__N__f7430e96_16_ddtreeKernels_cu_d5803bab28selectDDTreeCandidatesKernelEPKfPiPfiiii', size of stack frame: 64 bytes
ptxas warning : Local memory used for function '__nv_static_38__f7430e96_16_ddtreeKernels_cu_d5803bab__ZN11trt_edgellm6kernel49_GLOBAL__N__f7430e96_16_ddtreeKernels_cu_d5803bab28selectDDTreeCandidatesKernelEPKfPiPfiiii', size of stack frame: 64 bytes
ptxas warning : Local memory used for function '__nv_static_38__f7430e96_16_ddtreeKernels_cu_d5803bab__ZN11trt_edgellm6kernel49_GLOBAL__N__f7430e96_16_ddtreeKernels_cu_d5803bab28selectDDTreeCandidatesKernelEPKfPiPfiiii', size of stack frame: 128 bytes
ptxas warning : Local memory used for function '__nv_static_38__f7430e96_16_ddtreeKernels_cu_d5803bab__ZN11trt_edgellm6kernel49_GLOBAL__N__f7430e96_16_ddtreeKernels_cu_d5803bab28selectDDTreeCandidatesKernelEPKfPiPfiiii', size of stack frame: 128 bytes
[ 37%] Building CUDA object cpp/CMakeFiles/edgellmCore.dir/kernels/speculative/dflashRuntimeKernels.cu.o
nvcc warning : Resource usage is not shown as the final resource allocation is not done.
[ 39%] Building CUDA object cpp/CMakeFiles/edgellmCore.dir/kernels/speculative/dsparkKernels.cu.o
nvcc warning : Resource usage is not shown as the final resource allocation is not done.
[ 39%] Building CUDA object cpp/CMakeFiles/edgellmCore.dir/kernels/speculative/eagleAcceptKernels.cu.o
nvcc warning : Resource usage is not shown as the final resource allocation is not done.
[ 39%] Building CUDA object cpp/CMakeFiles/edgellmCore.dir/kernels/speculative/eagleUtilKernels.cu.o
nvcc warning : Resource usage is not shown as the final resource allocation is not done.
ptxas warning : Local memory used for function '_ZN11trt_edgellm6kernel34eagleBaseAssembleHiddenStateKernelILi32EEEvPKiS3_P6__halfiiii', size of stack frame: 512 bytes
ptxas warning : Local memory used for function '_ZN11trt_edgellm6kernel35eagleBaseCommitKVCacheBatchedKernelILi512ELi32E13__nv_fp8_e4m3EEvPKiS4_S4_PKNS0_11KVLayerInfoEiiS4_ii', size of stack frame: 256 bytes
ptxas warning : Local memory used for function '_ZN11trt_edgellm6kernel35eagleBaseCommitKVCacheBatchedKernelILi512ELi32E6__halfEEvPKiS4_S4_PKNS0_11KVLayerInfoEiiS4_ii', size of stack frame: 512 bytes
ptxas warning : Local memory used for function '_ZN11trt_edgellm6kernel35eagleBaseCommitKVCacheBatchedKernelILi256ELi32E13__nv_fp8_e4m3EEvPKiS4_S4_PKNS0_11KVLayerInfoEiiS4_ii', size of stack frame: 256 bytes
ptxas warning : Local memory used for function '_ZN11trt_edgellm6kernel35eagleBaseCommitKVCacheBatchedKernelILi256ELi32E6__halfEEvPKiS4_S4_PKNS0_11KVLayerInfoEiiS4_ii', size of stack frame: 512 bytes
ptxas warning : Local memory used for function '_ZN11trt_edgellm6kernel35eagleBaseCommitKVCacheBatchedKernelILi128ELi32E13__nv_fp8_e4m3EEvPKiS4_S4_PKNS0_11KVLayerInfoEiiS4_ii', size of stack frame: 256 bytes
ptxas warning : Local memory used for function '_ZN11trt_edgellm6kernel35eagleBaseCommitKVCacheBatchedKernelILi128ELi32E6__halfEEvPKiS4_S4_PKNS0_11KVLayerInfoEiiS4_ii', size of stack frame: 512 bytes
ptxas warning : Local memory used for function '_ZN11trt_edgellm6kernel35eagleBaseCommitKVCacheBatchedKernelILi64ELi32E13__nv_fp8_e4m3EEvPKiS4_S4_PKNS0_11KVLayerInfoEiiS4_ii', size of stack frame: 256 bytes
ptxas warning : Local memory used for function '_ZN11trt_edgellm6kernel35eagleBaseCommitKVCacheBatchedKernelILi64ELi32E6__halfEEvPKiS4_S4_PKNS0_11KVLayerInfoEiiS4_ii', size of stack frame: 512 bytes
ptxas warning : Local memory used for function '_ZN11trt_edgellm6kernel36constructVerificationDraftTreeKernelEPKiS2_S2_PiPaii', size of stack frame: 144 bytes
ptxas warning : Local memory used for function '_ZN11trt_edgellm6kernel34eagleBaseAssembleHiddenStateKernelILi32EEEvPKiS3_P6__halfiiii', size of stack frame: 512 bytes
ptxas warning : Local memory used for function '_ZN11trt_edgellm6kernel35eagleBaseCommitKVCacheBatchedKernelILi512ELi32E13__nv_fp8_e4m3EEvPKiS4_S4_PKNS0_11KVLayerInfoEiiS4_ii', size of stack frame: 256 bytes
ptxas warning : Local memory used for function '_ZN11trt_edgellm6kernel35eagleBaseCommitKVCacheBatchedKernelILi512ELi32E6__halfEEvPKiS4_S4_PKNS0_11KVLayerInfoEiiS4_ii', size of stack frame: 512 bytes
ptxas warning : Local memory used for function '_ZN11trt_edgellm6kernel35eagleBaseCommitKVCacheBatchedKernelILi256ELi32E13__nv_fp8_e4m3EEvPKiS4_S4_PKNS0_11KVLayerInfoEiiS4_ii', size of stack frame: 256 bytes
ptxas warning : Local memory used for function '_ZN11trt_edgellm6kernel35eagleBaseCommitKVCacheBatchedKernelILi256ELi32E6__halfEEvPKiS4_S4_PKNS0_11KVLayerInfoEiiS4_ii', size of stack frame: 512 bytes
ptxas warning : Local memory used for function '_ZN11trt_edgellm6kernel35eagleBaseCommitKVCacheBatchedKernelILi128ELi32E13__nv_fp8_e4m3EEvPKiS4_S4_PKNS0_11KVLayerInfoEiiS4_ii', size of stack frame: 256 bytes
ptxas warning : Local memory used for function '_ZN11trt_edgellm6kernel35eagleBaseCommitKVCacheBatchedKernelILi128ELi32E6__halfEEvPKiS4_S4_PKNS0_11KVLayerInfoEiiS4_ii', size of stack frame: 512 bytes
ptxas warning : Local memory used for function '_ZN11trt_edgellm6kernel35eagleBaseCommitKVCacheBatchedKernelILi64ELi32E13__nv_fp8_e4m3EEvPKiS4_S4_PKNS0_11KVLayerInfoEiiS4_ii', size of stack frame: 256 bytes
ptxas warning : Local memory used for function '_ZN11trt_edgellm6kernel35eagleBaseCommitKVCacheBatchedKernelILi64ELi32E6__halfEEvPKiS4_S4_PKNS0_11KVLayerInfoEiiS4_ii', size of stack frame: 512 bytes
ptxas warning : Local memory used for function '_ZN11trt_edgellm6kernel36constructVerificationDraftTreeKernelEPKiS2_S2_PiPaii', size of stack frame: 144 bytes
ptxas warning : Local memory used for function '_ZN11trt_edgellm6kernel34eagleBaseAssembleHiddenStateKernelILi32EEEvPKiS3_P6__halfiiii', size of stack frame: 512 bytes
ptxas warning : Local memory used for function '_ZN11trt_edgellm6kernel35eagleBaseCommitKVCacheBatchedKernelILi512ELi32E13__nv_fp8_e4m3EEvPKiS4_S4_PKNS0_11KVLayerInfoEiiS4_ii', size of stack frame: 256 bytes
ptxas warning : Local memory used for function '_ZN11trt_edgellm6kernel35eagleBaseCommitKVCacheBatchedKernelILi512ELi32E6__halfEEvPKiS4_S4_PKNS0_11KVLayerInfoEiiS4_ii', size of stack frame: 512 bytes
ptxas warning : Local memory used for function '_ZN11trt_edgellm6kernel35eagleBaseCommitKVCacheBatchedKernelILi256ELi32E13__nv_fp8_e4m3EEvPKiS4_S4_PKNS0_11KVLayerInfoEiiS4_ii', size of stack frame: 256 bytes
ptxas warning : Local memory used for function '_ZN11trt_edgellm6kernel35eagleBaseCommitKVCacheBatchedKernelILi256ELi32E6__halfEEvPKiS4_S4_PKNS0_11KVLayerInfoEiiS4_ii', size of stack frame: 512 bytes
ptxas warning : Local memory used for function '_ZN11trt_edgellm6kernel35eagleBaseCommitKVCacheBatchedKernelILi128ELi32E13__nv_fp8_e4m3EEvPKiS4_S4_PKNS0_11KVLayerInfoEiiS4_ii', size of stack frame: 256 bytes
ptxas warning : Local memory used for function '_ZN11trt_edgellm6kernel35eagleBaseCommitKVCacheBatchedKernelILi128ELi32E6__halfEEvPKiS4_S4_PKNS0_11KVLayerInfoEiiS4_ii', size of stack frame: 512 bytes
ptxas warning : Local memory used for function '_ZN11trt_edgellm6kernel35eagleBaseCommitKVCacheBatchedKernelILi64ELi32E13__nv_fp8_e4m3EEvPKiS4_S4_PKNS0_11KVLayerInfoEiiS4_ii', size of stack frame: 256 bytes
ptxas warning : Local memory used for function '_ZN11trt_edgellm6kernel35eagleBaseCommitKVCacheBatchedKernelILi64ELi32E6__halfEEvPKiS4_S4_PKNS0_11KVLayerInfoEiiS4_ii', size of stack frame: 512 bytes
ptxas warning : Local memory used for function '_ZN11trt_edgellm6kernel36constructVerificationDraftTreeKernelEPKiS2_S2_PiPaii', size of stack frame: 144 bytes
ptxas warning : Local memory used for function '_ZN11trt_edgellm6kernel34eagleBaseAssembleHiddenStateKernelILi32EEEvPKiS3_P6__halfiiii', size of stack frame: 512 bytes
ptxas warning : Local memory used for function '_ZN11trt_edgellm6kernel35eagleBaseCommitKVCacheBatchedKernelILi512ELi32E13__nv_fp8_e4m3EEvPKiS4_S4_PKNS0_11KVLayerInfoEiiS4_ii', size of stack frame: 256 bytes
ptxas warning : Local memory used for function '_ZN11trt_edgellm6kernel35eagleBaseCommitKVCacheBatchedKernelILi512ELi32E6__halfEEvPKiS4_S4_PKNS0_11KVLayerInfoEiiS4_ii', size of stack frame: 512 bytes
ptxas warning : Local memory used for function '_ZN11trt_edgellm6kernel35eagleBaseCommitKVCacheBatchedKernelILi256ELi32E13__nv_fp8_e4m3EEvPKiS4_S4_PKNS0_11KVLayerInfoEiiS4_ii', size of stack frame: 256 bytes
ptxas warning : Local memory used for function '_ZN11trt_edgellm6kernel35eagleBaseCommitKVCacheBatchedKernelILi256ELi32E6__halfEEvPKiS4_S4_PKNS0_11KVLayerInfoEiiS4_ii', size of stack frame: 512 bytes
ptxas warning : Local memory used for function '_ZN11trt_edgellm6kernel35eagleBaseCommitKVCacheBatchedKernelILi128ELi32E13__nv_fp8_e4m3EEvPKiS4_S4_PKNS0_11KVLayerInfoEiiS4_ii', size of stack frame: 256 bytes
ptxas warning : Local memory used for function '_ZN11trt_edgellm6kernel35eagleBaseCommitKVCacheBatchedKernelILi128ELi32E6__halfEEvPKiS4_S4_PKNS0_11KVLayerInfoEiiS4_ii', size of stack frame: 512 bytes
ptxas warning : Local memory used for function '_ZN11trt_edgellm6kernel35eagleBaseCommitKVCacheBatchedKernelILi64ELi32E13__nv_fp8_e4m3EEvPKiS4_S4_PKNS0_11KVLayerInfoEiiS4_ii', size of stack frame: 256 bytes
ptxas warning : Local memory used for function '_ZN11trt_edgellm6kernel35eagleBaseCommitKVCacheBatchedKernelILi64ELi32E6__halfEEvPKiS4_S4_PKNS0_11KVLayerInfoEiiS4_ii', size of stack frame: 512 bytes
ptxas warning : Local memory used for function '_ZN11trt_edgellm6kernel36constructVerificationDraftTreeKernelEPKiS2_S2_PiPaii', size of stack frame: 144 bytes
ptxas warning : Local memory used for function '_ZN11trt_edgellm6kernel34eagleBaseAssembleHiddenStateKernelILi32EEEvPKiS3_P6__halfiiii', size of stack frame: 512 bytes
ptxas warning : Local memory used for function '_ZN11trt_edgellm6kernel35eagleBaseCommitKVCacheBatchedKernelILi512ELi32E13__nv_fp8_e4m3EEvPKiS4_S4_PKNS0_11KVLayerInfoEiiS4_ii', size of stack frame: 256 bytes
ptxas warning : Local memory used for function '_ZN11trt_edgellm6kernel35eagleBaseCommitKVCacheBatchedKernelILi512ELi32E6__halfEEvPKiS4_S4_PKNS0_11KVLayerInfoEiiS4_ii', size of stack frame: 512 bytes
ptxas warning : Local memory used for function '_ZN11trt_edgellm6kernel35eagleBaseCommitKVCacheBatchedKernelILi256ELi32E13__nv_fp8_e4m3EEvPKiS4_S4_PKNS0_11KVLayerInfoEiiS4_ii', size of stack frame: 256 bytes
ptxas warning : Local memory used for function '_ZN11trt_edgellm6kernel35eagleBaseCommitKVCacheBatchedKernelILi256ELi32E6__halfEEvPKiS4_S4_PKNS0_11KVLayerInfoEiiS4_ii', size of stack frame: 512 bytes
ptxas warning : Local memory used for function '_ZN11trt_edgellm6kernel35eagleBaseCommitKVCacheBatchedKernelILi128ELi32E13__nv_fp8_e4m3EEvPKiS4_S4_PKNS0_11KVLayerInfoEiiS4_ii', size of stack frame: 256 bytes
ptxas warning : Local memory used for function '_ZN11trt_edgellm6kernel35eagleBaseCommitKVCacheBatchedKernelILi128ELi32E6__halfEEvPKiS4_S4_PKNS0_11KVLayerInfoEiiS4_ii', size of stack frame: 512 bytes
ptxas warning : Local memory used for function '_ZN11trt_edgellm6kernel35eagleBaseCommitKVCacheBatchedKernelILi64ELi32E13__nv_fp8_e4m3EEvPKiS4_S4_PKNS0_11KVLayerInfoEiiS4_ii', size of stack frame: 256 bytes
ptxas warning : Local memory used for function '_ZN11trt_edgellm6kernel35eagleBaseCommitKVCacheBatchedKernelILi64ELi32E6__halfEEvPKiS4_S4_PKNS0_11KVLayerInfoEiiS4_ii', size of stack frame: 512 bytes
ptxas warning : Local memory used for function '_ZN11trt_edgellm6kernel36constructVerificationDraftTreeKernelEPKiS2_S2_PiPaii', size of stack frame: 144 bytes
ptxas warning : Local memory used for function '_ZN11trt_edgellm6kernel34eagleBaseAssembleHiddenStateKernelILi32EEEvPKiS3_P6__halfiiii', size of stack frame: 512 bytes
ptxas warning : Local memory used for function '_ZN11trt_edgellm6kernel35eagleBaseCommitKVCacheBatchedKernelILi512ELi32E13__nv_fp8_e4m3EEvPKiS4_S4_PKNS0_11KVLayerInfoEiiS4_ii', size of stack frame: 256 bytes
ptxas warning : Local memory used for function '_ZN11trt_edgellm6kernel35eagleBaseCommitKVCacheBatchedKernelILi512ELi32E6__halfEEvPKiS4_S4_PKNS0_11KVLayerInfoEiiS4_ii', size of stack frame: 512 bytes
ptxas warning : Local memory used for function '_ZN11trt_edgellm6kernel35eagleBaseCommitKVCacheBatchedKernelILi256ELi32E13__nv_fp8_e4m3EEvPKiS4_S4_PKNS0_11KVLayerInfoEiiS4_ii', size of stack frame: 256 bytes
ptxas warning : Local memory used for function '_ZN11trt_edgellm6kernel35eagleBaseCommitKVCacheBatchedKernelILi256ELi32E6__halfEEvPKiS4_S4_PKNS0_11KVLayerInfoEiiS4_ii', size of stack frame: 512 bytes
ptxas warning : Local memory used for function '_ZN11trt_edgellm6kernel35eagleBaseCommitKVCacheBatchedKernelILi128ELi32E13__nv_fp8_e4m3EEvPKiS4_S4_PKNS0_11KVLayerInfoEiiS4_ii', size of stack frame: 256 bytes
ptxas warning : Local memory used for function '_ZN11trt_edgellm6kernel35eagleBaseCommitKVCacheBatchedKernelILi128ELi32E6__halfEEvPKiS4_S4_PKNS0_11KVLayerInfoEiiS4_ii', size of stack frame: 512 bytes
ptxas warning : Local memory used for function '_ZN11trt_edgellm6kernel35eagleBaseCommitKVCacheBatchedKernelILi64ELi32E13__nv_fp8_e4m3EEvPKiS4_S4_PKNS0_11KVLayerInfoEiiS4_ii', size of stack frame: 256 bytes
ptxas warning : Local memory used for function '_ZN11trt_edgellm6kernel35eagleBaseCommitKVCacheBatchedKernelILi64ELi32E6__halfEEvPKiS4_S4_PKNS0_11KVLayerInfoEiiS4_ii', size of stack frame: 512 bytes
ptxas warning : Local memory used for function '_ZN11trt_edgellm6kernel36constructVerificationDraftTreeKernelEPKiS2_S2_PiPaii', size of stack frame: 144 bytes
[ 41%] Building CUDA object cpp/CMakeFiles/edgellmCore.dir/kernels/speculative/gemma4MTPRuntimeKernels.cu.o
nvcc warning : Resource usage is not shown as the final resource allocation is not done.
[ 41%] Building CUDA object cpp/CMakeFiles/edgellmCore.dir/kernels/speculative/mtpStateScatterKernels.cu.o
nvcc warning : Resource usage is not shown as the final resource allocation is not done.
[ 41%] Building CUDA object cpp/CMakeFiles/edgellmCore.dir/kernels/talkerMLPKernels/cuteDslGemmRunner.cu.o
nvcc warning : Resource usage is not shown as the final resource allocation is not done.
[ 41%] Building CUDA object cpp/CMakeFiles/edgellmCore.dir/kernels/talkerMLPKernels/talkerMLPKernels.cu.o
nvcc warning : Resource usage is not shown as the final resource allocation is not done.
/home/ajmalrasi/json-schema-phase4a-20260923/source/cpp/kernels/talkerMLPKernels/talkerMLPKernels.cu(229): warning #177-D: function "trt_edgellm::kernel::<unnamed>::invokeBiasAndSiLU" was declared but never referenced
  void invokeBiasAndSiLU(rt::Tensor& data, rt::Tensor const& bias, cudaStream_t stream)
       ^

Remark: The warnings can be suppressed with "-diag-suppress <warning-number>"

/home/ajmalrasi/json-schema-phase4a-20260923/source/cpp/kernels/talkerMLPKernels/talkerMLPKernels.cu(252): warning #177-D: function "trt_edgellm::kernel::<unnamed>::invokeAddBias" was declared but never referenced
  void invokeAddBias(rt::Tensor& data, rt::Tensor const& bias, cudaStream_t stream)
       ^

/home/ajmalrasi/json-schema-phase4a-20260923/source/cpp/kernels/talkerMLPKernels/talkerMLPKernels.cu(229): warning #177-D: function "trt_edgellm::kernel::<unnamed>::invokeBiasAndSiLU" was declared but never referenced
  void invokeBiasAndSiLU(rt::Tensor& data, rt::Tensor const& bias, cudaStream_t stream)
       ^

Remark: The warnings can be suppressed with "-diag-suppress <warning-number>"

/home/ajmalrasi/json-schema-phase4a-20260923/source/cpp/kernels/talkerMLPKernels/talkerMLPKernels.cu(252): warning #177-D: function "trt_edgellm::kernel::<unnamed>::invokeAddBias" was declared but never referenced
  void invokeAddBias(rt::Tensor& data, rt::Tensor const& bias, cudaStream_t stream)
       ^

/home/ajmalrasi/json-schema-phase4a-20260923/source/cpp/kernels/talkerMLPKernels/talkerMLPKernels.cu(229): warning #177-D: function "trt_edgellm::kernel::<unnamed>::invokeBiasAndSiLU" was declared but never referenced
  void invokeBiasAndSiLU(rt::Tensor& data, rt::Tensor const& bias, cudaStream_t stream)
       ^

Remark: The warnings can be suppressed with "-diag-suppress <warning-number>"

/home/ajmalrasi/json-schema-phase4a-20260923/source/cpp/kernels/talkerMLPKernels/talkerMLPKernels.cu(252): warning #177-D: function "trt_edgellm::kernel::<unnamed>::invokeAddBias" was declared but never referenced
  void invokeAddBias(rt::Tensor& data, rt::Tensor const& bias, cudaStream_t stream)
       ^

/home/ajmalrasi/json-schema-phase4a-20260923/source/cpp/kernels/talkerMLPKernels/talkerMLPKernels.cu(229): warning #177-D: function "trt_edgellm::kernel::<unnamed>::invokeBiasAndSiLU" was declared but never referenced
  void invokeBiasAndSiLU(rt::Tensor& data, rt::Tensor const& bias, cudaStream_t stream)
       ^

Remark: The warnings can be suppressed with "-diag-suppress <warning-number>"

/home/ajmalrasi/json-schema-phase4a-20260923/source/cpp/kernels/talkerMLPKernels/talkerMLPKernels.cu(252): warning #177-D: function "trt_edgellm::kernel::<unnamed>::invokeAddBias" was declared but never referenced
  void invokeAddBias(rt::Tensor& data, rt::Tensor const& bias, cudaStream_t stream)
       ^

/home/ajmalrasi/json-schema-phase4a-20260923/source/cpp/kernels/talkerMLPKernels/talkerMLPKernels.cu(229): warning #177-D: function "trt_edgellm::kernel::<unnamed>::invokeBiasAndSiLU" was declared but never referenced
  void invokeBiasAndSiLU(rt::Tensor& data, rt::Tensor const& bias, cudaStream_t stream)
       ^

Remark: The warnings can be suppressed with "-diag-suppress <warning-number>"

/home/ajmalrasi/json-schema-phase4a-20260923/source/cpp/kernels/talkerMLPKernels/talkerMLPKernels.cu(252): warning #177-D: function "trt_edgellm::kernel::<unnamed>::invokeAddBias" was declared but never referenced
  void invokeAddBias(rt::Tensor& data, rt::Tensor const& bias, cudaStream_t stream)
       ^

/home/ajmalrasi/json-schema-phase4a-20260923/source/cpp/kernels/talkerMLPKernels/talkerMLPKernels.cu(229): warning #177-D: function "trt_edgellm::kernel::<unnamed>::invokeBiasAndSiLU" was declared but never referenced
  void invokeBiasAndSiLU(rt::Tensor& data, rt::Tensor const& bias, cudaStream_t stream)
       ^

Remark: The warnings can be suppressed with "-diag-suppress <warning-number>"

/home/ajmalrasi/json-schema-phase4a-20260923/source/cpp/kernels/talkerMLPKernels/talkerMLPKernels.cu(252): warning #177-D: function "trt_edgellm::kernel::<unnamed>::invokeAddBias" was declared but never referenced
  void invokeAddBias(rt::Tensor& data, rt::Tensor const& bias, cudaStream_t stream)
       ^

[ 43%] Building CUDA object cpp/CMakeFiles/edgellmCore.dir/kernels/weightsTransform/fp16/linear/fp16LayoutConvert.cu.o
nvcc warning : Resource usage is not shown as the final resource allocation is not done.
[ 43%] Building CUDA object cpp/CMakeFiles/edgellmCore.dir/kernels/weightsTransform/fp16/moe/fp16MoeAssemble.cu.o
nvcc warning : Resource usage is not shown as the final resource allocation is not done.
[ 43%] Building CUDA object cpp/CMakeFiles/edgellmCore.dir/kernels/weightsTransform/int4/groupwiseGemm/common/gptqActivationPermutation.cu.o
nvcc warning : Resource usage is not shown as the final resource allocation is not done.
[ 44%] Building CUDA object cpp/CMakeFiles/edgellmCore.dir/kernels/weightsTransform/int4/groupwiseGemm/common/int4QkvScaleConcat.cu.o
nvcc warning : Resource usage is not shown as the final resource allocation is not done.
[ 44%] Building CUDA object cpp/CMakeFiles/edgellmCore.dir/kernels/weightsTransform/int4/groupwiseGemm/v1/int4PluginV1Repack.cu.o
nvcc warning : Resource usage is not shown as the final resource allocation is not done.
ptxas warning : Local memory used for function '__nv_static_50__fe435026_21_int4PluginV1Repack_cu_f91804f4_846590__ZN11trt_edgellm6kernel61_GLOBAL__N__fe435026_21_int4PluginV1Repack_cu_f91804f4_84659030directInt4PluginV1RepackKernelINS0_15AwqInt4AccessorEEEvT_Ptil', size of stack frame: 32 bytes
ptxas warning : Local memory used for function '__nv_static_50__fe435026_21_int4PluginV1Repack_cu_f91804f4_846590__ZN11trt_edgellm6kernel61_GLOBAL__N__fe435026_21_int4PluginV1Repack_cu_f91804f4_84659030directInt4PluginV1RepackKernelINS0_15AwqInt4AccessorEEEvT_Ptil', size of stack frame: 32 bytes
ptxas warning : Local memory used for function '__nv_static_50__fe435026_21_int4PluginV1Repack_cu_f91804f4_846590__ZN11trt_edgellm6kernel61_GLOBAL__N__fe435026_21_int4PluginV1Repack_cu_f91804f4_84659030directInt4PluginV1RepackKernelINS0_15AwqInt4AccessorEEEvT_Ptil', size of stack frame: 32 bytes
ptxas warning : Local memory used for function '__nv_static_50__fe435026_21_int4PluginV1Repack_cu_f91804f4_846590__ZN11trt_edgellm6kernel61_GLOBAL__N__fe435026_21_int4PluginV1Repack_cu_f91804f4_84659030directInt4PluginV1RepackKernelINS0_15AwqInt4AccessorEEEvT_Ptil', size of stack frame: 32 bytes
ptxas warning : Local memory used for function '__nv_static_50__fe435026_21_int4PluginV1Repack_cu_f91804f4_846590__ZN11trt_edgellm6kernel61_GLOBAL__N__fe435026_21_int4PluginV1Repack_cu_f91804f4_84659030directInt4PluginV1RepackKernelINS0_15AwqInt4AccessorEEEvT_Ptil', size of stack frame: 32 bytes
ptxas warning : Local memory used for function '__nv_static_50__fe435026_21_int4PluginV1Repack_cu_f91804f4_846590__ZN11trt_edgellm6kernel61_GLOBAL__N__fe435026_21_int4PluginV1Repack_cu_f91804f4_84659030directInt4PluginV1RepackKernelINS0_15AwqInt4AccessorEEEvT_Ptil', size of stack frame: 32 bytes
[ 44%] Building CUDA object cpp/CMakeFiles/edgellmCore.dir/kernels/weightsTransform/int4/groupwiseGemm/v2/int4CuteDslRepack.cu.o
nvcc warning : Resource usage is not shown as the final resource allocation is not done.
[ 44%] Building CUDA object cpp/CMakeFiles/edgellmCore.dir/kernels/weightsTransform/int4/moe/gptqMarlin/gptqMarlinRepack.cu.o
nvcc warning : Resource usage is not shown as the final resource allocation is not done.
[ 46%] Building CUDA object cpp/CMakeFiles/edgellmCore.dir/kernels/weightsTransform/int4/moe/gptqMarlin/int4MoeScaleRepack.cu.o
nvcc warning : Resource usage is not shown as the final resource allocation is not done.
[ 46%] Building CUDA object cpp/CMakeFiles/edgellmCore.dir/kernels/weightsTransform/nvfp4/moe/common/nvfp4MoeScaleTransform.cu.o
nvcc warning : Resource usage is not shown as the final resource allocation is not done.
ptxas /tmp/tmpxft_000cec4d_00000000-11_nvfp4MoeScaleTransform.compute_80.ptx, line 2585; warning : Program is doing double precision computations.
ptxas /tmp/tmpxft_000cec4d_00000000-11_nvfp4MoeScaleTransform.compute_80.ptx, line 2585; warning : Program is doing double precision computations.
ptxas /tmp/tmpxft_000cec4d_00000000-11_nvfp4MoeScaleTransform.compute_80.ptx, line 2585; warning : Program is doing double precision computations.
ptxas /tmp/tmpxft_000cec4d_00000000-11_nvfp4MoeScaleTransform.compute_80.ptx, line 2585; warning : Program is doing double precision computations.
ptxas /tmp/tmpxft_000cec4d_00000000-10_nvfp4MoeScaleTransform.compute_86.ptx, line 2585; warning : Program is doing double precision computations.
ptxas /tmp/tmpxft_000cec4d_00000000-10_nvfp4MoeScaleTransform.compute_86.ptx, line 2585; warning : Program is doing double precision computations.
ptxas /tmp/tmpxft_000cec4d_00000000-10_nvfp4MoeScaleTransform.compute_86.ptx, line 2585; warning : Program is doing double precision computations.
ptxas /tmp/tmpxft_000cec4d_00000000-10_nvfp4MoeScaleTransform.compute_86.ptx, line 2585; warning : Program is doing double precision computations.
[ 46%] Building CUDA object cpp/CMakeFiles/edgellmCore.dir/kernels/weightsTransform/nvfp4/moe/common/nvfp4MoeWeightTransform.cu.o
nvcc warning : Resource usage is not shown as the final resource allocation is not done.
[ 46%] Building CXX object cpp/CMakeFiles/edgellmCore.dir/sampler/samplingUtils.cpp.o
[ 48%] Building CUDA object cpp/CMakeFiles/edgellmCore.dir/sampler/diffusionGemma/diffusionGemmaSampling.cu.o
nvcc warning : Resource usage is not shown as the final resource allocation is not done.
[ 48%] Building CUDA object cpp/CMakeFiles/edgellmCore.dir/sampler/sampling.cu.o
nvcc warning : Resource usage is not shown as the final resource allocation is not done.
ptxas warning : Local memory used for function '_ZN11trt_edgellm12topPSamplingILi256EEEvPKfPKiPiS4_S4_immfi', size of stack frame: 48 bytes
ptxas warning : Local memory used for function '_ZN11trt_edgellm18topKStage2SamplingILi256EEEvPKiPfPiNS_14SamplingParamsEmm', size of stack frame: 48 bytes
ptxas warning : Local memory used for function '_ZN3cub38_V_300200_SM_800_860_890_900_1000_12006detail10radix_sort30DeviceSegmentedRadixSortKernelINS1_5radix10policy_hubIfiiE10Policy1000ELb0ELNS0_9SortOrderE1EfiPiS9_iNS1_21identity_decomposer_tEEEvPKT2_PSB_PKT3_PSF_T4_T5_iiT7_', size of stack frame: 136 bytes
ptxas warning : Registers are spilled to local memory in function '_ZN3cub38_V_300200_SM_800_860_890_900_1000_12006detail10radix_sort30DeviceSegmentedRadixSortKernelINS1_5radix10policy_hubIfiiE10Policy1000ELb0ELNS0_9SortOrderE1EfiPiS9_iNS1_21identity_decomposer_tEEEvPKT2_PSB_PKT3_PSF_T4_T5_iiT7_', 380 bytes spill stores, 272 bytes spill loads
ptxas warning : Local memory used for function '_ZN11trt_edgellm12topPSamplingILi256EEEvPKfPKiPiS4_S4_immfi', size of stack frame: 48 bytes
ptxas warning : Local memory used for function '_ZN11trt_edgellm18topKStage2SamplingILi256EEEvPKiPfPiNS_14SamplingParamsEmm', size of stack frame: 48 bytes
ptxas warning : Local memory used for function '_ZN3cub38_V_300200_SM_800_860_890_900_1000_12006detail10radix_sort30DeviceSegmentedRadixSortKernelINS1_5radix10policy_hubIfiiE10Policy1000ELb0ELNS0_9SortOrderE1EfiPiS9_iNS1_21identity_decomposer_tEEEvPKT2_PSB_PKT3_PSF_T4_T5_iiT7_', size of stack frame: 136 bytes
ptxas warning : Registers are spilled to local memory in function '_ZN3cub38_V_300200_SM_800_860_890_900_1000_12006detail10radix_sort30DeviceSegmentedRadixSortKernelINS1_5radix10policy_hubIfiiE10Policy1000ELb0ELNS0_9SortOrderE1EfiPiS9_iNS1_21identity_decomposer_tEEEvPKT2_PSB_PKT3_PSF_T4_T5_iiT7_', 380 bytes spill stores, 272 bytes spill loads
ptxas warning : Local memory used for function '_ZN11trt_edgellm12topPSamplingILi256EEEvPKfPKiPiS4_S4_immfi', size of stack frame: 48 bytes
ptxas warning : Local memory used for function '_ZN11trt_edgellm18topKStage2SamplingILi256EEEvPKiPfPiNS_14SamplingParamsEmm', size of stack frame: 48 bytes
ptxas warning : Local memory used for function '_ZN3cub38_V_300200_SM_800_860_890_900_1000_12006detail10radix_sort30DeviceSegmentedRadixSortKernelINS1_5radix10policy_hubIfiiE10Policy1000ELb0ELNS0_9SortOrderE1EfiPiS9_iNS1_21identity_decomposer_tEEEvPKT2_PSB_PKT3_PSF_T4_T5_iiT7_', size of stack frame: 296 bytes
ptxas warning : Registers are spilled to local memory in function '_ZN3cub38_V_300200_SM_800_860_890_900_1000_12006detail10radix_sort30DeviceSegmentedRadixSortKernelINS1_5radix10policy_hubIfiiE10Policy1000ELb0ELNS0_9SortOrderE1EfiPiS9_iNS1_21identity_decomposer_tEEEvPKT2_PSB_PKT3_PSF_T4_T5_iiT7_', 592 bytes spill stores, 460 bytes spill loads
ptxas warning : Local memory used for function '_ZN11trt_edgellm12topPSamplingILi256EEEvPKfPKiPiS4_S4_immfi', size of stack frame: 48 bytes
ptxas warning : Local memory used for function '_ZN11trt_edgellm18topKStage2SamplingILi256EEEvPKiPfPiNS_14SamplingParamsEmm', size of stack frame: 48 bytes
[ 48%] Building CXX object cpp/CMakeFiles/edgellmCore.dir/multimodal/common/audioUtils.cpp.o
[ 50%] Building CXX object cpp/CMakeFiles/edgellmCore.dir/multimodal/common/imageUtils.cpp.o
[ 50%] Building CXX object cpp/CMakeFiles/edgellmCore.dir/multimodal/common/multimodalRunner.cpp.o
[ 50%] Building CXX object cpp/CMakeFiles/edgellmCore.dir/multimodal/cosmos3/cosmos3EdgeViTRunner.cpp.o
[ 50%] Building CXX object cpp/CMakeFiles/edgellmCore.dir/multimodal/gemma4/gemma4AudioRunner.cpp.o
[ 51%] Building CXX object cpp/CMakeFiles/edgellmCore.dir/multimodal/gemma4/gemma4UnifiedAudioRunner.cpp.o
[ 51%] Building CXX object cpp/CMakeFiles/edgellmCore.dir/multimodal/gemma4/gemma4UnifiedVisionRunner.cpp.o
[ 51%] Building CXX object cpp/CMakeFiles/edgellmCore.dir/multimodal/gemma4/gemma4ViTRunner.cpp.o
[ 53%] Building CXX object cpp/CMakeFiles/edgellmCore.dir/multimodal/internvl/internViTRunner.cpp.o
[ 53%] Building CXX object cpp/CMakeFiles/edgellmCore.dir/multimodal/nemotron_omni/nemotronOmniAudioRunner.cpp.o
[ 53%] Building CXX object cpp/CMakeFiles/edgellmCore.dir/multimodal/nemotron_omni/nemotronOmniViTRunner.cpp.o
[ 53%] Building CXX object cpp/CMakeFiles/edgellmCore.dir/multimodal/phi4mm/phi4mmViTRunner.cpp.o
[ 55%] Building CXX object cpp/CMakeFiles/edgellmCore.dir/multimodal/qwen2/qwenViTRunner.cpp.o
[ 55%] Building CXX object cpp/CMakeFiles/edgellmCore.dir/multimodal/qwen2_5/qwen25vlViTRunner.cpp.o
[ 55%] Building CXX object cpp/CMakeFiles/edgellmCore.dir/multimodal/qwen3/qwen3vlViTRunner.cpp.o
[ 56%] Building CXX object cpp/CMakeFiles/edgellmCore.dir/multimodal/qwen3_omni/audioRunner.cpp.o
[ 56%] Building CXX object cpp/CMakeFiles/edgellmCore.dir/multimodal/qwen3_omni/cloneEncoderRunner.cpp.o
[ 56%] Building CXX object cpp/CMakeFiles/edgellmCore.dir/multimodal/qwen3_omni/code2WavRunner.cpp.o
[ 56%] Building CXX object cpp/CMakeFiles/edgellmCore.dir/multimodal/qwen3_omni/qwen3omniViTRunner.cpp.o
[ 58%] Building CXX object cpp/CMakeFiles/edgellmCore.dir/action/actionKvBatch.cpp.o
[ 58%] Building CXX object cpp/CMakeFiles/edgellmCore.dir/action/actionUtils.cpp.o
[ 58%] Building CXX object cpp/CMakeFiles/edgellmCore.dir/action/alpamayo1ActionRunner.cpp.o
[ 60%] Building CXX object cpp/CMakeFiles/edgellmCore.dir/runtime/audioLoader.cpp.o
[ 60%] Building CXX object cpp/CMakeFiles/edgellmCore.dir/runtime/audioUtils.cpp.o
[ 60%] Building CXX object cpp/CMakeFiles/edgellmCore.dir/runtime/config/deploymentConfig.cpp.o
[ 60%] Building CXX object cpp/CMakeFiles/edgellmCore.dir/runtime/config/inferenceDims.cpp.o
[ 62%] Building CXX object cpp/CMakeFiles/edgellmCore.dir/runtime/config/llmEngineConfig.cpp.o
[ 62%] Building CXX object cpp/CMakeFiles/edgellmCore.dir/runtime/contextCacheRequest.cpp.o
[ 62%] Building CXX object cpp/CMakeFiles/edgellmCore.dir/runtime/continuousScheduler.cpp.o
[ 63%] Building CXX object cpp/CMakeFiles/edgellmCore.dir/runtime/debug/layerDebugger.cpp.o
[ 63%] Building CXX object cpp/CMakeFiles/edgellmCore.dir/runtime/decoding/blockDiffusionDecoder.cpp.o
[ 63%] Building CXX object cpp/CMakeFiles/edgellmCore.dir/runtime/decoding/decoderRegistry.cpp.o
[ 63%] Building CXX object cpp/CMakeFiles/edgellmCore.dir/runtime/decoding/decoderUtils.cpp.o
[ 65%] Building CXX object cpp/CMakeFiles/edgellmCore.dir/runtime/decoding/dflashDecodeUtils.cpp.o
[ 65%] Building CXX object cpp/CMakeFiles/edgellmCore.dir/runtime/decoding/dflashDecoder.cpp.o
[ 65%] Building CXX object cpp/CMakeFiles/edgellmCore.dir/runtime/decoding/dsparkDecoder.cpp.o
[ 67%] Building CXX object cpp/CMakeFiles/edgellmCore.dir/runtime/decoding/eagleDecoder.cpp.o
[ 67%] Building CXX object cpp/CMakeFiles/edgellmCore.dir/runtime/decoding/gemma4MTPDecoder.cpp.o
[ 67%] Building CXX object cpp/CMakeFiles/edgellmCore.dir/runtime/decoding/logitBias.cpp.o
[ 67%] Building CXX object cpp/CMakeFiles/edgellmCore.dir/runtime/decoding/mtpDecoder.cpp.o
[ 68%] Building CXX object cpp/CMakeFiles/edgellmCore.dir/runtime/decoding/specCommonStateTracker.cpp.o
[ 68%] Building CXX object cpp/CMakeFiles/edgellmCore.dir/runtime/decoding/vanillaDecoder.cpp.o
[ 68%] Building CXX object cpp/CMakeFiles/edgellmCore.dir/runtime/exec/engineExecutor.cpp.o
[ 70%] Building CXX object cpp/CMakeFiles/edgellmCore.dir/runtime/exec/registryBuilder.cpp.o
[ 70%] Building CXX object cpp/CMakeFiles/edgellmCore.dir/runtime/exec/tensorMap.cpp.o
[ 70%] Building CXX object cpp/CMakeFiles/edgellmCore.dir/runtime/exec/tensorRegistry.cpp.o
[ 70%] Building CXX object cpp/CMakeFiles/edgellmCore.dir/runtime/features/deepstackBinding.cpp.o
[ 72%] Building CXX object cpp/CMakeFiles/edgellmCore.dir/runtime/greedySchedulerBackend.cpp.o
[ 72%] Building CXX object cpp/CMakeFiles/edgellmCore.dir/runtime/guidedDecoding.cpp.o
[ 72%] Building CXX object cpp/CMakeFiles/edgellmCore.dir/runtime/hybridCacheManager.cpp.o
[ 74%] Building CXX object cpp/CMakeFiles/edgellmCore.dir/runtime/imageUtils.cpp.o
[ 74%] Building CXX object cpp/CMakeFiles/edgellmCore.dir/runtime/kvCacheManager.cpp.o
/home/ajmalrasi/json-schema-phase4a-20260923/source/cpp/runtime/kvCacheManager.cpp: In constructor ‘trt_edgellm::rt::KVCacheManager::KVCacheManager(const Config&, cudaStream_t)’:
/home/ajmalrasi/json-schema-phase4a-20260923/source/cpp/runtime/kvCacheManager.cpp:30:67: warning: unused parameter ‘stream’ [-Wunused-parameter]
   30 | KVCacheManager::KVCacheManager(Config const& config, cudaStream_t stream)
      |                                                      ~~~~~~~~~~~~~^~~~~~
[ 74%] Building CXX object cpp/CMakeFiles/edgellmCore.dir/runtime/llmInferenceRuntime.cpp.o
[ 74%] Building CXX object cpp/CMakeFiles/edgellmCore.dir/runtime/llmRankRuntime.cpp.o
[ 75%] Building CXX object cpp/CMakeFiles/edgellmCore.dir/runtime/llmRuntimeUtils.cpp.o
[ 75%] Building CXX object cpp/CMakeFiles/edgellmCore.dir/runtime/mambaCacheManager.cpp.o
[ 75%] Building CXX object cpp/CMakeFiles/edgellmCore.dir/runtime/melSpectrogram.cpp.o
[ 75%] Building CXX object cpp/CMakeFiles/edgellmCore.dir/runtime/modelArtifacts.cpp.o
[ 77%] Building CXX object cpp/CMakeFiles/edgellmCore.dir/runtime/multiDevice/backends/nccl/tensorParallelNcclResources.cpp.o
[ 77%] Building CXX object cpp/CMakeFiles/edgellmCore.dir/runtime/multiDevice/collectiveGroup.cpp.o
[ 77%] Building CXX object cpp/CMakeFiles/edgellmCore.dir/runtime/multiDevice/multiDevicePluginCommRegistry.cpp.o
[ 79%] Building CXX object cpp/CMakeFiles/edgellmCore.dir/runtime/multiDevice/multiDevicePluginResourceFactory.cpp.o
[ 79%] Building CXX object cpp/CMakeFiles/edgellmCore.dir/runtime/multiDevice/ncclCollectiveBackend.cpp.o
[ 79%] Building CXX object cpp/CMakeFiles/edgellmCore.dir/runtime/multiDevice/parallelConfig.cpp.o
[ 79%] Building CXX object cpp/CMakeFiles/edgellmCore.dir/runtime/multiDevice/runtimeCoordinator.cpp.o
[ 81%] Building CXX object cpp/CMakeFiles/edgellmCore.dir/runtime/multiDevice/tensorParallelPluginResources.cpp.o
[ 81%] Building CXX object cpp/CMakeFiles/edgellmCore.dir/runtime/preprocess/dartPruner.cpp.o
[ 81%] Building CXX object cpp/CMakeFiles/edgellmCore.dir/runtime/preprocess/embeddingPreprocessor.cpp.o
[ 82%] Building CXX object cpp/CMakeFiles/edgellmCore.dir/runtime/preprocess/gemma4EmbeddingPreprocessor.cpp.o
[ 82%] Building CXX object cpp/CMakeFiles/edgellmCore.dir/runtime/preprocess/stepPreparer.cpp.o
[ 82%] Building CXX object cpp/CMakeFiles/edgellmCore.dir/runtime/preprocess/visualTokenPruner.cpp.o
[ 82%] Building CXX object cpp/CMakeFiles/edgellmCore.dir/runtime/qwen3OmniTTSRuntime.cpp.o
[ 84%] Building CXX object cpp/CMakeFiles/edgellmCore.dir/runtime/sequenceStepRuntime.cpp.o
[ 84%] Building CXX object cpp/CMakeFiles/edgellmCore.dir/runtime/state/contextCache/blockHash.cpp.o
[ 84%] Building CXX object cpp/CMakeFiles/edgellmCore.dir/runtime/state/contextCache/blockIndex.cpp.o
[ 86%] Building CXX object cpp/CMakeFiles/edgellmCore.dir/runtime/state/contextCache/cacheRecord.cpp.o
[ 86%] Building CXX object cpp/CMakeFiles/edgellmCore.dir/runtime/state/contextCache/contextCacheCoordinator.cpp.o
[ 86%] Building CXX object cpp/CMakeFiles/edgellmCore.dir/runtime/state/contextCache/contextCacheDeployment.cpp.o
[ 86%] Building CXX object cpp/CMakeFiles/edgellmCore.dir/runtime/state/contextCache/contextCacheManager.cpp.o
[ 87%] Building CXX object cpp/CMakeFiles/edgellmCore.dir/runtime/state/contextCache/encoderEmbeddingCache.cpp.o
[ 87%] Building CXX object cpp/CMakeFiles/edgellmCore.dir/runtime/state/contextCache/evictionPlanner.cpp.o
[ 87%] Building CXX object cpp/CMakeFiles/edgellmCore.dir/runtime/state/contextCache/hybridSnapshotStorage.cpp.o
[ 89%] Building CXX object cpp/CMakeFiles/edgellmCore.dir/runtime/state/contextCache/resourcePools.cpp.o
[ 89%] Building CXX object cpp/CMakeFiles/edgellmCore.dir/runtime/state/contextCache/reusePlan.cpp.o
[ 89%] Building CXX object cpp/CMakeFiles/edgellmCore.dir/runtime/state/contextCache/specReuseContract.cpp.o
[ 89%] Building CXX object cpp/CMakeFiles/edgellmCore.dir/runtime/state/contextCache/specStatePlan.cpp.o
[ 91%] Building CXX object cpp/CMakeFiles/edgellmCore.dir/runtime/state/decodingInferenceContext.cpp.o
[ 91%] Building CXX object cpp/CMakeFiles/edgellmCore.dir/runtime/state/externalWeightManager.cpp.o
[ 91%] Building CXX object cpp/CMakeFiles/edgellmCore.dir/runtime/state/kvPageTable.cpp.o
[ 93%] Building CXX object cpp/CMakeFiles/edgellmCore.dir/runtime/state/loraManager.cpp.o
[ 93%] Building CXX object cpp/CMakeFiles/edgellmCore.dir/runtime/state/pipelineIO.cpp.o
[ 93%] Building CXX object cpp/CMakeFiles/edgellmCore.dir/runtime/state/ropeCache.cpp.o
[ 93%] Building CXX object cpp/CMakeFiles/edgellmCore.dir/runtime/state/sequenceChannel.cpp.o
[ 94%] Building CXX object cpp/CMakeFiles/edgellmCore.dir/runtime/state/sequencePolicy.cpp.o
[ 94%] Building CXX object cpp/CMakeFiles/edgellmCore.dir/runtime/state/sequenceSlots.cpp.o
[ 94%] Building CXX object cpp/CMakeFiles/edgellmCore.dir/runtime/state/sharedResources.cpp.o
[ 96%] Building CXX object cpp/CMakeFiles/edgellmCore.dir/runtime/streaming.cpp.o
[ 96%] Building CXX object cpp/CMakeFiles/edgellmCore.dir/runtime/weight/checkpointReader.cpp.o
[ 96%] Building CXX object cpp/CMakeFiles/edgellmCore.dir/runtime/weight/checkpointWeightAssemble.cpp.o
[ 96%] Building CXX object cpp/CMakeFiles/edgellmCore.dir/profiling/layerProfiler.cpp.o
[ 98%] Building CXX object cpp/CMakeFiles/edgellmCore.dir/profiling/timer.cpp.o
[ 98%] Building CXX object cpp/CMakeFiles/edgellmCore.dir/tokenizer/preTokenizer.cpp.o
[ 98%] Building CXX object cpp/CMakeFiles/edgellmCore.dir/tokenizer/tokenEncoder.cpp.o
[100%] Building CXX object cpp/CMakeFiles/edgellmCore.dir/tokenizer/tokenizer.cpp.o
[100%] Building CXX object cpp/CMakeFiles/edgellmCore.dir/tokenizer/tokenizerUtils.cpp.o
[100%] Building CXX object cpp/CMakeFiles/edgellmCore.dir/tokenizer/unicodeData.cpp.o
[100%] Linking CXX static library libedgellmCore.a
[100%] Built target edgellmCore
PHASE4A_CORE_BUILD=passed
2026-09-23T01:05:47+05:30
